// Auto-generated DEF CON 34 logo (RGB565 200x200), circuits recolored to
// fluo celeste/fucsia. LVGL 9 image descriptor. Do not hand-edit.
#include "lvgl.h"

static const uint8_t defcon_map[80000] = {
  0x00,0x00,0x00,0x00,0x00,0x00,0x00,0x00,0x00,0x00,0x00,0x00,0x00,0x00,0x00,0x00,0x00,0x00,0x00,0x00,0x00,0x00,0x00,0x00,
  0x00,0x00,0x00,0x00,0x00,0x00,0x00,0x00,0x00,0x00,0x00,0x00,0x00,0x00,0x00,0x00,0x00,0x00,0x00,0x00,0x00,0x00,0x00,0x00,
  0x00,0x00,0x00,0x00,0x00,0x00,0x00,0x00,0x00,0x00,0x00,0x00,0x00,0x00,0x00,0x00,0x00,0x00,0x00,0x00,0x00,0x00,0x00,0x00,
  0x00,0x00,0x00,0x00,0x00,0x00,0x00,0x00,0x00,0x00,0x00,0x00,0x00,0x00,0x00,0x00,0x00,0x00,0x00,0x00,0x00,0x00,0x00,0x00,
  0x00,0x00,0x00,0x00,0x00,0x00,0x00,0x00,0x00,0x00,0x00,0x00,0x00,0x00,0x00,0x00,0x00,0x00,0x00,0x00,0x00,0x00,0x00,0x00,
  0x00,0x00,0x00,0x00,0x00,0x00,0x00,0x00,0x00,0x00,0x00,0x00,0x00,0x00,0x00,0x00,0x00,0x00,0x00,0x00,0x00,0x00,0x00,0x00,
  0x00,0x00,0x00,0x00,0x00,0x00,0x00,0x00,0x00,0x00,0x00,0x00,0x00,0x00,0x00,0x00,0x00,0x00,0x00,0x00,0x00,0x00,0x00,0x00,
  0x00,0x00,0x00,0x00,0x00,0x00,0x00,0x00,0x00,0x00,0x00,0x00,0x00,0x00,0x00,0x00,0x00,0x00,0x00,0x00,0x00,0x00,0x00,0x00,
  0x00,0x00,0x00,0x00,0x00,0x00,0x00,0x00,0x00,0x00,0x00,0x00,0x00,0x00,0x00,0x00,0x00,0x00,0x00,0x00,0x00,0x00,0x00,0x00,
  0x00,0x00,0x00,0x00,0x00,0x00,0x00,0x00,0x00,0x00,0x00,0x00,0x00,0x00,0x00,0x00,0x00,0x00,0x00,0x00,0x00,0x00,0x00,0x00,
  0x00,0x00,0x00,0x00,0x00,0x00,0x00,0x00,0x00,0x00,0x00,0x00,0x00,0x00,0x00,0x00,0x00,0x00,0x00,0x00,0x00,0x00,0x00,0x00,
  0x00,0x00,0x00,0x00,0x00,0x00,0x00,0x00,0x00,0x00,0x00,0x00,0x00,0x00,0x00,0x00,0x00,0x00,0x00,0x00,0x00,0x00,0x00,0x00,
  0x00,0x00,0x00,0x00,0x00,0x00,0x00,0x00,0x00,0x00,0x00,0x00,0x00,0x00,0x00,0x00,0x00,0x00,0x00,0x00,0x00,0x00,0x00,0x00,
  0x00,0x00,0x00,0x00,0x00,0x00,0x00,0x00,0x00,0x00,0x00,0x00,0x00,0x00,0x00,0x00,0x00,0x00,0x00,0x00,0x00,0x00,0x00,0x00,
  0x00,0x00,0x00,0x00,0x00,0x00,0x00,0x00,0x00,0x00,0x00,0x00,0x00,0x00,0x00,0x00,0x00,0x00,0x00,0x00,0x00,0x00,0x00,0x00,
  0x00,0x00,0x00,0x00,0x00,0x00,0x00,0x00,0x00,0x00,0x00,0x00,0x00,0x00,0x00,0x00,0x00,0x00,0x00,0x00,0x00,0x00,0x00,0x00,
  0x00,0x00,0x00,0x00,0x00,0x00,0x00,0x00,0x00,0x00,0x00,0x00,0x00,0x00,0x00,0x00,0x00,0x00,0x00,0x00,0x00,0x00,0x00,0x00,
  0x00,0x00,0x00,0x00,0x00,0x00,0x00,0x00,0x00,0x00,0x00,0x00,0x00,0x00,0x00,0x00,0x00,0x00,0x00,0x00,0x00,0x00,0x00,0x00,
  0x00,0x00,0x00,0x00,0x00,0x00,0x00,0x00,0x00,0x00,0x00,0x00,0x00,0x00,0x00,0x00,0x00,0x00,0x00,0x00,0x00,0x00,0x00,0x00,
  0x00,0x00,0x00,0x00,0x00,0x00,0x00,0x00,0x00,0x00,0x00,0x00,0x00,0x00,0x00,0x00,0x00,0x00,0x00,0x00,0x00,0x00,0x00,0x00,
  0x00,0x00,0x00,0x00,0x00,0x00,0x00,0x00,0x00,0x00,0x00,0x00,0x00,0x00,0x00,0x00,0x00,0x00,0x00,0x00,0x00,0x00,0x00,0x00,
  0x00,0x00,0x00,0x00,0x00,0x00,0x00,0x00,0x00,0x00,0x00,0x00,0x00,0x00,0x00,0x00,0x00,0x00,0x00,0x00,0x00,0x00,0x00,0x00,
  0x00,0x00,0x00,0x00,0x00,0x00,0x00,0x00,0x00,0x00,0x00,0x00,0x00,0x00,0x00,0x00,0x00,0x00,0x00,0x00,0x00,0x00,0x00,0x00,
  0x00,0x00,0x00,0x00,0x00,0x00,0x00,0x00,0x00,0x00,0x00,0x00,0x00,0x00,0x00,0x00,0x00,0x00,0x00,0x00,0x00,0x00,0x00,0x00,
  0x00,0x00,0x00,0x00,0x00,0x00,0x00,0x00,0x00,0x00,0x00,0x00,0x00,0x00,0x00,0x00,0x00,0x00,0x00,0x00,0x00,0x00,0x00,0x00,
  0x00,0x00,0x00,0x00,0x00,0x00,0x00,0x00,0x00,0x00,0x00,0x00,0x00,0x00,0x00,0x00,0x00,0x00,0x00,0x00,0x00,0x00,0x00,0x00,
  0x00,0x00,0x00,0x00,0x00,0x00,0x00,0x00,0x00,0x00,0x00,0x00,0x00,0x00,0x00,0x00,0x00,0x00,0x00,0x00,0x00,0x00,0x00,0x00,
  0x00,0x00,0x00,0x00,0x00,0x00,0x00,0x00,0x00,0x00,0x00,0x00,0x00,0x00,0x00,0x00,0x00,0x00,0x00,0x00,0x00,0x00,0x00,0x00,
  0x00,0x00,0x00,0x00,0x00,0x00,0x00,0x00,0x00,0x00,0x00,0x00,0x00,0x00,0x00,0x00,0x00,0x00,0x00,0x00,0x00,0x00,0x00,0x00,
  0x00,0x00,0x00,0x00,0x00,0x00,0x00,0x00,0x00,0x00,0x00,0x00,0x00,0x00,0x00,0x00,0x00,0x00,0x00,0x00,0x00,0x00,0x00,0x00,
  0x00,0x00,0x00,0x00,0x00,0x00,0x00,0x00,0x00,0x00,0x00,0x00,0x00,0x00,0x00,0x00,0x00,0x00,0x00,0x00,0x00,0x00,0x00,0x00,
  0x00,0x00,0x00,0x00,0x00,0x00,0x00,0x00,0x00,0x00,0x00,0x00,0x00,0x00,0x00,0x00,0x00,0x00,0x00,0x00,0x00,0x00,0x00,0x00,
  0x00,0x00,0x00,0x00,0x00,0x00,0x00,0x00,0x00,0x00,0x00,0x00,0x00,0x00,0x00,0x00,0x00,0x00,0x00,0x00,0x00,0x00,0x00,0x00,
  0x00,0x00,0x00,0x00,0x00,0x00,0x00,0x00,0x00,0x00,0x00,0x00,0x00,0x00,0x00,0x00,0x00,0x00,0x00,0x00,0x00,0x00,0x00,0x00,
  0x00,0x00,0x00,0x00,0x00,0x00,0x00,0x00,0x00,0x00,0x00,0x00,0x00,0x00,0x00,0x00,0x00,0x00,0x00,0x00,0x00,0x00,0x00,0x00,
  0x00,0x00,0x00,0x00,0x00,0x00,0x00,0x00,0x00,0x00,0x00,0x00,0x00,0x00,0x00,0x00,0x00,0x00,0x00,0x00,0x00,0x00,0x00,0x00,
  0x00,0x00,0x00,0x00,0x00,0x00,0x00,0x00,0x00,0x00,0x00,0x00,0x00,0x00,0x00,0x00,0x00,0x00,0x00,0x00,0x00,0x00,0x00,0x00,
  0x00,0x00,0x00,0x00,0x00,0x00,0x00,0x00,0x00,0x00,0x00,0x00,0x00,0x00,0x00,0x00,0x00,0x00,0x00,0x00,0x00,0x00,0x00,0x00,
  0x00,0x00,0x00,0x00,0x00,0x00,0x00,0x00,0x00,0x00,0x00,0x00,0x00,0x00,0x00,0x00,0x00,0x00,0x00,0x00,0x00,0x00,0x00,0x00,
  0x00,0x00,0x00,0x00,0x00,0x00,0x00,0x00,0x00,0x00,0x00,0x00,0x00,0x00,0x00,0x00,0x00,0x00,0x00,0x00,0x00,0x00,0x00,0x00,
  0x00,0x00,0x00,0x00,0x00,0x00,0x00,0x00,0x00,0x00,0x00,0x00,0x00,0x00,0x00,0x00,0x00,0x00,0x00,0x00,0x00,0x00,0x00,0x00,
  0x00,0x00,0x00,0x00,0x00,0x00,0x00,0x00,0x00,0x00,0x00,0x00,0x00,0x00,0x00,0x00,0x00,0x00,0x00,0x00,0x00,0x00,0x00,0x00,
  0x00,0x00,0x00,0x00,0x00,0x00,0x00,0x00,0x00,0x00,0x00,0x00,0x00,0x00,0x00,0x00,0x00,0x00,0x00,0x00,0x00,0x00,0x00,0x00,
  0x00,0x00,0x00,0x00,0x00,0x00,0x00,0x00,0x00,0x00,0x00,0x00,0x00,0x00,0x00,0x00,0x00,0x00,0x00,0x00,0x00,0x00,0x00,0x00,
  0x00,0x00,0x00,0x00,0x00,0x00,0x00,0x00,0x00,0x00,0x00,0x00,0x00,0x00,0x00,0x00,0x00,0x00,0x00,0x00,0x00,0x00,0x00,0x00,
  0x00,0x00,0x00,0x00,0x00,0x00,0x00,0x00,0x00,0x00,0x00,0x00,0x00,0x00,0x00,0x00,0x00,0x00,0x00,0x00,0x00,0x00,0x00,0x00,
  0x00,0x00,0x00,0x00,0x00,0x00,0x00,0x00,0x00,0x00,0x00,0x00,0x00,0x00,0x00,0x00,0x00,0x00,0x00,0x00,0x00,0x00,0x00,0x00,
  0x00,0x00,0x00,0x00,0x00,0x00,0x00,0x00,0x00,0x00,0x00,0x00,0x00,0x00,0x00,0x00,0x00,0x00,0x00,0x00,0x00,0x00,0x00,0x00,
  0x00,0x00,0x00,0x00,0x00,0x00,0x00,0x00,0x00,0x00,0x00,0x00,0x00,0x00,0x00,0x00,0x00,0x00,0x00,0x00,0x00,0x00,0x00,0x00,
  0x00,0x00,0x00,0x00,0x00,0x00,0x00,0x00,0x00,0x00,0x00,0x00,0x00,0x00,0x00,0x00,0x00,0x00,0x00,0x00,0x00,0x00,0x00,0x00,
  0x00,0x00,0x00,0x00,0x00,0x00,0x00,0x00,0x00,0x00,0x00,0x00,0x00,0x00,0x00,0x00,0x00,0x00,0x00,0x00,0x00,0x00,0x00,0x00,
  0x00,0x00,0x00,0x00,0x00,0x00,0x00,0x00,0x00,0x00,0x00,0x00,0x00,0x00,0x00,0x00,0x00,0x00,0x00,0x00,0x00,0x00,0x00,0x00,
  0x00,0x00,0x00,0x00,0x00,0x00,0x00,0x00,0x00,0x00,0x00,0x00,0x00,0x00,0x00,0x00,0x00,0x00,0x00,0x00,0x00,0x00,0x00,0x00,
  0x00,0x00,0x00,0x00,0x00,0x00,0x00,0x00,0x00,0x00,0x00,0x00,0x00,0x00,0x00,0x00,0x00,0x00,0x00,0x00,0x00,0x00,0x00,0x00,
  0x00,0x00,0x00,0x00,0x00,0x00,0x00,0x00,0x00,0x00,0x00,0x00,0x00,0x00,0x00,0x00,0x00,0x00,0x00,0x00,0x00,0x00,0x00,0x00,
  0x00,0x00,0x00,0x00,0x00,0x00,0x00,0x00,0x00,0x00,0x00,0x00,0x00,0x00,0x00,0x00,0x00,0x00,0x00,0x00,0x00,0x00,0x00,0x00,
  0x00,0x00,0x00,0x00,0x00,0x00,0x00,0x00,0x00,0x00,0x00,0x00,0x00,0x00,0x00,0x00,0x00,0x00,0x00,0x00,0x00,0x00,0x00,0x00,
  0x00,0x00,0x00,0x00,0x00,0x00,0x00,0x00,0x00,0x00,0x00,0x00,0x00,0x00,0x00,0x00,0x00,0x00,0x00,0x00,0x00,0x00,0x00,0x00,
  0x00,0x00,0x00,0x00,0x00,0x00,0x00,0x00,0x00,0x00,0x00,0x00,0x00,0x00,0x00,0x00,0x00,0x00,0x00,0x00,0x00,0x00,0x00,0x00,
  0x00,0x00,0x00,0x00,0x00,0x00,0x00,0x00,0x00,0x00,0x00,0x00,0x00,0x00,0x00,0x00,0x00,0x00,0x00,0x00,0x00,0x00,0x00,0x00,
  0x00,0x00,0x00,0x00,0x00,0x00,0x00,0x00,0x00,0x00,0x00,0x00,0x00,0x00,0x00,0x00,0x00,0x00,0x00,0x00,0x00,0x00,0x00,0x00,
  0x00,0x00,0x00,0x00,0x00,0x00,0x00,0x00,0x00,0x00,0x00,0x00,0x00,0x00,0x00,0x00,0x00,0x00,0x00,0x00,0x00,0x00,0x00,0x00,
  0x00,0x00,0x00,0x00,0x00,0x00,0x00,0x00,0x00,0x00,0x00,0x00,0x00,0x00,0x00,0x00,0x00,0x00,0x00,0x00,0x00,0x00,0x00,0x00,
  0x00,0x00,0x00,0x00,0x00,0x00,0x00,0x00,0x00,0x00,0x00,0x00,0x00,0x00,0x00,0x00,0x00,0x00,0x00,0x00,0x00,0x00,0x00,0x00,
  0x00,0x00,0x00,0x00,0x00,0x00,0x00,0x00,0x00,0x00,0x00,0x00,0x00,0x00,0x00,0x00,0x00,0x00,0x00,0x00,0x00,0x00,0x00,0x00,
  0x00,0x00,0x00,0x00,0x00,0x00,0x00,0x00,0x00,0x00,0x00,0x00,0x00,0x00,0x00,0x00,0x00,0x00,0x00,0x00,0x00,0x00,0x00,0x00,
  0x00,0x00,0x00,0x00,0x00,0x00,0x00,0x00,0x00,0x00,0x00,0x00,0x00,0x00,0x00,0x00,0x00,0x00,0x00,0x00,0x00,0x00,0x00,0x00,
  0x00,0x00,0x00,0x00,0x00,0x00,0x00,0x00,0x00,0x00,0x00,0x00,0x00,0x00,0x00,0x00,0x00,0x00,0x00,0x00,0x00,0x00,0x00,0x00,
  0x00,0x00,0x00,0x00,0x00,0x00,0x00,0x00,0x00,0x00,0x00,0x00,0x00,0x00,0x00,0x00,0x00,0x00,0x00,0x00,0x00,0x00,0x00,0x00,
  0x00,0x00,0x00,0x00,0x00,0x00,0x00,0x00,0x00,0x00,0x00,0x00,0x00,0x00,0x00,0x00,0x00,0x00,0x00,0x00,0x00,0x00,0x00,0x00,
  0x00,0x00,0x00,0x00,0x00,0x00,0x00,0x00,0x00,0x00,0x00,0x00,0x00,0x00,0x00,0x00,0x00,0x00,0x00,0x00,0x00,0x00,0x00,0x00,
  0x00,0x00,0x00,0x00,0x00,0x00,0x00,0x00,0x00,0x00,0x00,0x00,0x00,0x00,0x00,0x00,0x00,0x00,0x00,0x00,0x00,0x00,0x00,0x00,
  0x00,0x00,0x00,0x00,0x00,0x00,0x00,0x00,0x00,0x00,0x00,0x00,0x00,0x00,0x00,0x00,0x00,0x00,0x00,0x00,0x00,0x00,0x00,0x00,
  0x00,0x00,0x00,0x00,0x00,0x00,0x00,0x00,0x00,0x00,0x00,0x00,0x00,0x00,0x00,0x00,0x00,0x00,0x00,0x00,0x00,0x00,0x00,0x00,
  0x00,0x00,0x00,0x00,0x00,0x00,0x00,0x00,0x00,0x00,0x00,0x00,0x00,0x00,0x00,0x00,0x00,0x00,0x00,0x00,0x00,0x00,0x00,0x00,
  0x00,0x00,0x00,0x00,0x00,0x00,0x00,0x00,0x00,0x00,0x00,0x00,0x00,0x00,0x00,0x00,0x00,0x00,0x00,0x00,0x00,0x00,0x00,0x00,
  0x00,0x00,0x00,0x00,0x00,0x00,0x00,0x00,0x00,0x00,0x00,0x00,0x00,0x00,0x00,0x00,0x00,0x00,0x00,0x00,0x00,0x00,0x00,0x00,
  0x00,0x00,0x00,0x00,0x00,0x00,0x00,0x00,0x00,0x00,0x00,0x00,0x00,0x00,0x00,0x00,0x00,0x00,0x00,0x00,0x00,0x00,0x00,0x00,
  0x00,0x00,0x00,0x00,0x00,0x00,0x00,0x00,0x00,0x00,0x00,0x00,0x00,0x00,0x00,0x00,0x00,0x00,0x00,0x00,0x00,0x00,0x00,0x00,
  0x00,0x00,0x00,0x00,0x00,0x00,0x00,0x00,0x00,0x00,0x00,0x00,0x00,0x00,0x00,0x00,0x00,0x00,0x00,0x00,0x00,0x00,0x00,0x00,
  0x00,0x00,0x00,0x00,0x00,0x00,0x00,0x00,0x00,0x00,0x00,0x00,0x00,0x00,0x00,0x00,0x00,0x00,0x00,0x00,0x00,0x00,0x00,0x00,
  0x00,0x00,0x00,0x00,0x00,0x00,0x00,0x00,0x00,0x00,0x00,0x00,0x00,0x00,0x00,0x00,0x00,0x00,0x00,0x00,0x00,0x00,0x00,0x00,
  0x00,0x00,0x00,0x00,0x00,0x00,0x00,0x00,0x00,0x00,0x00,0x00,0x00,0x00,0x00,0x00,0x00,0x00,0x00,0x00,0x00,0x00,0x00,0x00,
  0x00,0x00,0x00,0x00,0x00,0x00,0x00,0x00,0x00,0x00,0x00,0x00,0x00,0x00,0x00,0x00,0x00,0x00,0x00,0x00,0x00,0x00,0x00,0x00,
  0x00,0x00,0x00,0x00,0x00,0x00,0x00,0x00,0x00,0x00,0x00,0x00,0x00,0x00,0x00,0x00,0x00,0x00,0x00,0x00,0x00,0x00,0x00,0x00,
  0x00,0x00,0x00,0x00,0x00,0x00,0x00,0x00,0x00,0x00,0x00,0x00,0x00,0x00,0x00,0x00,0x00,0x00,0x00,0x00,0x00,0x00,0x00,0x00,
  0x00,0x00,0x00,0x00,0x00,0x00,0x00,0x00,0x00,0x00,0x00,0x00,0x00,0x00,0x00,0x00,0x00,0x00,0x00,0x00,0x00,0x00,0x00,0x00,
  0x00,0x00,0x00,0x00,0x00,0x00,0x00,0x00,0x00,0x00,0x00,0x00,0x00,0x00,0x00,0x00,0x00,0x00,0x00,0x00,0x00,0x00,0x00,0x00,
  0x00,0x00,0x00,0x00,0x00,0x00,0x00,0x00,0x00,0x00,0x00,0x00,0x00,0x00,0x00,0x00,0x00,0x00,0x00,0x00,0x00,0x00,0x00,0x00,
  0x00,0x00,0x00,0x00,0x00,0x00,0x00,0x00,0x00,0x00,0x00,0x00,0x00,0x00,0x00,0x00,0x00,0x00,0x00,0x00,0x00,0x00,0x00,0x00,
  0x00,0x00,0x00,0x00,0x00,0x00,0x00,0x00,0x00,0x00,0x00,0x00,0x00,0x00,0x00,0x00,0x00,0x00,0x00,0x00,0x00,0x00,0x00,0x00,
  0x00,0x00,0x00,0x00,0x00,0x00,0x00,0x00,0x00,0x00,0x00,0x00,0x00,0x00,0x00,0x00,0x00,0x00,0x00,0x00,0x00,0x00,0x00,0x00,
  0x00,0x00,0x00,0x00,0x00,0x00,0x00,0x00,0x00,0x00,0x00,0x00,0x00,0x00,0x00,0x00,0x00,0x00,0x00,0x00,0x00,0x00,0x00,0x00,
  0x00,0x00,0x00,0x00,0x00,0x00,0x00,0x00,0x00,0x00,0x00,0x00,0x00,0x00,0x00,0x00,0x00,0x00,0x00,0x00,0x00,0x00,0x00,0x00,
  0x00,0x00,0x00,0x00,0x00,0x00,0x00,0x00,0x00,0x00,0x00,0x00,0x00,0x00,0x00,0x00,0x00,0x00,0x00,0x00,0x00,0x00,0x00,0x00,
  0x00,0x00,0x00,0x00,0x00,0x00,0x00,0x00,0x00,0x00,0x00,0x00,0x00,0x00,0x00,0x00,0x00,0x00,0x00,0x00,0x00,0x00,0x00,0x00,
  0x00,0x00,0x00,0x00,0x00,0x00,0x00,0x00,0x00,0x00,0x00,0x00,0x00,0x00,0x00,0x00,0x00,0x00,0x00,0x00,0x00,0x00,0x00,0x00,
  0x00,0x00,0x00,0x00,0x00,0x00,0x00,0x00,0x00,0x00,0x00,0x00,0x00,0x00,0x00,0x00,0x00,0x00,0x00,0x00,0x00,0x00,0x00,0x00,
  0x00,0x00,0x00,0x00,0x00,0x00,0x00,0x00,0x00,0x00,0x00,0x00,0x00,0x00,0x00,0x00,0x00,0x00,0x00,0x00,0x00,0x00,0x00,0x00,
  0x00,0x00,0x00,0x00,0x00,0x00,0x00,0x00,0x00,0x00,0x00,0x00,0x00,0x00,0x00,0x00,0x00,0x00,0x00,0x00,0x00,0x00,0x00,0x00,
  0x00,0x00,0x00,0x00,0x00,0x00,0x00,0x00,0x00,0x00,0x00,0x00,0x00,0x00,0x00,0x00,0x00,0x00,0x00,0x00,0x00,0x00,0x00,0x00,
  0x00,0x00,0x00,0x00,0x00,0x00,0x00,0x00,0x00,0x00,0x00,0x00,0x00,0x00,0x00,0x00,0x00,0x00,0x00,0x00,0x00,0x00,0x00,0x00,
  0x00,0x00,0x00,0x00,0x00,0x00,0x00,0x00,0x00,0x00,0x00,0x00,0x00,0x00,0x00,0x00,0x00,0x00,0x00,0x00,0x00,0x00,0x00,0x00,
  0x00,0x00,0x00,0x00,0x00,0x00,0x00,0x00,0x00,0x00,0x00,0x00,0x00,0x00,0x00,0x00,0x00,0x00,0x00,0x00,0x00,0x00,0x00,0x00,
  0x00,0x00,0x00,0x00,0x00,0x00,0x00,0x00,0x00,0x00,0x00,0x00,0x00,0x00,0x00,0x00,0x00,0x00,0x00,0x00,0x00,0x00,0x00,0x00,
  0x00,0x00,0x00,0x00,0x00,0x00,0x00,0x00,0x00,0x00,0x00,0x00,0x00,0x00,0x00,0x00,0x00,0x00,0x00,0x00,0x00,0x00,0x00,0x00,
  0x00,0x00,0x00,0x00,0x00,0x00,0x00,0x00,0x00,0x00,0x00,0x00,0x00,0x00,0x00,0x00,0x00,0x00,0x00,0x00,0x00,0x00,0x00,0x00,
  0x00,0x00,0x00,0x00,0x00,0x00,0x00,0x00,0x00,0x00,0x00,0x00,0x00,0x00,0x00,0x00,0x00,0x00,0x00,0x00,0x00,0x00,0x00,0x00,
  0x00,0x00,0x00,0x00,0x00,0x00,0x00,0x00,0x00,0x00,0x00,0x00,0x00,0x00,0x00,0x00,0x00,0x00,0x00,0x00,0x00,0x00,0x00,0x00,
  0x00,0x00,0x00,0x00,0x00,0x00,0x00,0x00,0x00,0x00,0x00,0x00,0x00,0x00,0x00,0x00,0x00,0x00,0x00,0x00,0x00,0x00,0x00,0x00,
  0x00,0x00,0x00,0x00,0x00,0x00,0x00,0x00,0x00,0x00,0x00,0x00,0x00,0x00,0x00,0x00,0x00,0x00,0x00,0x00,0x00,0x00,0x00,0x00,
  0x00,0x00,0x00,0x00,0x00,0x00,0x00,0x00,0x00,0x00,0x00,0x00,0x00,0x00,0x00,0x00,0x00,0x00,0x00,0x00,0x00,0x00,0x00,0x00,
  0x00,0x00,0x00,0x00,0x00,0x00,0x00,0x00,0x00,0x00,0x00,0x00,0x00,0x00,0x00,0x00,0x00,0x00,0x00,0x00,0x00,0x00,0x00,0x00,
  0x00,0x00,0x00,0x00,0x00,0x00,0x00,0x00,0x00,0x00,0x00,0x00,0x00,0x00,0x00,0x00,0x00,0x00,0x00,0x00,0x00,0x00,0x00,0x00,
  0x00,0x00,0x00,0x00,0x00,0x00,0x00,0x00,0x00,0x00,0x00,0x00,0x00,0x00,0x00,0x00,0x00,0x00,0x00,0x00,0x00,0x00,0x00,0x00,
  0x00,0x00,0x00,0x00,0x00,0x00,0x00,0x00,0x00,0x00,0x00,0x00,0x00,0x00,0x00,0x00,0x00,0x00,0x00,0x00,0x00,0x00,0x00,0x00,
  0x00,0x00,0x00,0x00,0x00,0x00,0x00,0x00,0x00,0x00,0x00,0x00,0x00,0x00,0x00,0x00,0x00,0x00,0x00,0x00,0x00,0x00,0x00,0x00,
  0x00,0x00,0x00,0x00,0x00,0x00,0x00,0x00,0x00,0x00,0x00,0x00,0x00,0x00,0x00,0x00,0x00,0x00,0x00,0x00,0x00,0x00,0x00,0x00,
  0x00,0x00,0x00,0x00,0x00,0x00,0x00,0x00,0x00,0x00,0x00,0x00,0x00,0x00,0x00,0x00,0x00,0x00,0x00,0x00,0x00,0x00,0x00,0x00,
  0x00,0x00,0x00,0x00,0x00,0x00,0x00,0x00,0x00,0x00,0x00,0x00,0x00,0x00,0x00,0x00,0x00,0x00,0x00,0x00,0x00,0x00,0x00,0x00,
  0x00,0x00,0x00,0x00,0x00,0x00,0x00,0x00,0x00,0x00,0x00,0x00,0x00,0x00,0x00,0x00,0x00,0x00,0x00,0x00,0x00,0x00,0x00,0x00,
  0x00,0x00,0x00,0x00,0x00,0x00,0x00,0x00,0x00,0x00,0x00,0x00,0x00,0x00,0x00,0x00,0x00,0x00,0x00,0x00,0x00,0x00,0x00,0x00,
  0x00,0x00,0x00,0x00,0x00,0x00,0x00,0x00,0x00,0x00,0x00,0x00,0x00,0x00,0x00,0x00,0x00,0x00,0x00,0x00,0x00,0x00,0x00,0x00,
  0x00,0x00,0x00,0x00,0x00,0x00,0x00,0x00,0x00,0x00,0x00,0x00,0x00,0x00,0x00,0x00,0x00,0x00,0x00,0x00,0x00,0x00,0x00,0x00,
  0x00,0x00,0x00,0x00,0x00,0x00,0x00,0x00,0x00,0x00,0x00,0x00,0x00,0x00,0x00,0x00,0x00,0x00,0x00,0x00,0x00,0x00,0x00,0x00,
  0xc8,0x01,0xa7,0x01,0x00,0x00,0x00,0x00,0x00,0x00,0x00,0x00,0x00,0x00,0x00,0x00,0x00,0x00,0x00,0x00,0x00,0x00,0x00,0x00,
  0x00,0x00,0x00,0x00,0x00,0x00,0x00,0x00,0x00,0x00,0x00,0x00,0x00,0x00,0x00,0x00,0x00,0x00,0x00,0x00,0x00,0x00,0x00,0x00,
  0x00,0x00,0x00,0x00,0x00,0x00,0x00,0x00,0x00,0x00,0x00,0x00,0x00,0x00,0x00,0x00,0x00,0x00,0x00,0x00,0x00,0x00,0x00,0x00,
  0x00,0x00,0x00,0x00,0x00,0x00,0x00,0x00,0x00,0x00,0x00,0x00,0x00,0x00,0x00,0x00,0x00,0x00,0x00,0x00,0x00,0x00,0x00,0x00,
  0x00,0x00,0x00,0x00,0x00,0x00,0x00,0x00,0x00,0x00,0x00,0x00,0x00,0x00,0x00,0x00,0x00,0x00,0x00,0x00,0x00,0x00,0x00,0x00,
  0x00,0x00,0x00,0x00,0x00,0x00,0x00,0x00,0x00,0x00,0x00,0x00,0x00,0x00,0x00,0x00,0x00,0x00,0x00,0x00,0x00,0x00,0x00,0x00,
  0x00,0x00,0x00,0x00,0x00,0x00,0x00,0x00,0x00,0x00,0x00,0x00,0x00,0x00,0x00,0x00,0x00,0x00,0x00,0x00,0x00,0x00,0x00,0x00,
  0x00,0x00,0x00,0x00,0x00,0x00,0x00,0x00,0x00,0x00,0x00,0x00,0x00,0x00,0x00,0x00,0x00,0x00,0x00,0x00,0x00,0x00,0x00,0x00,
  0x00,0x00,0x00,0x00,0x00,0x00,0x00,0x00,0x00,0x00,0x00,0x00,0x00,0x00,0x00,0x00,0x00,0x00,0x00,0x00,0x00,0x00,0x00,0x00,
  0x00,0x00,0x00,0x00,0x00,0x00,0x00,0x00,0x00,0x00,0x00,0x00,0x00,0x00,0x00,0x00,0x00,0x00,0x00,0x00,0x00,0x00,0x00,0x00,
  0x00,0x00,0x00,0x00,0x00,0x00,0x00,0x00,0x00,0x00,0x00,0x00,0x00,0x00,0x00,0x00,0x00,0x00,0x00,0x00,0x00,0x00,0x00,0x00,
  0x00,0x00,0x00,0x00,0x00,0x00,0x00,0x00,0x00,0x00,0x00,0x00,0x00,0x00,0x00,0x00,0x00,0x00,0x00,0x00,0x00,0x00,0x00,0x00,
  0x00,0x00,0x00,0x00,0x00,0x00,0x00,0x00,0x00,0x00,0x00,0x00,0x00,0x00,0x00,0x00,0x00,0x00,0x00,0x00,0x00,0x00,0x00,0x00,
  0x00,0x00,0x00,0x00,0x00,0x00,0x00,0x00,0x00,0x00,0x00,0x00,0x00,0x00,0x00,0x00,0x00,0x00,0x00,0x00,0x00,0x00,0x00,0x00,
  0x00,0x00,0x00,0x00,0x00,0x00,0x00,0x00,0x00,0x00,0x00,0x00,0x00,0x00,0x00,0x00,0x00,0x00,0x00,0x00,0x00,0x00,0x00,0x00,
  0x00,0x00,0x00,0x00,0x00,0x00,0x00,0x00,0x00,0x00,0x00,0x00,0x00,0x00,0x00,0x00,0x00,0x00,0x00,0x00,0x00,0x00,0x00,0x00,
  0x00,0x00,0x00,0x00,0x00,0x00,0x00,0x00,0x00,0x00,0x00,0x00,0x00,0x00,0xa7,0x01,0x78,0x05,0xb9,0x05,0x29,0x02,0x00,0x00,
  0x00,0x00,0x00,0x00,0x00,0x00,0x00,0x00,0x00,0x00,0x00,0x00,0x00,0x00,0x00,0x00,0x00,0x00,0x00,0x00,0x00,0x00,0x00,0x00,
  0x00,0x00,0x00,0x00,0x00,0x00,0x00,0x00,0x00,0x00,0x00,0x00,0x00,0x00,0x00,0x00,0x00,0x00,0x00,0x00,0x00,0x00,0x00,0x00,
  0x00,0x00,0x00,0x00,0x00,0x00,0x00,0x00,0x00,0x00,0x00,0x00,0x00,0x00,0x00,0x00,0x00,0x00,0x00,0x00,0x00,0x00,0x00,0x00,
  0x00,0x00,0x00,0x00,0x00,0x00,0x00,0x00,0x00,0x00,0x00,0x00,0x00,0x00,0x00,0x00,0x00,0x00,0x00,0x00,0x00,0x00,0x00,0x00,
  0x00,0x00,0x00,0x00,0x00,0x00,0x00,0x00,0x00,0x00,0x00,0x00,0x00,0x00,0x00,0x00,0x00,0x00,0x00,0x00,0x00,0x00,0x00,0x00,
  0x00,0x00,0x00,0x00,0x00,0x00,0x00,0x00,0x00,0x00,0x00,0x00,0x00,0x00,0x00,0x00,0x00,0x00,0x00,0x00,0x00,0x00,0x00,0x00,
  0x00,0x00,0x00,0x00,0x00,0x00,0x00,0x00,0x00,0x00,0x00,0x00,0x00,0x00,0x00,0x00,0x00,0x00,0x00,0x00,0x00,0x00,0x00,0x00,
  0x00,0x00,0x00,0x00,0x00,0x00,0x00,0x00,0x00,0x00,0x00,0x00,0x00,0x00,0x00,0x00,0x00,0x00,0x00,0x00,0x00,0x00,0x00,0x00,
  0x00,0x00,0x00,0x00,0x00,0x00,0x00,0x00,0x00,0x00,0x00,0x00,0x00,0x00,0x00,0x00,0x00,0x00,0x00,0x00,0x00,0x00,0x00,0x00,
  0x00,0x00,0x00,0x00,0x00,0x00,0x00,0x00,0x00,0x00,0x00,0x00,0x00,0x00,0x00,0x00,0x00,0x00,0x00,0x00,0x00,0x00,0x00,0x00,
  0x00,0x00,0x00,0x00,0x00,0x00,0x00,0x00,0x00,0x00,0x00,0x00,0x00,0x00,0x00,0x00,0x00,0x00,0x00,0x00,0x00,0x00,0x00,0x00,
  0x00,0x00,0x00,0x00,0x00,0x00,0x00,0x00,0x00,0x00,0x00,0x00,0x00,0x00,0x00,0x00,0x00,0x00,0x00,0x00,0x00,0x00,0x00,0x00,
  0x00,0x00,0x00,0x00,0x00,0x00,0x00,0x00,0x00,0x00,0x00,0x00,0x00,0x00,0x00,0x00,0x00,0x00,0x00,0x00,0x00,0x00,0x00,0x00,
  0x00,0x00,0x00,0x00,0x00,0x00,0x00,0x00,0x00,0x00,0x00,0x00,0x00,0x00,0x00,0x00,0x00,0x00,0x00,0x00,0x00,0x00,0x00,0x00,
  0x00,0x00,0x00,0x00,0x00,0x00,0x00,0x00,0x00,0x00,0x00,0x00,0x00,0x00,0x00,0x00,0x00,0x00,0x00,0x00,0x00,0x00,0x00,0x00,
  0x00,0x00,0x00,0x00,0x00,0x00,0x00,0x00,0x00,0x00,0x00,0x00,0x00,0x00,0x00,0x00,0x00,0x00,0x00,0x00,0x00,0x00,0x00,0x00,
  0x00,0x00,0x00,0x00,0x00,0x00,0x6b,0x02,0x78,0x05,0xb9,0x05,0x2d,0x03,0x00,0x00,0x00,0x00,0x00,0x00,0x00,0x00,0x00,0x00,
  0x00,0x00,0x00,0x00,0x00,0x00,0x00,0x00,0x00,0x00,0x00,0x00,0x00,0x00,0x00,0x00,0x00,0x00,0x00,0x00,0x00,0x00,0x00,0x00,
  0x00,0x00,0x00,0x00,0x00,0x00,0x00,0x00,0x00,0x00,0x00,0x00,0x00,0x00,0x00,0x00,0x00,0x00,0x00,0x00,0x00,0x00,0x00,0x00,
  0x00,0x00,0x00,0x00,0x00,0x00,0x00,0x00,0x00,0x00,0x00,0x00,0x00,0x00,0x00,0x00,0x00,0x00,0x00,0x00,0x00,0x00,0x00,0x00,
  0x00,0x00,0x00,0x00,0x00,0x00,0x00,0x00,0x00,0x00,0x00,0x00,0x00,0x00,0x00,0x00,0x00,0x00,0x00,0x00,0x00,0x00,0x00,0x00,
  0x00,0x00,0x00,0x00,0x00,0x00,0x00,0x00,0x00,0x00,0x00,0x00,0x00,0x00,0x00,0x00,0x00,0x00,0x00,0x00,0x00,0x00,0x00,0x00,
  0x00,0x00,0x00,0x00,0x00,0x00,0x00,0x00,0x00,0x00,0x00,0x00,0x00,0x00,0x00,0x00,0x00,0x00,0x00,0x00,0x00,0x00,0x00,0x00,
  0x00,0x00,0x00,0x00,0x00,0x00,0x00,0x00,0x00,0x00,0x00,0x00,0x00,0x00,0x00,0x00,0x00,0x00,0x00,0x00,0x00,0x00,0x00,0x00,
  0x00,0x00,0x00,0x00,0x00,0x00,0x00,0x00,0x00,0x00,0x00,0x00,0x00,0x00,0x00,0x00,0x00,0x00,0x00,0x00,0x00,0x00,0x00,0x00,
  0x00,0x00,0x00,0x00,0x00,0x00,0x00,0x00,0x00,0x00,0x00,0x00,0x00,0x00,0x00,0x00,0x00,0x00,0x00,0x00,0x00,0x00,0x00,0x00,
  0x00,0x00,0x00,0x00,0x00,0x00,0x00,0x00,0x00,0x00,0x00,0x00,0x00,0x00,0x00,0x00,0x00,0x00,0x00,0x00,0x00,0x00,0x00,0x00,
  0x00,0x00,0x00,0x00,0x00,0x00,0x00,0x00,0x00,0x00,0x00,0x00,0x00,0x00,0x00,0x00,0x00,0x00,0x00,0x00,0x00,0x00,0x00,0x00,
  0x00,0x00,0x00,0x00,0x00,0x00,0x00,0x00,0x00,0x00,0x00,0x00,0x00,0x00,0x00,0x00,0x00,0x00,0x00,0x00,0x00,0x00,0x00,0x00,
  0x00,0x00,0x00,0x00,0x00,0x00,0x00,0x00,0x00,0x00,0x00,0x00,0x00,0x00,0x00,0x00,0x00,0x00,0x00,0x00,0x00,0x00,0x00,0x00,
  0x00,0x00,0x00,0x00,0x00,0x00,0x00,0x00,0x00,0x00,0x00,0x00,0x00,0x00,0x00,0x00,0x00,0x00,0x00,0x00,0x00,0x00,0x00,0x00,
  0x00,0x00,0x00,0x00,0x00,0x00,0x00,0x00,0x00,0x00,0x00,0x00,0x00,0x00,0x00,0x00,0x00,0x00,0x00,0x00,0x00,0x00,0x00,0x00,
  0x00,0x00,0x00,0x00,0x00,0x00,0x00,0x00,0x00,0x00,0x00,0x00,0x00,0x00,0x00,0x00,0x00,0x00,0x00,0x00,0x00,0x00,0x25,0x01,
  0x16,0x05,0x57,0x05,0xe8,0x01,0x00,0x00,0x00,0x00,0x00,0x00,0x00,0x00,0x00,0x00,0x00,0x00,0x00,0x00,0x00,0x00,0x00,0x00,
  0x00,0x00,0x00,0x00,0x00,0x00,0x00,0x00,0x00,0x00,0x00,0x00,0x00,0x00,0x00,0x00,0x00,0x00,0x00,0x00,0x00,0x00,0x00,0x00,
  0x00,0x00,0x00,0x00,0x00,0x00,0x00,0x00,0x00,0x00,0x00,0x00,0x00,0x00,0x00,0x00,0x00,0x00,0x00,0x00,0x00,0x00,0x00,0x00,
  0x00,0x00,0x00,0x00,0x00,0x00,0x00,0x00,0x00,0x00,0x00,0x00,0x00,0x00,0x00,0x00,0x00,0x00,0x00,0x00,0x00,0x00,0x00,0x00,
  0x00,0x00,0x00,0x00,0x00,0x00,0x00,0x00,0x00,0x00,0x00,0x00,0x00,0x00,0x00,0x00,0x00,0x00,0x00,0x00,0x00,0x00,0x00,0x00,
  0x00,0x00,0x00,0x00,0x00,0x00,0x00,0x00,0x00,0x00,0x00,0x00,0x00,0x00,0x00,0x00,0x00,0x00,0x00,0x00,0x00,0x00,0x00,0x00,
  0x00,0x00,0x00,0x00,0x00,0x00,0x00,0x00,0x00,0x00,0x00,0x00,0x00,0x00,0x00,0x00,0x00,0x00,0x00,0x00,0x00,0x00,0x00,0x00,
  0x00,0x00,0x00,0x00,0x00,0x00,0x00,0x00,0x00,0x00,0x00,0x00,0x00,0x00,0x00,0x00,0x00,0x00,0x00,0x00,0x00,0x00,0x00,0x00,
  0x00,0x00,0x00,0x00,0x00,0x00,0x00,0x00,0x00,0x00,0x00,0x00,0x00,0x00,0x00,0x00,0x00,0x00,0x00,0x00,0x00,0x00,0x00,0x00,
  0x00,0x00,0x00,0x00,0x00,0x00,0x00,0x00,0x00,0x00,0x00,0x00,0x00,0x00,0x00,0x00,0x00,0x00,0x00,0x00,0x00,0x00,0x00,0x00,
  0x00,0x00,0x00,0x00,0x00,0x00,0x00,0x00,0x00,0x00,0x00,0x00,0x00,0x00,0x00,0x00,0x00,0x00,0x00,0x00,0x00,0x00,0x00,0x00,
  0x00,0x00,0x00,0x00,0x00,0x00,0x00,0x00,0x00,0x00,0x00,0x00,0x00,0x00,0x00,0x00,0x00,0x00,0x00,0x00,0x00,0x00,0x00,0x00,
  0x00,0x00,0x00,0x00,0x00,0x00,0x00,0x00,0x00,0x00,0x00,0x00,0x00,0x00,0x00,0x00,0x00,0x00,0x00,0x00,0x00,0x00,0x00,0x00,
  0x00,0x00,0x00,0x00,0x00,0x00,0x00,0x00,0x00,0x00,0x00,0x00,0x00,0x00,0x00,0x00,0x00,0x00,0x00,0x00,0x00,0x00,0x00,0x00,
  0x00,0x00,0x00,0x00,0x00,0x00,0x00,0x00,0x00,0x00,0x00,0x00,0x00,0x00,0x00,0x00,0x00,0x00,0x00,0x00,0x00,0x00,0x00,0x00,
  0x00,0x00,0x00,0x00,0x00,0x00,0x00,0x00,0x00,0x00,0x00,0x00,0x00,0x00,0x00,0x00,0x00,0x00,0x00,0x00,0x00,0x00,0x00,0x00,
  0x00,0x00,0x00,0x00,0x00,0x00,0x00,0x00,0x00,0x00,0x00,0x00,0x00,0x00,0x00,0x00,0x32,0x04,0x53,0x04,0x20,0x00,0x00,0x00,
  0x00,0x00,0x00,0x00,0x00,0x00,0x00,0x00,0x00,0x00,0x00,0x00,0x00,0x00,0x00,0x00,0x00,0x00,0x00,0x00,0x00,0x00,0x00,0x00,
  0x00,0x00,0x00,0x00,0x00,0x00,0x00,0x00,0x00,0x00,0x00,0x00,0x00,0x00,0x00,0x00,0x00,0x00,0x00,0x00,0x00,0x00,0x00,0x00,
  0x00,0x00,0x00,0x00,0x00,0x00,0x00,0x00,0x00,0x00,0x00,0x00,0x00,0x00,0x00,0x00,0x00,0x00,0x00,0x00,0x00,0x00,0x00,0x00,
  0x00,0x00,0x00,0x00,0x00,0x00,0x00,0x00,0x00,0x00,0x00,0x00,0x00,0x00,0x00,0x00,0x00,0x00,0x00,0x00,0x00,0x00,0x00,0x00,
  0x00,0x00,0x00,0x00,0x00,0x00,0x00,0x00,0x00,0x00,0x00,0x00,0x00,0x00,0x00,0x00,0x00,0x00,0x00,0x00,0x00,0x00,0x00,0x00,
  0x00,0x00,0x00,0x00,0x00,0x00,0x00,0x00,0x00,0x00,0x00,0x00,0x00,0x00,0x00,0x00,0x00,0x00,0x00,0x00,0x00,0x00,0x00,0x00,
  0x00,0x00,0x00,0x00,0x00,0x00,0x00,0x00,0x00,0x00,0x00,0x00,0x00,0x00,0x00,0x00,0x00,0x00,0x00,0x00,0x00,0x00,0x00,0x00,
  0x00,0x00,0x00,0x00,0x00,0x00,0x00,0x00,0x00,0x00,0x00,0x00,0x00,0x00,0x00,0x00,0x00,0x00,0x00,0x00,0x00,0x00,0x00,0x00,
  0x00,0x00,0x00,0x00,0x00,0x00,0x00,0x00,0x00,0x00,0x00,0x00,0x00,0x00,0x00,0x00,0x00,0x00,0x00,0x00,0x00,0x00,0x00,0x00,
  0x00,0x00,0x00,0x00,0x00,0x00,0x00,0x00,0x00,0x00,0x00,0x00,0x00,0x00,0x00,0x00,0x00,0x00,0x00,0x00,0x00,0x00,0x00,0x00,
  0x00,0x00,0x00,0x00,0x00,0x00,0x00,0x00,0x00,0x00,0x00,0x00,0x00,0x00,0x00,0x00,0x00,0x00,0x00,0x00,0x00,0x00,0x00,0x00,
  0x00,0x00,0x00,0x00,0x00,0x00,0x00,0x00,0x00,0x00,0x00,0x00,0x00,0x00,0x00,0x00,0x00,0x00,0x00,0x00,0x00,0x00,0x00,0x00,
  0x00,0x00,0x00,0x00,0x00,0x00,0x00,0x00,0x00,0x00,0x00,0x00,0x00,0x00,0x00,0x00,0x00,0x00,0x00,0x00,0x00,0x00,0x00,0x00,
  0x00,0x00,0x00,0x00,0x00,0x00,0x00,0x00,0x00,0x00,0x00,0x00,0x00,0x00,0x00,0x00,0x00,0x00,0x00,0x00,0x00,0x00,0x00,0x00,
  0x00,0x00,0x00,0x00,0x00,0x00,0x00,0x00,0x00,0x00,0x00,0x00,0x00,0x00,0x00,0x00,0x00,0x00,0x00,0x00,0x00,0x00,0x00,0x00,
  0x00,0x00,0x00,0x00,0x00,0x00,0x00,0x00,0x00,0x00,0x00,0x00,0x00,0x00,0x00,0x00,0x00,0x00,0x00,0x00,0x00,0x00,0x00,0x00,
  0x00,0x00,0x00,0x00,0x00,0x00,0x00,0x00,0xd0,0x03,0x11,0x04,0x00,0x00,0x00,0x00,0x00,0x00,0x00,0x00,0x00,0x00,0x00,0x00,
  0x00,0x00,0x00,0x00,0x00,0x00,0x00,0x00,0x00,0x00,0x00,0x00,0x00,0x00,0x00,0x00,0x00,0x00,0x00,0x00,0x00,0x00,0x00,0x00,
  0x00,0x00,0x00,0x00,0x00,0x00,0x00,0x00,0x00,0x00,0x00,0x00,0x00,0x00,0x00,0x00,0x00,0x00,0x00,0x00,0x00,0x00,0x00,0x00,
  0x00,0x00,0x00,0x00,0x00,0x00,0x00,0x00,0x00,0x00,0x00,0x00,0x00,0x00,0x00,0x00,0x00,0x00,0x00,0x00,0x00,0x00,0x00,0x00,
  0x00,0x00,0x00,0x00,0x00,0x00,0x00,0x00,0x00,0x00,0x00,0x00,0x00,0x00,0x00,0x00,0x00,0x00,0x00,0x00,0x00,0x00,0x00,0x00,
  0x00,0x00,0x00,0x00,0x00,0x00,0x00,0x00,0x00,0x00,0x00,0x00,0x00,0x00,0x00,0x00,0x00,0x00,0x00,0x00,0x00,0x00,0x00,0x00,
  0x00,0x00,0x00,0x00,0x00,0x00,0x00,0x00,0x00,0x00,0x00,0x00,0x00,0x00,0x00,0x00,0x00,0x00,0x00,0x00,0x00,0x00,0x00,0x00,
  0x00,0x00,0x00,0x00,0x00,0x00,0x00,0x00,0x00,0x00,0x00,0x00,0x00,0x00,0x00,0x00,0x00,0x00,0x00,0x00,0x00,0x00,0x00,0x00,
  0x00,0x00,0x00,0x00,0x00,0x00,0x00,0x00,0x00,0x00,0x00,0x00,0x00,0x00,0x00,0x00,0x00,0x00,0x00,0x00,0x00,0x00,0x00,0x00,
  0x00,0x00,0x00,0x00,0x00,0x00,0x00,0x00,0x00,0x00,0x00,0x00,0x00,0x00,0x00,0x00,0x00,0x00,0x00,0x00,0x00,0x00,0x00,0x00,
  0x00,0x00,0x00,0x00,0x00,0x00,0x00,0x00,0x00,0x00,0x00,0x00,0x00,0x00,0x00,0x00,0x00,0x00,0x00,0x00,0x00,0x00,0x00,0x00,
  0x00,0x00,0x00,0x00,0x00,0x00,0x00,0x00,0x00,0x00,0x00,0x00,0x00,0x00,0x00,0x00,0x00,0x00,0x00,0x00,0x00,0x00,0x00,0x00,
  0x00,0x00,0x00,0x00,0x00,0x00,0x00,0x00,0x00,0x00,0x00,0x00,0x00,0x00,0x00,0x00,0x00,0x00,0x00,0x00,0x00,0x00,0x00,0x00,
  0x00,0x00,0x00,0x00,0x00,0x00,0x00,0x00,0x00,0x00,0x00,0x00,0x00,0x00,0x00,0x00,0x00,0x00,0x00,0x00,0x00,0x00,0x00,0x00,
  0x00,0x00,0x00,0x00,0x00,0x00,0x00,0x00,0x00,0x00,0x00,0x00,0x00,0x00,0x00,0x00,0x00,0x00,0x00,0x00,0x00,0x00,0x00,0x00,
  0x00,0x00,0x00,0x00,0x00,0x00,0x00,0x00,0x00,0x00,0x00,0x00,0x00,0x00,0x00,0x00,0x00,0x00,0x00,0x00,0x00,0x00,0x00,0x00,
  0x00,0x00,0x00,0x00,0x00,0x00,0x00,0x00,0x00,0x00,0x00,0x00,0x00,0x00,0x00,0x00,0x00,0x00,0x00,0x00,0x00,0x00,0x00,0x00,
  0xf1,0x03,0xf1,0x03,0x00,0x00,0x00,0x00,0x00,0x00,0x00,0x00,0x00,0x00,0x00,0x00,0x00,0x00,0x00,0x00,0x00,0x00,0x00,0x00,
  0x00,0x00,0x00,0x00,0x00,0x00,0x00,0x00,0x00,0x00,0x00,0x00,0x00,0x00,0x00,0x00,0x00,0x00,0x00,0x00,0x00,0x00,0x00,0x00,
  0x00,0x00,0x00,0x00,0x00,0x00,0x00,0x00,0x00,0x00,0x00,0x00,0x00,0x00,0x00,0x00,0x00,0x00,0x00,0x00,0x00,0x00,0x00,0x00,
  0x00,0x00,0x00,0x00,0x00,0x00,0x00,0x00,0x00,0x00,0x00,0x00,0x00,0x00,0x00,0x00,0x00,0x00,0x00,0x00,0x00,0x00,0x00,0x00,
  0x00,0x00,0x00,0x00,0x00,0x00,0x00,0x00,0x00,0x00,0x00,0x00,0x00,0x00,0x00,0x00,0x00,0x00,0x00,0x00,0x00,0x00,0x00,0x00,
  0x00,0x00,0x00,0x00,0x00,0x00,0x00,0x00,0x00,0x00,0x00,0x00,0x00,0x00,0x00,0x00,0x00,0x00,0x00,0x00,0x00,0x00,0x00,0x00,
  0x00,0x00,0x00,0x00,0x00,0x00,0x00,0x00,0x00,0x00,0x00,0x00,0x00,0x00,0x00,0x00,0x00,0x00,0x00,0x00,0x00,0x00,0x00,0x00,
  0x00,0x00,0x00,0x00,0x00,0x00,0x00,0x00,0x00,0x00,0x00,0x00,0x00,0x00,0x00,0x00,0x00,0x00,0x00,0x00,0x00,0x00,0x00,0x00,
  0x00,0x00,0x00,0x00,0x00,0x00,0x00,0x00,0x00,0x00,0x00,0x00,0x00,0x00,0x00,0x00,0x00,0x00,0x00,0x00,0x00,0x00,0x00,0x00,
  0x00,0x00,0x00,0x00,0x00,0x00,0x00,0x00,0x00,0x00,0x00,0x00,0x00,0x00,0x00,0x00,0x00,0x00,0x00,0x00,0x00,0x00,0x00,0x00,
  0x00,0x00,0x00,0x00,0x00,0x00,0x00,0x00,0x00,0x00,0x00,0x00,0x00,0x00,0x00,0x00,0x00,0x00,0x00,0x00,0x00,0x00,0x00,0x00,
  0x00,0x00,0x00,0x00,0x00,0x00,0x00,0x00,0x00,0x00,0x00,0x00,0x00,0x00,0x00,0x00,0x00,0x00,0x00,0x00,0x00,0x00,0x00,0x00,
  0x00,0x00,0x00,0x00,0x00,0x00,0x00,0x00,0x00,0x00,0x00,0x00,0x00,0x00,0x00,0x00,0x00,0x00,0x00,0x00,0x00,0x00,0x00,0x00,
  0x00,0x00,0x00,0x00,0x00,0x00,0x00,0x00,0x00,0x00,0x00,0x00,0x00,0x00,0x00,0x00,0x00,0x00,0x00,0x00,0x00,0x00,0x00,0x00,
  0x00,0x00,0x00,0x00,0x00,0x00,0x00,0x00,0x00,0x00,0x00,0x00,0x00,0x00,0x00,0x00,0x00,0x00,0x00,0x00,0x00,0x00,0x00,0x00,
  0x00,0x00,0x00,0x00,0x00,0x00,0x00,0x00,0x00,0x00,0x00,0x00,0x00,0x00,0x00,0x00,0x00,0x00,0x00,0x00,0x00,0x00,0x00,0x00,
  0x00,0x00,0x00,0x00,0x00,0x00,0x00,0x00,0x00,0x00,0x00,0x00,0x00,0x00,0x00,0x00,0xf1,0x03,0xf1,0x03,0x00,0x00,0x00,0x00,
  0x00,0x00,0x00,0x00,0x00,0x00,0x00,0x00,0x00,0x00,0x00,0x00,0x00,0x00,0x00,0x00,0x00,0x00,0x00,0x00,0x00,0x00,0x00,0x00,
  0x00,0x00,0x00,0x00,0x00,0x00,0x00,0x00,0x00,0x00,0x00,0x00,0x00,0x00,0x00,0x00,0x00,0x00,0x00,0x00,0x00,0x00,0x00,0x00,
  0x00,0x00,0x00,0x00,0x00,0x00,0x00,0x00,0x00,0x00,0x00,0x00,0x00,0x00,0x00,0x00,0x00,0x00,0x00,0x00,0x00,0x00,0x00,0x00,
  0x00,0x00,0x00,0x00,0x00,0x00,0x00,0x00,0x00,0x00,0x00,0x00,0x00,0x00,0x00,0x00,0x00,0x00,0x00,0x00,0x00,0x00,0x00,0x00,
  0x00,0x00,0x00,0x00,0x00,0x00,0x00,0x00,0x00,0x00,0x00,0x00,0x00,0x00,0x00,0x00,0x00,0x00,0x00,0x00,0x00,0x00,0x00,0x00,
  0x00,0x00,0x00,0x00,0x00,0x00,0x00,0x00,0x00,0x00,0x00,0x00,0x00,0x00,0x00,0x00,0x00,0x00,0x00,0x00,0x00,0x00,0x00,0x00,
  0x00,0x00,0x00,0x00,0x00,0x00,0x00,0x00,0x00,0x00,0x00,0x00,0x00,0x00,0x00,0x00,0x00,0x00,0x00,0x00,0x00,0x00,0x00,0x00,
  0x00,0x00,0x00,0x00,0x00,0x00,0x00,0x00,0x00,0x00,0x00,0x00,0x00,0x00,0x00,0x00,0x00,0x00,0x00,0x00,0x00,0x00,0x00,0x00,
  0x00,0x00,0x00,0x00,0x00,0x00,0x00,0x00,0x00,0x00,0x00,0x00,0x00,0x00,0x00,0x00,0x00,0x00,0x00,0x00,0x00,0x00,0x00,0x00,
  0x00,0x00,0x00,0x00,0x00,0x00,0x00,0x00,0x00,0x00,0x00,0x00,0x00,0x00,0x00,0x00,0x00,0x00,0x00,0x00,0x00,0x00,0x00,0x00,
  0x00,0x00,0x00,0x00,0x00,0x00,0x00,0x00,0x00,0x00,0x00,0x00,0x00,0x00,0x00,0x00,0x00,0x00,0x00,0x00,0x00,0x00,0x00,0x00,
  0x00,0x00,0x00,0x00,0x00,0x00,0x00,0x00,0x00,0x00,0x00,0x00,0x00,0x00,0x00,0x00,0x00,0x00,0x00,0x00,0x00,0x00,0x00,0x00,
  0x00,0x00,0x00,0x00,0x00,0x00,0x00,0x00,0x00,0x00,0x00,0x00,0x00,0x00,0x00,0x00,0x00,0x00,0x00,0x00,0x00,0x00,0x00,0x00,
  0x00,0x00,0x00,0x00,0x00,0x00,0x00,0x00,0x00,0x00,0x00,0x00,0x00,0x00,0x00,0x00,0x00,0x00,0x00,0x00,0x00,0x00,0x00,0x00,
  0x00,0x00,0x00,0x00,0x00,0x00,0x00,0x00,0x00,0x00,0x00,0x00,0x00,0x00,0x00,0x00,0x00,0x00,0x00,0x00,0x00,0x00,0x00,0x00,
  0x00,0x00,0x00,0x00,0x00,0x00,0x00,0x00,0x00,0x00,0x00,0x00,0x00,0x00,0x00,0x00,0x00,0x00,0x00,0x00,0x00,0x00,0x00,0x00,
  0x00,0x00,0x00,0x00,0x00,0x00,0x00,0x00,0xd1,0x03,0x11,0x04,0x00,0x00,0x00,0x00,0x00,0x00,0x00,0x00,0x00,0x00,0x00,0x00,
  0x00,0x00,0x00,0x00,0x00,0x00,0x00,0x00,0x00,0x00,0x00,0x00,0x00,0x00,0x00,0x00,0x00,0x00,0x00,0x00,0x00,0x00,0x00,0x00,
  0x00,0x00,0x00,0x00,0x00,0x00,0x00,0x00,0x00,0x00,0x00,0x00,0x00,0x00,0x00,0x00,0x00,0x00,0x00,0x00,0x00,0x00,0x00,0x00,
  0x00,0x00,0x00,0x00,0x00,0x00,0x00,0x00,0x00,0x00,0x00,0x00,0x00,0x00,0x00,0x00,0x00,0x00,0x00,0x00,0x00,0x00,0x00,0x00,
  0x00,0x00,0x00,0x00,0x00,0x00,0x00,0x00,0x00,0x00,0x00,0x00,0x00,0x00,0x00,0x00,0x00,0x00,0x00,0x00,0x00,0x00,0x00,0x00,
  0x00,0x00,0x00,0x00,0x00,0x00,0x00,0x00,0x00,0x00,0x00,0x00,0x00,0x00,0x00,0x00,0x00,0x00,0x00,0x00,0x00,0x00,0x00,0x00,
  0x00,0x00,0x00,0x00,0x00,0x00,0x00,0x00,0x00,0x00,0x00,0x00,0x00,0x00,0x00,0x00,0x00,0x00,0x00,0x00,0x00,0x00,0x00,0x00,
  0x00,0x00,0x00,0x00,0x00,0x00,0x00,0x00,0x00,0x00,0x00,0x00,0x00,0x00,0x00,0x00,0x00,0x00,0x00,0x00,0x00,0x00,0x00,0x00,
  0x00,0x00,0x00,0x00,0x00,0x00,0x00,0x00,0x00,0x00,0x00,0x00,0x00,0x00,0x00,0x00,0x00,0x00,0x00,0x00,0x00,0x00,0x00,0x00,
  0x00,0x00,0x00,0x00,0x00,0x00,0x00,0x00,0x00,0x00,0x00,0x00,0x00,0x00,0x00,0x00,0x00,0x00,0x00,0x00,0x00,0x00,0x00,0x00,
  0x00,0x00,0x00,0x00,0x00,0x00,0x00,0x00,0x00,0x00,0x00,0x00,0x00,0x00,0x00,0x00,0x00,0x00,0x00,0x00,0x00,0x00,0x00,0x00,
  0x00,0x00,0x00,0x00,0x00,0x00,0x00,0x00,0x00,0x00,0x00,0x00,0x00,0x00,0x00,0x00,0x00,0x00,0x00,0x00,0x00,0x00,0x00,0x00,
  0x00,0x00,0x00,0x00,0x00,0x00,0x00,0x00,0x00,0x00,0x00,0x00,0x00,0x00,0x00,0x00,0x00,0x00,0x00,0x00,0x00,0x00,0x00,0x00,
  0x00,0x00,0x00,0x00,0x00,0x00,0x00,0x00,0x00,0x00,0x00,0x00,0x00,0x00,0x00,0x00,0x00,0x00,0x00,0x00,0x00,0x00,0x00,0x00,
  0x00,0x00,0x00,0x00,0x00,0x00,0x00,0x00,0x00,0x00,0x00,0x00,0x00,0x00,0x00,0x00,0x00,0x00,0x00,0x00,0x00,0x00,0x00,0x00,
  0x00,0x00,0x00,0x00,0x00,0x00,0x00,0x00,0x00,0x00,0x00,0x00,0x00,0x00,0x00,0x00,0x00,0x00,0x00,0x00,0x00,0x00,0x00,0x00,
  0x00,0x00,0x00,0x00,0x00,0x00,0x00,0x00,0x00,0x00,0x00,0x00,0x00,0x00,0x00,0x00,0x00,0x00,0x00,0x00,0x00,0x00,0x00,0x00,
  0xd0,0x03,0xf1,0x03,0x00,0x00,0x00,0x00,0x00,0x00,0x00,0x00,0x00,0x00,0x00,0x00,0x00,0x00,0x00,0x00,0x00,0x00,0x00,0x00,
  0x00,0x00,0x00,0x00,0x00,0x00,0x00,0x00,0x00,0x00,0x00,0x00,0x00,0x00,0x00,0x00,0x00,0x00,0x00,0x00,0x00,0x00,0x00,0x00,
  0x00,0x00,0x00,0x00,0x00,0x00,0x00,0x00,0x00,0x00,0x00,0x00,0x00,0x00,0x00,0x00,0x00,0x00,0x00,0x00,0x00,0x00,0x00,0x00,
  0x00,0x00,0x00,0x00,0x00,0x00,0x00,0x00,0x00,0x00,0x00,0x00,0x00,0x00,0x00,0x00,0x00,0x00,0x00,0x00,0x00,0x00,0x00,0x00,
  0x00,0x00,0x00,0x00,0x00,0x00,0x00,0x00,0x00,0x00,0x00,0x00,0x00,0x00,0x00,0x00,0x00,0x00,0x00,0x00,0x00,0x00,0x00,0x00,
  0x00,0x00,0x00,0x00,0x00,0x00,0x00,0x00,0x00,0x00,0x00,0x00,0x00,0x00,0x00,0x00,0x00,0x00,0x00,0x00,0x00,0x00,0x00,0x00,
  0x00,0x00,0x00,0x00,0x00,0x00,0x00,0x00,0x00,0x00,0x00,0x00,0x00,0x00,0x00,0x00,0x00,0x00,0x00,0x00,0x00,0x00,0x00,0x00,
  0x00,0x00,0x00,0x00,0x00,0x00,0x00,0x00,0x00,0x00,0x00,0x00,0x00,0x00,0x00,0x00,0x00,0x00,0x00,0x00,0x00,0x00,0x00,0x00,
  0x00,0x00,0x00,0x00,0x00,0x00,0x00,0x00,0x00,0x00,0x00,0x00,0x00,0x00,0x00,0x00,0x00,0x00,0x00,0x00,0x00,0x00,0x00,0x00,
  0x00,0x00,0x00,0x00,0x00,0x00,0x00,0x00,0x00,0x00,0x00,0x00,0x00,0x00,0x00,0x00,0x00,0x00,0x00,0x00,0x00,0x00,0x00,0x00,
  0x00,0x00,0x00,0x00,0x00,0x00,0x00,0x00,0x00,0x00,0x00,0x00,0x00,0x00,0x00,0x00,0x00,0x00,0x00,0x00,0x00,0x00,0x00,0x00,
  0x00,0x00,0x00,0x00,0x00,0x00,0x00,0x00,0x00,0x00,0x00,0x00,0x00,0x00,0x00,0x00,0x00,0x00,0x00,0x00,0x00,0x00,0x00,0x00,
  0x00,0x00,0x00,0x00,0x00,0x00,0x00,0x00,0x00,0x00,0x00,0x00,0x00,0x00,0x00,0x00,0x00,0x00,0x00,0x00,0x00,0x00,0x00,0x00,
  0x00,0x00,0x00,0x00,0x00,0x00,0x00,0x00,0x00,0x00,0x00,0x00,0x00,0x00,0x00,0x00,0x00,0x00,0x00,0x00,0x00,0x00,0x00,0x00,
  0x00,0x00,0x00,0x00,0x00,0x00,0x00,0x00,0x00,0x00,0x00,0x00,0x00,0x00,0x00,0x00,0x00,0x00,0x00,0x00,0x00,0x00,0x00,0x00,
  0x00,0x00,0x00,0x00,0x00,0x00,0x00,0x00,0x00,0x00,0x00,0x00,0x00,0x00,0x00,0x00,0x00,0x00,0x00,0x00,0x00,0x00,0x00,0x00,
  0x00,0x00,0x00,0x00,0x00,0x00,0x00,0x00,0x00,0x00,0x00,0x00,0x00,0x00,0x00,0x00,0xd0,0x03,0x98,0x05,0xc8,0x01,0x00,0x00,
  0x00,0x00,0x00,0x00,0x00,0x00,0x00,0x00,0x00,0x00,0x00,0x00,0x00,0x00,0x00,0x00,0x00,0x00,0x00,0x00,0x00,0x00,0x00,0x00,
  0x00,0x00,0x00,0x00,0x00,0x00,0x00,0x00,0x00,0x00,0x00,0x00,0x00,0x00,0x00,0x00,0x00,0x00,0x00,0x00,0x00,0x00,0x00,0x00,
  0x00,0x00,0x00,0x00,0x00,0x00,0x00,0x00,0x00,0x00,0x00,0x00,0x00,0x00,0x00,0x00,0x00,0x00,0x00,0x00,0x00,0x00,0x00,0x00,
  0x00,0x00,0x00,0x00,0x00,0x00,0x00,0x00,0x00,0x00,0x00,0x00,0x00,0x00,0x00,0x00,0x00,0x00,0x00,0x00,0x00,0x00,0x00,0x00,
  0x00,0x00,0x00,0x00,0x00,0x00,0x00,0x00,0x00,0x00,0x00,0x00,0x00,0x00,0x00,0x00,0x00,0x00,0x00,0x00,0x00,0x00,0x00,0x00,
  0x00,0x00,0x00,0x00,0x00,0x00,0x00,0x00,0x00,0x00,0x00,0x00,0x00,0x00,0x00,0x00,0x00,0x00,0x00,0x00,0x00,0x00,0x00,0x00,
  0x00,0x00,0x00,0x00,0x00,0x00,0x00,0x00,0x00,0x00,0x00,0x00,0x00,0x00,0x00,0x00,0x00,0x00,0x00,0x00,0x00,0x00,0x00,0x00,
  0x00,0x00,0x00,0x00,0x00,0x00,0x00,0x00,0x00,0x00,0x00,0x00,0x00,0x00,0x00,0x00,0x00,0x00,0x00,0x00,0x00,0x00,0x00,0x00,
  0x00,0x00,0x00,0x00,0x00,0x00,0x00,0x00,0x00,0x00,0x00,0x00,0x00,0x00,0x00,0x00,0x00,0x00,0x00,0x00,0x00,0x00,0x00,0x00,
  0x00,0x00,0x00,0x00,0x00,0x00,0x00,0x00,0x00,0x00,0x00,0x00,0x00,0x00,0x00,0x00,0x00,0x00,0x00,0x00,0x00,0x00,0x00,0x00,
  0x00,0x00,0x00,0x00,0x00,0x00,0x00,0x00,0x00,0x00,0x00,0x00,0x00,0x00,0x00,0x00,0x00,0x00,0x00,0x00,0x00,0x00,0x00,0x00,
  0x00,0x00,0x00,0x00,0x00,0x00,0x00,0x00,0x00,0x00,0x00,0x00,0x00,0x00,0x00,0x00,0x00,0x00,0x00,0x00,0x00,0x00,0x00,0x00,
  0x00,0x00,0x00,0x00,0x00,0x00,0x00,0x00,0x00,0x00,0x00,0x00,0x00,0x00,0x00,0x00,0x00,0x00,0x00,0x00,0x00,0x00,0x00,0x00,
  0x00,0x00,0x00,0x00,0x00,0x00,0x00,0x00,0x00,0x00,0x00,0x00,0x00,0x00,0x00,0x00,0x00,0x00,0x00,0x00,0x00,0x00,0x00,0x00,
  0x00,0x00,0x00,0x00,0x00,0x00,0x00,0x00,0x00,0x00,0x00,0x00,0x00,0x00,0x00,0x00,0x00,0x00,0x00,0x00,0x00,0x00,0x00,0x00,
  0x00,0x00,0x00,0x00,0x00,0x00,0x00,0x00,0x00,0x00,0x00,0x00,0x00,0x00,0x00,0x00,0x00,0x00,0x00,0x00,0x00,0x00,0x00,0x00,
  0x00,0x00,0x00,0x00,0x00,0x00,0x00,0x00,0xa7,0x01,0xb4,0x04,0x57,0x05,0xa7,0x01,0x00,0x00,0x00,0x00,0x00,0x00,0x00,0x00,
  0x00,0x00,0x00,0x00,0x00,0x00,0x00,0x00,0x00,0x00,0x00,0x00,0x00,0x00,0x00,0x00,0x00,0x00,0x00,0x00,0x00,0x00,0x00,0x00,
  0x00,0x00,0x00,0x00,0x00,0x00,0x00,0x00,0x00,0x00,0x00,0x00,0x00,0x00,0x00,0x00,0x00,0x00,0x00,0x00,0x00,0x00,0x00,0x00,
  0x00,0x00,0x00,0x00,0x00,0x00,0x00,0x00,0x00,0x00,0x00,0x00,0x00,0x00,0x00,0x00,0x00,0x00,0x00,0x00,0x00,0x00,0x00,0x00,
  0x00,0x00,0x00,0x00,0x00,0x00,0x00,0x00,0x00,0x00,0x00,0x00,0x00,0x00,0x00,0x00,0x00,0x00,0x00,0x00,0x00,0x00,0x00,0x00,
  0x00,0x00,0x00,0x00,0x00,0x00,0x00,0x00,0x00,0x00,0x00,0x00,0x00,0x00,0x00,0x00,0x00,0x00,0x00,0x00,0x00,0x00,0x00,0x00,
  0x00,0x00,0x00,0x00,0x00,0x00,0x00,0x00,0x00,0x00,0x00,0x00,0x00,0x00,0x00,0x00,0x00,0x00,0x00,0x00,0x00,0x00,0x00,0x00,
  0x00,0x00,0x00,0x00,0x00,0x00,0x00,0x00,0x00,0x00,0x00,0x00,0x00,0x00,0x00,0x00,0x00,0x00,0x00,0x00,0x00,0x00,0x00,0x00,
  0x00,0x00,0x00,0x00,0x00,0x00,0x00,0x00,0x00,0x00,0x00,0x00,0x00,0x00,0x00,0x00,0x00,0x00,0x00,0x00,0x00,0x00,0x00,0x00,
  0x00,0x00,0x00,0x00,0x00,0x00,0x00,0x00,0x00,0x00,0x00,0x00,0x00,0x00,0x00,0x00,0x00,0x00,0x00,0x00,0x00,0x00,0x00,0x00,
  0x00,0x00,0x00,0x00,0x00,0x00,0x00,0x00,0x00,0x00,0x00,0x00,0x00,0x00,0x00,0x00,0x00,0x00,0x00,0x00,0x00,0x00,0x00,0x00,
  0x00,0x00,0x00,0x00,0x00,0x00,0x00,0x00,0x00,0x00,0x00,0x00,0x00,0x00,0x00,0x00,0x00,0x00,0x00,0x00,0x00,0x00,0x00,0x00,
  0x00,0x00,0x00,0x00,0x00,0x00,0x00,0x00,0x00,0x00,0x00,0x00,0x00,0x00,0x00,0x00,0x00,0x00,0x00,0x00,0x00,0x00,0x00,0x00,
  0x00,0x00,0x00,0x00,0x00,0x00,0x00,0x00,0x00,0x00,0x00,0x00,0x00,0x00,0x00,0x00,0x00,0x00,0x00,0x00,0x00,0x00,0x00,0x00,
  0x00,0x00,0x00,0x00,0x00,0x00,0x00,0x00,0x00,0x00,0x00,0x00,0x00,0x00,0x00,0x00,0x00,0x00,0x00,0x00,0x00,0x00,0x00,0x00,
  0x00,0x00,0x00,0x00,0x00,0x00,0x00,0x00,0x00,0x00,0x00,0x00,0x00,0x00,0x00,0x00,0x00,0x00,0x00,0x00,0x00,0x00,0x00,0x00,
  0x00,0x00,0x00,0x00,0x00,0x00,0x00,0x00,0x00,0x00,0x00,0x00,0x00,0x00,0x00,0x00,0x00,0x00,0x00,0x00,0xa3,0x00,0x6a,0x02,
  0x86,0x01,0x04,0x01,0x53,0x04,0x52,0x04,0x00,0x00,0x00,0x00,0x00,0x00,0x00,0x00,0x00,0x00,0x00,0x00,0x00,0x00,0x00,0x00,
  0x00,0x00,0x00,0x00,0x00,0x00,0x00,0x00,0x00,0x00,0x00,0x00,0x00,0x00,0x00,0x00,0x00,0x00,0x00,0x00,0x00,0x00,0x00,0x00,
  0x00,0x00,0x00,0x00,0x00,0x00,0x00,0x00,0x00,0x00,0x00,0x00,0x00,0x00,0x00,0x00,0x00,0x00,0x00,0x00,0x00,0x00,0x00,0x00,
  0x00,0x00,0x00,0x00,0x00,0x00,0x00,0x00,0x00,0x00,0x00,0x00,0x00,0x00,0x00,0x00,0x00,0x00,0x00,0x00,0x00,0x00,0x00,0x00,
  0x00,0x00,0x00,0x00,0x00,0x00,0x00,0x00,0x00,0x00,0x00,0x00,0x00,0x00,0x00,0x00,0x00,0x00,0x00,0x00,0x00,0x00,0x00,0x00,
  0x00,0x00,0x00,0x00,0x00,0x00,0x00,0x00,0x00,0x00,0x00,0x00,0x00,0x00,0x00,0x00,0x00,0x00,0x00,0x00,0x00,0x00,0x00,0x00,
  0x00,0x00,0x00,0x00,0x00,0x00,0x00,0x00,0x00,0x00,0x00,0x00,0x00,0x00,0x00,0x00,0x00,0x00,0x00,0x00,0x00,0x00,0x00,0x00,
  0x00,0x00,0x00,0x00,0x00,0x00,0x00,0x00,0x00,0x00,0x00,0x00,0x00,0x00,0x00,0x00,0x00,0x00,0x00,0x00,0x00,0x00,0x00,0x00,
  0x00,0x00,0x00,0x00,0x00,0x00,0x00,0x00,0x00,0x00,0x00,0x00,0x00,0x00,0x00,0x00,0x00,0x00,0x00,0x00,0x00,0x00,0x00,0x00,
  0x00,0x00,0x00,0x00,0x00,0x00,0x00,0x00,0x00,0x00,0x00,0x00,0x00,0x00,0x00,0x00,0x00,0x00,0x00,0x00,0x00,0x00,0x00,0x00,
  0x00,0x00,0x00,0x00,0x00,0x00,0x00,0x00,0x00,0x00,0x00,0x00,0x00,0x00,0x00,0x00,0x00,0x00,0x00,0x00,0x00,0x00,0x00,0x00,
  0x00,0x00,0x00,0x00,0x00,0x00,0x00,0x00,0x00,0x00,0x00,0x00,0x00,0x00,0x00,0x00,0x00,0x00,0x00,0x00,0x00,0x00,0x00,0x00,
  0x00,0x00,0x00,0x00,0x00,0x00,0x00,0x00,0x00,0x00,0x00,0x00,0x00,0x00,0x00,0x00,0x00,0x00,0x00,0x00,0x00,0x00,0x00,0x00,
  0x00,0x00,0x00,0x00,0x00,0x00,0x00,0x00,0x00,0x00,0x00,0x00,0x00,0x00,0x00,0x00,0x00,0x00,0x00,0x00,0x00,0x00,0x00,0x00,
  0x00,0x00,0x00,0x00,0x00,0x00,0x00,0x00,0x00,0x00,0x00,0x00,0x00,0x00,0x00,0x00,0x00,0x00,0x00,0x00,0x00,0x00,0x00,0x00,
  0x00,0x00,0x00,0x00,0x00,0x00,0x00,0x00,0x00,0x00,0x00,0x00,0x00,0x00,0x00,0x00,0x00,0x00,0x00,0x00,0x00,0x00,0x00,0x00,
  0x00,0x00,0x00,0x00,0x00,0x00,0x00,0x00,0x00,0x00,0x00,0x00,0xec,0x02,0x3b,0x06,0x77,0x05,0xb4,0x04,0x57,0x05,0x4a,0x02,
  0x00,0x00,0x00,0x00,0x00,0x00,0x00,0x00,0x00,0x00,0x00,0x00,0x00,0x00,0x00,0x00,0x00,0x00,0x00,0x00,0x00,0x00,0x00,0x00,
  0x00,0x00,0x00,0x00,0x00,0x00,0x00,0x00,0x00,0x00,0x00,0x00,0x00,0x00,0x00,0x00,0x00,0x00,0x00,0x00,0x00,0x00,0x00,0x00,
  0x00,0x00,0x00,0x00,0x00,0x00,0x00,0x00,0x00,0x00,0x00,0x00,0x00,0x00,0x00,0x00,0x00,0x00,0x00,0x00,0x00,0x00,0x00,0x00,
  0x00,0x00,0x00,0x00,0x00,0x00,0x00,0x00,0x00,0x00,0x00,0x00,0x00,0x00,0x00,0x00,0x00,0x00,0x00,0x00,0x00,0x00,0x00,0x00,
  0x00,0x00,0x00,0x00,0x00,0x00,0x00,0x00,0x00,0x00,0x00,0x00,0x00,0x00,0x00,0x00,0x00,0x00,0x00,0x00,0x00,0x00,0x00,0x00,
  0x00,0x00,0x00,0x00,0x00,0x00,0x00,0x00,0x00,0x00,0x00,0x00,0x00,0x00,0x00,0x00,0x00,0x00,0x00,0x00,0x00,0x00,0x00,0x00,
  0x00,0x00,0x00,0x00,0x00,0x00,0x00,0x00,0x00,0x00,0x00,0x00,0x00,0x00,0x00,0x00,0x00,0x00,0x00,0x00,0x00,0x00,0x00,0x00,
  0x00,0x00,0x00,0x00,0x00,0x00,0x00,0x00,0x00,0x00,0x00,0x00,0x00,0x00,0x00,0x00,0x00,0x00,0x00,0x00,0x00,0x00,0x00,0x00,
  0x00,0x00,0x00,0x00,0x00,0x00,0x00,0x00,0x00,0x00,0x00,0x00,0x00,0x00,0x00,0x00,0x00,0x00,0x00,0x00,0x00,0x00,0x00,0x00,
  0x00,0x00,0x00,0x00,0x00,0x00,0x00,0x00,0x00,0x00,0x00,0x00,0x00,0x00,0x00,0x00,0x00,0x00,0x00,0x00,0x00,0x00,0x00,0x00,
  0x00,0x00,0x00,0x00,0x00,0x00,0x00,0x00,0x00,0x00,0x00,0x00,0x00,0x00,0x00,0x00,0x00,0x00,0x00,0x00,0x00,0x00,0x00,0x00,
  0x00,0x00,0x00,0x00,0x00,0x00,0x00,0x00,0x00,0x00,0x00,0x00,0x00,0x00,0x00,0x00,0x00,0x00,0x00,0x00,0x00,0x00,0x00,0x00,
  0x00,0x00,0x00,0x00,0x00,0x00,0x00,0x00,0x00,0x00,0x00,0x00,0x00,0x00,0x00,0x00,0x00,0x00,0x00,0x00,0x00,0x00,0x00,0x00,
  0x00,0x00,0x00,0x00,0x00,0x00,0x00,0x00,0x00,0x00,0x00,0x00,0x00,0x00,0x00,0x00,0x00,0x00,0x00,0x00,0x00,0x00,0x00,0x00,
  0x00,0x00,0x00,0x00,0x00,0x00,0x00,0x00,0x00,0x00,0x00,0x00,0x00,0x00,0x00,0x00,0x00,0x00,0x00,0x00,0x00,0x00,0x00,0x00,
  0x00,0x00,0x00,0x00,0x00,0x00,0x00,0x00,0x00,0x00,0x00,0x00,0x00,0x00,0x00,0x00,0x00,0x00,0x00,0x00,0x00,0x00,0x00,0x00,
  0x00,0x00,0x00,0x00,0x82,0x00,0xc8,0x01,0x09,0x02,0xa7,0x01,0x53,0x04,0xb0,0x03,0x00,0x00,0x00,0x00,0x00,0x00,0x00,0x00,
  0x00,0x00,0x00,0x00,0x00,0x00,0x00,0x00,0x00,0x00,0x00,0x00,0x00,0x00,0x00,0x00,0x00,0x00,0x00,0x00,0x00,0x00,0x00,0x00,
  0x00,0x00,0x00,0x00,0x00,0x00,0x00,0x00,0x00,0x00,0x00,0x00,0x00,0x00,0x00,0x00,0x00,0x00,0x00,0x00,0x00,0x00,0x00,0x00,
  0x00,0x00,0x00,0x00,0x00,0x00,0x00,0x00,0x00,0x00,0x00,0x00,0x00,0x00,0x00,0x00,0x00,0x00,0x00,0x00,0x00,0x00,0x00,0x00,
  0x00,0x00,0x00,0x00,0x00,0x00,0x00,0x00,0x00,0x00,0x00,0x00,0x00,0x00,0x00,0x00,0x00,0x00,0x00,0x00,0x00,0x00,0x00,0x00,
  0x00,0x00,0x00,0x00,0x00,0x00,0x00,0x00,0x00,0x00,0x00,0x00,0x00,0x00,0x00,0x00,0x00,0x00,0x00,0x00,0x00,0x00,0x00,0x00,
  0x00,0x00,0x00,0x00,0x00,0x00,0x00,0x00,0x00,0x00,0x00,0x00,0x00,0x00,0x00,0x00,0x00,0x00,0x00,0x00,0x00,0x00,0x00,0x00,
  0x00,0x00,0x00,0x00,0x00,0x00,0x00,0x00,0x00,0x00,0x00,0x00,0x00,0x00,0x00,0x00,0x00,0x00,0x00,0x00,0x00,0x00,0x00,0x00,
  0x00,0x00,0x00,0x00,0x00,0x00,0x00,0x00,0x00,0x00,0x00,0x00,0x00,0x00,0x00,0x00,0x00,0x00,0x00,0x00,0x00,0x00,0x00,0x00,
  0x00,0x00,0x00,0x00,0x00,0x00,0x00,0x00,0x00,0x00,0x00,0x00,0x00,0x00,0x00,0x00,0x00,0x00,0x00,0x00,0x00,0x00,0x00,0x00,
  0x00,0x00,0x00,0x00,0x00,0x00,0x00,0x00,0x00,0x00,0x00,0x00,0x00,0x00,0x00,0x00,0x00,0x00,0x00,0x00,0x00,0x00,0x00,0x00,
  0x00,0x00,0x00,0x00,0x00,0x00,0x00,0x00,0x00,0x00,0x00,0x00,0x00,0x00,0x00,0x00,0x00,0x00,0x00,0x00,0x00,0x00,0x00,0x00,
  0x00,0x00,0x00,0x00,0x00,0x00,0x00,0x00,0x00,0x00,0x00,0x00,0x00,0x00,0x00,0x00,0x00,0x00,0x00,0x00,0x00,0x00,0x00,0x00,
  0x00,0x00,0x00,0x00,0x00,0x00,0x00,0x00,0x00,0x00,0x00,0x00,0x00,0x00,0x00,0x00,0x00,0x00,0x00,0x00,0x00,0x00,0x00,0x00,
  0x00,0x00,0x00,0x00,0x00,0x00,0x00,0x00,0x00,0x00,0x00,0x00,0x00,0x00,0x00,0x00,0x00,0x00,0x00,0x00,0x00,0x00,0x00,0x00,
  0x00,0x00,0x00,0x00,0x00,0x00,0x00,0x00,0x00,0x00,0x00,0x00,0x00,0x00,0x00,0x00,0x00,0x00,0x00,0x00,0x00,0x00,0x00,0x00,
  0x00,0x00,0x00,0x00,0x00,0x00,0x00,0x00,0x00,0x00,0x00,0x00,0x00,0x00,0x00,0x00,0x00,0x00,0x00,0x00,0x4a,0x02,0x94,0x04,
  0xf1,0x03,0x8f,0x03,0xd5,0x04,0xf1,0x03,0x00,0x00,0x00,0x00,0x00,0x00,0x00,0x00,0x00,0x00,0x00,0x00,0x00,0x00,0x00,0x00,
  0x00,0x00,0x00,0x00,0x00,0x00,0x00,0x00,0x00,0x00,0x00,0x00,0x00,0x00,0x00,0x00,0x00,0x00,0x00,0x00,0x00,0x00,0x00,0x00,
  0x00,0x00,0x00,0x00,0x00,0x00,0x00,0x00,0x00,0x00,0x00,0x00,0x00,0x00,0x00,0x00,0x00,0x00,0x00,0x00,0x00,0x00,0x00,0x00,
  0x00,0x00,0x00,0x00,0x00,0x00,0x00,0x00,0x00,0x00,0x00,0x00,0x00,0x00,0x00,0x00,0x00,0x00,0x00,0x00,0x00,0x00,0x00,0x00,
  0x00,0x00,0x00,0x00,0x00,0x00,0x00,0x00,0x00,0x00,0x00,0x00,0x00,0x00,0x00,0x00,0x00,0x00,0x00,0x00,0x00,0x00,0x00,0x00,
  0x00,0x00,0x00,0x00,0x00,0x00,0x00,0x00,0x00,0x00,0x00,0x00,0x00,0x00,0x00,0x00,0x00,0x00,0x00,0x00,0x00,0x00,0x00,0x00,
  0x00,0x00,0x00,0x00,0x00,0x00,0x00,0x00,0x00,0x00,0x00,0x00,0x00,0x00,0x00,0x00,0x00,0x00,0x00,0x00,0x00,0x00,0x00,0x00,
  0x00,0x00,0x00,0x00,0x00,0x00,0x00,0x00,0x00,0x00,0x00,0x00,0x00,0x00,0x00,0x00,0x00,0x00,0x00,0x00,0x00,0x00,0x00,0x00,
  0x00,0x00,0x00,0x00,0x00,0x00,0x00,0x00,0x00,0x00,0x00,0x00,0x00,0x00,0x00,0x00,0x00,0x00,0x00,0x00,0x00,0x00,0x00,0x00,
  0x00,0x00,0x00,0x00,0x00,0x00,0x00,0x00,0x00,0x00,0x00,0x00,0x00,0x00,0x00,0x00,0x00,0x00,0x00,0x00,0x00,0x00,0x00,0x00,
  0x00,0x00,0x00,0x00,0x00,0x00,0x00,0x00,0x00,0x00,0x00,0x00,0x00,0x00,0x00,0x00,0x00,0x00,0x00,0x00,0x00,0x00,0x00,0x00,
  0x00,0x00,0x00,0x00,0x00,0x00,0x00,0x00,0x00,0x00,0x00,0x00,0x00,0x00,0x00,0x00,0x00,0x00,0x00,0x00,0x00,0x00,0x00,0x00,
  0x00,0x00,0x00,0x00,0x00,0x00,0x00,0x00,0x00,0x00,0x00,0x00,0x00,0x00,0x00,0x00,0x00,0x00,0x00,0x00,0x00,0x00,0x00,0x00,
  0x00,0x00,0x00,0x00,0x00,0x00,0x00,0x00,0x00,0x00,0x00,0x00,0x00,0x00,0x00,0x00,0x00,0x00,0x00,0x00,0x00,0x00,0x00,0x00,
  0x00,0x00,0x00,0x00,0x00,0x00,0x00,0x00,0x00,0x00,0x00,0x00,0x00,0x00,0x00,0x00,0x00,0x00,0x00,0x00,0x00,0x00,0x00,0x00,
  0x00,0x00,0x00,0x00,0x00,0x00,0x00,0x00,0x00,0x00,0x00,0x00,0x00,0x00,0x00,0x00,0x00,0x00,0x00,0x00,0x00,0x00,0x00,0x00,
  0x00,0x00,0x00,0x00,0x00,0x00,0x00,0x00,0x00,0x00,0x00,0x00,0x25,0x01,0x8f,0x03,0x8f,0x03,0xab,0x02,0x73,0x04,0x2e,0x03,
  0x00,0x00,0x00,0x00,0x00,0x00,0x00,0x00,0x00,0x00,0x00,0x00,0x00,0x00,0x00,0x00,0x00,0x00,0x00,0x00,0x00,0x00,0x00,0x00,
  0x00,0x00,0x00,0x00,0x00,0x00,0x00,0x00,0x00,0x00,0x00,0x00,0x00,0x00,0x00,0x00,0x00,0x00,0x00,0x00,0x00,0x00,0x00,0x00,
  0x00,0x00,0x00,0x00,0x00,0x00,0x00,0x00,0x00,0x00,0x00,0x00,0x00,0x00,0x00,0x00,0x00,0x00,0x00,0x00,0x00,0x00,0x00,0x00,
  0x00,0x00,0x00,0x00,0x00,0x00,0x00,0x00,0x00,0x00,0x00,0x00,0x00,0x00,0x00,0x00,0x00,0x00,0x00,0x00,0x00,0x00,0x00,0x00,
  0x00,0x00,0x00,0x00,0x00,0x00,0x00,0x00,0x00,0x00,0x00,0x00,0x00,0x00,0x00,0x00,0x00,0x00,0x00,0x00,0x00,0x00,0x00,0x00,
  0x00,0x00,0x00,0x00,0x00,0x00,0x00,0x00,0x00,0x00,0x00,0x00,0x00,0x00,0x00,0x00,0x00,0x00,0x00,0x00,0x00,0x00,0x00,0x00,
  0x00,0x00,0x00,0x00,0x00,0x00,0x00,0x00,0x00,0x00,0x00,0x00,0x00,0x00,0x00,0x00,0x00,0x00,0x00,0x00,0x00,0x00,0x00,0x00,
  0x00,0x00,0x00,0x00,0x00,0x00,0x00,0x00,0x00,0x00,0x00,0x00,0x00,0x00,0x00,0x00,0x00,0x00,0x00,0x00,0x00,0x00,0x00,0x00,
  0x00,0x00,0x00,0x00,0x00,0x00,0x00,0x00,0x00,0x00,0x00,0x00,0x00,0x00,0x00,0x00,0x00,0x00,0x00,0x00,0x00,0x00,0x00,0x00,
  0x00,0x00,0x00,0x00,0x00,0x00,0x00,0x00,0x00,0x00,0x00,0x00,0x00,0x00,0x00,0x00,0x00,0x00,0x00,0x00,0x00,0x00,0x00,0x00,
  0x00,0x00,0x00,0x00,0x00,0x00,0x00,0x00,0x00,0x00,0x00,0x00,0x00,0x00,0x00,0x00,0x00,0x00,0x00,0x00,0x00,0x00,0x00,0x00,
  0x00,0x00,0x00,0x00,0x00,0x00,0x00,0x00,0x00,0x00,0x00,0x00,0x00,0x00,0x00,0x00,0x00,0x00,0x00,0x00,0x00,0x00,0x00,0x00,
  0x00,0x00,0x00,0x00,0x00,0x00,0x00,0x00,0x00,0x00,0x00,0x00,0x00,0x00,0x00,0x00,0x00,0x00,0x00,0x00,0x00,0x00,0x00,0x00,
  0x00,0x00,0x00,0x00,0x00,0x00,0x00,0x00,0x00,0x00,0x00,0x00,0x00,0x00,0x00,0x00,0x00,0x00,0x00,0x00,0x00,0x00,0x00,0x00,
  0x00,0x00,0x00,0x00,0x00,0x00,0x00,0x00,0x00,0x00,0x00,0x00,0x00,0x00,0x00,0x00,0x00,0x00,0x41,0x00,0xe8,0x01,0xb0,0x03,
  0xd0,0x03,0xb0,0x03,0x29,0x02,0x00,0x00,0x00,0x00,0x00,0x00,0x00,0x00,0x00,0x00,0x00,0x00,0x00,0x00,0x00,0x00,0x00,0x00,
  0x00,0x00,0x00,0x00,0x45,0x01,0xd0,0x03,0x0d,0x03,0x49,0x02,0x73,0x04,0xb4,0x04,0x00,0x00,0x00,0x00,0x00,0x00,0x00,0x00,
  0x00,0x00,0x00,0x00,0x00,0x00,0x00,0x00,0x00,0x00,0x00,0x00,0x00,0x00,0x41,0x00,0xc8,0x01,0x8f,0x03,0xf1,0x03,0x2e,0x03,
  0x45,0x01,0x00,0x00,0x00,0x00,0x00,0x00,0x00,0x00,0x00,0x00,0x00,0x00,0x00,0x00,0x00,0x00,0x04,0x01,0x25,0x01,0x82,0x00,
  0x21,0x00,0x00,0x00,0x00,0x00,0x00,0x00,0x00,0x00,0x00,0x00,0x00,0x00,0x00,0x00,0x00,0x00,0x00,0x00,0x00,0x00,0x00,0x00,
  0x00,0x00,0x00,0x00,0x00,0x00,0x00,0x00,0x00,0x00,0x00,0x00,0x00,0x00,0x00,0x00,0x00,0x00,0x00,0x00,0x00,0x00,0x00,0x00,
  0x00,0x00,0x00,0x00,0x00,0x00,0x00,0x00,0x00,0x00,0x00,0x00,0x00,0x00,0x00,0x00,0x00,0x00,0x00,0x00,0x00,0x00,0x00,0x00,
  0x00,0x00,0x00,0x00,0x00,0x00,0x00,0x00,0x00,0x00,0x00,0x00,0x00,0x00,0x00,0x00,0x00,0x00,0x00,0x00,0x00,0x00,0x00,0x00,
  0x00,0x00,0x00,0x00,0x00,0x00,0x00,0x00,0x00,0x00,0x00,0x00,0x00,0x00,0x00,0x00,0x00,0x00,0x00,0x00,0x00,0x00,0x00,0x00,
  0x00,0x00,0x00,0x00,0x00,0x00,0x00,0x00,0x00,0x00,0x00,0x00,0x00,0x00,0x00,0x00,0x00,0x00,0x00,0x00,0x00,0x00,0x00,0x00,
  0x00,0x00,0x00,0x00,0x00,0x00,0x00,0x00,0x00,0x00,0x00,0x00,0x00,0x00,0x00,0x00,0x00,0x00,0x00,0x00,0x00,0x00,0x00,0x00,
  0x00,0x00,0x00,0x00,0x00,0x00,0x00,0x00,0x00,0x00,0x00,0x00,0x00,0x00,0x00,0x00,0x00,0x00,0x00,0x00,0x00,0x00,0x00,0x00,
  0x00,0x00,0x00,0x00,0x00,0x00,0x00,0x00,0x00,0x00,0x00,0x00,0x00,0x00,0x00,0x00,0x00,0x00,0x00,0x00,0x00,0x00,0x00,0x00,
  0x00,0x00,0x00,0x00,0x00,0x00,0x00,0x00,0x00,0x00,0x00,0x00,0x00,0x00,0x00,0x00,0x00,0x00,0x00,0x00,0x00,0x00,0x00,0x00,
  0x00,0x00,0x00,0x00,0x00,0x00,0x00,0x00,0x00,0x00,0x00,0x00,0x00,0x00,0x00,0x00,0x00,0x00,0x00,0x00,0x00,0x00,0x00,0x00,
  0x00,0x00,0x00,0x00,0x00,0x00,0x00,0x00,0x00,0x00,0x00,0x00,0x00,0x00,0xcc,0x02,0x2d,0x03,0x00,0x00,0x00,0x00,0x00,0x00,
  0x00,0x00,0x00,0x00,0x00,0x00,0x00,0x00,0x82,0x00,0x11,0x04,0x98,0x05,0x57,0x05,0x77,0x05,0x57,0x05,0x98,0x05,0x11,0x04,
  0xc3,0x00,0x00,0x00,0x00,0x00,0x00,0x00,0x00,0x00,0x00,0x00,0x00,0x00,0x00,0x00,0x00,0x00,0x00,0x00,0x6a,0x02,0xd5,0x04,
  0xb4,0x04,0x73,0x04,0xf5,0x04,0x8b,0x02,0x00,0x00,0x00,0x00,0x00,0x00,0x00,0x00,0x00,0x00,0x00,0x00,0x00,0x00,0x00,0x00,
  0x00,0x00,0x00,0x00,0x25,0x01,0x53,0x04,0x98,0x05,0x57,0x05,0x77,0x05,0x77,0x05,0x98,0x05,0x4e,0x03,0x00,0x00,0x00,0x00,
  0x00,0x00,0x00,0x00,0x00,0x00,0x00,0x00,0x20,0x00,0x32,0x04,0xd9,0x05,0xd5,0x04,0x11,0x04,0x0d,0x03,0x29,0x02,0x61,0x00,
  0x00,0x00,0x00,0x00,0x00,0x00,0x00,0x00,0x00,0x00,0x00,0x00,0x00,0x00,0x00,0x00,0x00,0x00,0x00,0x00,0x00,0x00,0x00,0x00,
  0x00,0x00,0x00,0x00,0x00,0x00,0x00,0x00,0x00,0x00,0x00,0x00,0x00,0x00,0x00,0x00,0x00,0x00,0x00,0x00,0x00,0x00,0x00,0x00,
  0x00,0x00,0x00,0x00,0x00,0x00,0x00,0x00,0x00,0x00,0x00,0x00,0x00,0x00,0x00,0x00,0x00,0x00,0x00,0x00,0x00,0x00,0x00,0x00,
  0x00,0x00,0x00,0x00,0x00,0x00,0x00,0x00,0x00,0x00,0x00,0x00,0x00,0x00,0x00,0x00,0x00,0x00,0x00,0x00,0x00,0x00,0x00,0x00,
  0x00,0x00,0x00,0x00,0x00,0x00,0x00,0x00,0x00,0x00,0x00,0x00,0x00,0x00,0x00,0x00,0x00,0x00,0x00,0x00,0x00,0x00,0x00,0x00,
  0x00,0x00,0x00,0x00,0x00,0x00,0x00,0x00,0x00,0x00,0x00,0x00,0x00,0x00,0x00,0x00,0x00,0x00,0x00,0x00,0x00,0x00,0x00,0x00,
  0x00,0x00,0x00,0x00,0x00,0x00,0x00,0x00,0x00,0x00,0x00,0x00,0x00,0x00,0x00,0x00,0x00,0x00,0x00,0x00,0x00,0x00,0x00,0x00,
  0x00,0x00,0x00,0x00,0x00,0x00,0x00,0x00,0x00,0x00,0x00,0x00,0x00,0x00,0x00,0x00,0x00,0x00,0x00,0x00,0x00,0x00,0x00,0x00,
  0x00,0x00,0x00,0x00,0x00,0x00,0x00,0x00,0x00,0x00,0x00,0x00,0x00,0x00,0x00,0x00,0x00,0x00,0x00,0x00,0x00,0x00,0x00,0x00,
  0x00,0x00,0x00,0x00,0x00,0x00,0x00,0x00,0x00,0x00,0x00,0x00,0x00,0x00,0x00,0x00,0x00,0x00,0x00,0x00,0x00,0x00,0x00,0x00,
  0x00,0x00,0x00,0x00,0x00,0x00,0x00,0x00,0x00,0x00,0x00,0x00,0x00,0x00,0x00,0x00,0x00,0x00,0x00,0x00,0x00,0x00,0x00,0x00,
  0x00,0x00,0x41,0x00,0x6e,0x03,0x98,0x05,0x77,0x05,0x66,0x01,0x00,0x00,0x00,0x00,0x00,0x00,0x00,0x00,0x00,0x00,0x41,0x00,
  0x11,0x04,0xb9,0x05,0x16,0x05,0x57,0x05,0x77,0x05,0x77,0x05,0x16,0x05,0xb8,0x05,0x52,0x04,0x41,0x00,0x00,0x00,0x00,0x00,
  0x00,0x00,0x00,0x00,0x00,0x00,0x00,0x00,0x00,0x00,0x00,0x00,0x82,0x00,0x29,0x02,0xc7,0x01,0xe4,0x00,0x32,0x04,0x11,0x04,
  0x00,0x00,0x00,0x00,0x00,0x00,0x00,0x00,0x00,0x00,0x00,0x00,0x00,0x00,0x00,0x00,0x00,0x00,0x82,0x00,0xb4,0x04,0xb8,0x05,
  0x16,0x05,0x77,0x05,0x78,0x05,0x57,0x05,0x36,0x05,0xd9,0x05,0x6f,0x03,0x00,0x00,0x00,0x00,0x00,0x00,0x00,0x00,0x00,0x00,
  0x21,0x00,0x73,0x04,0xfa,0x05,0xd9,0x05,0xfa,0x05,0x1a,0x06,0xfa,0x05,0x16,0x05,0x08,0x02,0x00,0x00,0x00,0x00,0x00,0x00,
  0x00,0x00,0x00,0x00,0x00,0x00,0x00,0x00,0x00,0x00,0x00,0x00,0x00,0x00,0x00,0x00,0x00,0x00,0x00,0x00,0x00,0x00,0x00,0x00,
  0x00,0x00,0x00,0x00,0x00,0x00,0x00,0x00,0x00,0x00,0x00,0x00,0x00,0x00,0x00,0x00,0x00,0x00,0x00,0x00,0x00,0x00,0x00,0x00,
  0x00,0x00,0x00,0x00,0x00,0x00,0x00,0x00,0x00,0x00,0x00,0x00,0x00,0x00,0x00,0x00,0x00,0x00,0x00,0x00,0x00,0x00,0x00,0x00,
  0x00,0x00,0x00,0x00,0x00,0x00,0x00,0x00,0x00,0x00,0x00,0x00,0x00,0x00,0x00,0x00,0x00,0x00,0x00,0x00,0x00,0x00,0x00,0x00,
  0x00,0x00,0x00,0x00,0x00,0x00,0x00,0x00,0x00,0x00,0x00,0x00,0x00,0x00,0x00,0x00,0x00,0x00,0x00,0x00,0x00,0x00,0x00,0x00,
  0x00,0x00,0x00,0x00,0x00,0x00,0x00,0x00,0x00,0x00,0x00,0x00,0x00,0x00,0x00,0x00,0x00,0x00,0x00,0x00,0x00,0x00,0x00,0x00,
  0x00,0x00,0x00,0x00,0x00,0x00,0x00,0x00,0x00,0x00,0x00,0x00,0x00,0x00,0x00,0x00,0x00,0x00,0x00,0x00,0x00,0x00,0x00,0x00,
  0x00,0x00,0x00,0x00,0x00,0x00,0x00,0x00,0x00,0x00,0x00,0x00,0x00,0x00,0x00,0x00,0x00,0x00,0x00,0x00,0x00,0x00,0x00,0x00,
  0x00,0x00,0x00,0x00,0x00,0x00,0x00,0x00,0x00,0x00,0x00,0x00,0x00,0x00,0x00,0x00,0x00,0x00,0x00,0x00,0x00,0x00,0x00,0x00,
  0x00,0x00,0x00,0x00,0x00,0x00,0x00,0x00,0x00,0x00,0x00,0x00,0x00,0x00,0x00,0x00,0x00,0x00,0x00,0x00,0x00,0x00,0x00,0x00,
  0x00,0x00,0x00,0x00,0x00,0x00,0x00,0x00,0x00,0x00,0x00,0x00,0x00,0x00,0x00,0x00,0x61,0x00,0xd0,0x03,0xb9,0x05,0x16,0x05,
  0x57,0x05,0x32,0x04,0x00,0x00,0x00,0x00,0x00,0x00,0x00,0x00,0x00,0x00,0x29,0x02,0xb9,0x05,0x16,0x05,0x36,0x05,0x4e,0x03,
  0x87,0x01,0x8f,0x03,0x36,0x05,0xf5,0x04,0xb8,0x05,0x8b,0x02,0x00,0x00,0x00,0x00,0x00,0x00,0x00,0x00,0x00,0x00,0x00,0x00,
  0x00,0x00,0x00,0x00,0x0d,0x03,0x3b,0x06,0xb4,0x04,0x52,0x04,0x98,0x05,0x0d,0x03,0x00,0x00,0x00,0x00,0x00,0x00,0x00,0x00,
  0x00,0x00,0x00,0x00,0x00,0x00,0x00,0x00,0x00,0x00,0x2e,0x03,0xd9,0x05,0xf5,0x04,0x57,0x05,0xf1,0x03,0x0d,0x03,0x73,0x04,
  0x57,0x05,0x36,0x05,0xb8,0x05,0xe8,0x01,0x00,0x00,0x00,0x00,0x00,0x00,0x00,0x00,0x82,0x00,0xd5,0x04,0xfa,0x05,0xb9,0x05,
  0xb9,0x05,0xf9,0x05,0xd9,0x05,0x3b,0x06,0xd9,0x05,0xa7,0x01,0x00,0x00,0x00,0x00,0x00,0x00,0x00,0x00,0x00,0x00,0x00,0x00,
  0x00,0x00,0x00,0x00,0x00,0x00,0x00,0x00,0x00,0x00,0x00,0x00,0x00,0x00,0x00,0x00,0x00,0x00,0x00,0x00,0x00,0x00,0x00,0x00,
  0x00,0x00,0x00,0x00,0x00,0x00,0x00,0x00,0x00,0x00,0x00,0x00,0x00,0x00,0x00,0x00,0x00,0x00,0x00,0x00,0x00,0x00,0x00,0x00,
  0x00,0x00,0x00,0x00,0x00,0x00,0x00,0x00,0x00,0x00,0x00,0x00,0x00,0x00,0x00,0x00,0x00,0x00,0x00,0x00,0x00,0x00,0x00,0x00,
  0x00,0x00,0x00,0x00,0x00,0x00,0x00,0x00,0x00,0x00,0x00,0x00,0x00,0x00,0x00,0x00,0x00,0x00,0x00,0x00,0x00,0x00,0x00,0x00,
  0x00,0x00,0x00,0x00,0x00,0x00,0x00,0x00,0x00,0x00,0x00,0x00,0x00,0x00,0x00,0x00,0x00,0x00,0x00,0x00,0x00,0x00,0x00,0x00,
  0x00,0x00,0x00,0x00,0x00,0x00,0x00,0x00,0x00,0x00,0x00,0x00,0x00,0x00,0x00,0x00,0x00,0x00,0x00,0x00,0x00,0x00,0x00,0x00,
  0x00,0x00,0x00,0x00,0x00,0x00,0x00,0x00,0x00,0x00,0x00,0x00,0x00,0x00,0x00,0x00,0x00,0x00,0x00,0x00,0x00,0x00,0x00,0x00,
  0x00,0x00,0x00,0x00,0x00,0x00,0x00,0x00,0x00,0x00,0x00,0x00,0x00,0x00,0x00,0x00,0x00,0x00,0x00,0x00,0x00,0x00,0x00,0x00,
  0x00,0x00,0x00,0x00,0x00,0x00,0x00,0x00,0x00,0x00,0x00,0x00,0x00,0x00,0x00,0x00,0x00,0x00,0x00,0x00,0x00,0x00,0x00,0x00,
  0x00,0x00,0x00,0x00,0x00,0x00,0x00,0x00,0x00,0x00,0x00,0x00,0x00,0x00,0x00,0x00,0x00,0x00,0x00,0x00,0x00,0x00,0x00,0x00,
  0x00,0x00,0x00,0x00,0x00,0x00,0x82,0x00,0x94,0x04,0x78,0x05,0x16,0x05,0x36,0x05,0xf5,0x04,0x78,0x05,0x8b,0x02,0x00,0x00,
  0x00,0x00,0x00,0x00,0x20,0x00,0xd0,0x03,0x57,0x05,0x98,0x05,0xed,0x02,0x00,0x00,0x00,0x00,0x00,0x00,0x0d,0x03,0x77,0x05,
  0x57,0x05,0x12,0x04,0x00,0x00,0x00,0x00,0x00,0x00,0x00,0x00,0x00,0x00,0x00,0x00,0x00,0x00,0x00,0x00,0xa3,0x00,0xcc,0x02,
  0xf5,0x04,0x16,0x05,0x86,0x01,0x00,0x00,0x00,0x00,0x00,0x00,0x00,0x00,0x00,0x00,0x00,0x00,0x00,0x00,0x00,0x00,0x00,0x00,
  0x41,0x00,0x73,0x04,0x77,0x05,0x78,0x05,0x4e,0x03,0x00,0x00,0x00,0x00,0x20,0x00,0x32,0x04,0x77,0x05,0x98,0x05,0xb0,0x03,
  0x00,0x00,0x00,0x00,0x00,0x00,0x00,0x00,0xa3,0x00,0x36,0x05,0xfa,0x05,0x98,0x05,0x98,0x05,0xd9,0x05,0x1a,0x06,0xd9,0x05,
  0x3b,0x06,0xd5,0x04,0xa3,0x00,0x00,0x00,0x00,0x00,0x00,0x00,0x00,0x00,0x00,0x00,0x00,0x00,0x00,0x00,0x00,0x00,0x00,0x00,
  0x00,0x00,0x00,0x00,0x00,0x00,0x00,0x00,0x00,0x00,0x00,0x00,0x00,0x00,0x00,0x00,0x00,0x00,0x00,0x00,0x00,0x00,0x00,0x00,
  0x00,0x00,0x00,0x00,0x00,0x00,0x00,0x00,0x00,0x00,0x00,0x00,0x00,0x00,0x00,0x00,0x00,0x00,0x00,0x00,0x00,0x00,0x00,0x00,
  0x00,0x00,0x00,0x00,0x00,0x00,0x00,0x00,0x00,0x00,0x00,0x00,0x00,0x00,0x00,0x00,0x00,0x00,0x00,0x00,0x00,0x00,0x00,0x00,
  0x00,0x00,0x00,0x00,0x00,0x00,0x00,0x00,0x00,0x00,0x00,0x00,0x00,0x00,0x00,0x00,0x00,0x00,0x00,0x00,0x00,0x00,0x00,0x00,
  0x00,0x00,0x00,0x00,0x00,0x00,0x00,0x00,0x00,0x00,0x00,0x00,0x00,0x00,0x00,0x00,0x00,0x00,0x00,0x00,0x00,0x00,0x00,0x00,
  0x00,0x00,0x00,0x00,0x00,0x00,0x00,0x00,0x00,0x00,0x00,0x00,0x00,0x00,0x00,0x00,0x00,0x00,0x00,0x00,0x00,0x00,0x00,0x00,
  0x00,0x00,0x00,0x00,0x00,0x00,0x00,0x00,0x00,0x00,0x00,0x00,0x00,0x00,0x00,0x00,0x00,0x00,0x00,0x00,0x00,0x00,0x00,0x00,
  0x00,0x00,0x00,0x00,0x00,0x00,0x00,0x00,0x00,0x00,0x00,0x00,0x00,0x00,0x00,0x00,0x00,0x00,0x00,0x00,0x00,0x00,0x00,0x00,
  0x00,0x00,0x00,0x00,0x00,0x00,0x00,0x00,0x00,0x00,0x00,0x00,0x00,0x00,0x00,0x00,0x00,0x00,0x00,0x00,0x00,0x00,0x00,0x00,
  0x00,0x00,0x00,0x00,0x00,0x00,0x00,0x00,0x00,0x00,0x00,0x00,0x00,0x00,0x00,0x00,0x00,0x00,0x00,0x00,0x66,0x01,0xf5,0x04,
  0x78,0x05,0x16,0x05,0x36,0x05,0x16,0x05,0xf5,0x04,0x57,0x05,0xd4,0x04,0x61,0x00,0x00,0x00,0x00,0x00,0x62,0x00,0x73,0x04,
  0x16,0x05,0x57,0x05,0xa7,0x01,0x00,0x00,0x41,0x00,0x00,0x00,0xe4,0x00,0x77,0x05,0x57,0x05,0x73,0x04,0x82,0x00,0x00,0x00,
  0x00,0x00,0x00,0x00,0x00,0x00,0x00,0x00,0x00,0x00,0x00,0x00,0x00,0x00,0x00,0x00,0xb0,0x03,0x73,0x04,0x00,0x00,0x00,0x00,
  0x00,0x00,0x00,0x00,0x00,0x00,0x00,0x00,0x00,0x00,0x00,0x00,0x00,0x00,0x00,0x00,0xa3,0x00,0xf5,0x04,0x57,0x05,0x57,0x05,
  0x45,0x01,0x00,0x00,0x20,0x00,0x00,0x00,0x4a,0x02,0x98,0x05,0x98,0x05,0x32,0x04,0x00,0x00,0x00,0x00,0x00,0x00,0x00,0x00,
  0xe3,0x00,0x77,0x05,0xd9,0x05,0x78,0x05,0x98,0x05,0xd9,0x05,0xf9,0x05,0xf9,0x05,0xf9,0x05,0x5b,0x06,0x09,0x02,0x00,0x00,
  0x00,0x00,0x00,0x00,0x00,0x00,0x00,0x00,0x00,0x00,0x00,0x00,0x00,0x00,0x00,0x00,0x00,0x00,0x00,0x00,0x00,0x00,0x00,0x00,
  0x00,0x00,0x00,0x00,0x00,0x00,0x00,0x00,0x00,0x00,0x00,0x00,0x00,0x00,0x00,0x00,0x00,0x00,0x00,0x00,0x00,0x00,0x00,0x00,
  0x00,0x00,0x00,0x00,0x00,0x00,0x00,0x00,0x00,0x00,0x00,0x00,0x00,0x00,0x00,0x00,0x00,0x00,0x00,0x00,0x00,0x00,0x00,0x00,
  0x00,0x00,0x00,0x00,0x00,0x00,0x00,0x00,0x00,0x00,0x00,0x00,0x00,0x00,0x00,0x00,0x00,0x00,0x00,0x00,0x00,0x00,0x00,0x00,
  0x00,0x00,0x00,0x00,0x00,0x00,0x00,0x00,0x00,0x00,0x00,0x00,0x00,0x00,0x00,0x00,0x00,0x00,0x00,0x00,0x00,0x00,0x00,0x00,
  0x00,0x00,0x00,0x00,0x00,0x00,0x00,0x00,0x00,0x00,0x00,0x00,0x00,0x00,0x00,0x00,0x00,0x00,0x00,0x00,0x00,0x00,0x00,0x00,
  0x00,0x00,0x00,0x00,0x00,0x00,0x00,0x00,0x00,0x00,0x00,0x00,0x00,0x00,0x00,0x00,0x00,0x00,0x00,0x00,0x00,0x00,0x00,0x00,
  0x00,0x00,0x00,0x00,0x00,0x00,0x00,0x00,0x00,0x00,0x00,0x00,0x00,0x00,0x00,0x00,0x00,0x00,0x00,0x00,0x00,0x00,0x00,0x00,
  0x00,0x00,0x00,0x00,0x00,0x00,0x00,0x00,0x00,0x00,0x00,0x00,0x00,0x00,0x00,0x00,0x00,0x00,0x00,0x00,0x00,0x00,0x00,0x00,
  0x00,0x00,0x00,0x00,0x00,0x00,0x00,0x00,0x00,0x00,0x00,0x00,0x00,0x00,0x00,0x00,0x00,0x00,0x00,0x00,0x00,0x00,0x00,0x00,
  0x00,0x00,0x00,0x00,0x00,0x00,0x00,0x00,0x00,0x00,0x87,0x01,0x36,0x05,0x77,0x05,0x16,0x05,0x36,0x05,0x16,0x05,0x16,0x05,
  0xf5,0x04,0x36,0x05,0x77,0x05,0xa7,0x01,0x00,0x00,0x00,0x00,0x21,0x00,0xd0,0x03,0x36,0x05,0x77,0x05,0xcc,0x02,0x00,0x00,
  0x00,0x00,0x00,0x00,0x6a,0x02,0x98,0x05,0x77,0x05,0xf1,0x03,0x20,0x00,0x00,0x00,0x00,0x00,0x00,0x00,0x00,0x00,0x00,0x00,
  0x00,0x00,0x00,0x00,0x00,0x00,0x00,0x00,0xb0,0x03,0x93,0x04,0x00,0x00,0x00,0x00,0x00,0x00,0x00,0x00,0x00,0x00,0x00,0x00,
  0x00,0x00,0x00,0x00,0x00,0x00,0x00,0x00,0x82,0x00,0x94,0x04,0x77,0x05,0x78,0x05,0xc8,0x01,0x00,0x00,0x00,0x00,0x00,0x00,
  0x0d,0x03,0x77,0x05,0x98,0x05,0x11,0x04,0x00,0x00,0x00,0x00,0x00,0x00,0x00,0x00,0x04,0x01,0x98,0x05,0xd9,0x05,0xb9,0x05,
  0xd9,0x05,0xd9,0x05,0xd9,0x05,0xfa,0x05,0xfa,0x05,0xbd,0x06,0x4e,0x03,0x00,0x00,0x00,0x00,0x00,0x00,0x00,0x00,0x00,0x00,
  0x00,0x00,0x00,0x00,0x00,0x00,0x00,0x00,0x00,0x00,0x00,0x00,0x00,0x00,0x00,0x00,0x00,0x00,0x00,0x00,0x00,0x00,0x00,0x00,
  0x00,0x00,0x00,0x00,0x00,0x00,0x00,0x00,0x00,0x00,0x00,0x00,0x00,0x00,0x00,0x00,0x00,0x00,0x00,0x00,0x00,0x00,0x00,0x00,
  0x00,0x00,0x00,0x00,0x00,0x00,0x00,0x00,0x00,0x00,0x00,0x00,0x00,0x00,0x00,0x00,0x00,0x00,0x00,0x00,0x00,0x00,0x00,0x00,
  0x00,0x00,0x00,0x00,0x00,0x00,0x00,0x00,0x00,0x00,0x00,0x00,0x00,0x00,0x00,0x00,0x00,0x00,0x00,0x00,0x00,0x00,0x00,0x00,
  0x00,0x00,0x00,0x00,0x00,0x00,0x00,0x00,0x00,0x00,0x00,0x00,0x00,0x00,0x00,0x00,0x00,0x00,0x00,0x00,0x00,0x00,0x00,0x00,
  0x00,0x00,0x00,0x00,0x00,0x00,0x00,0x00,0x00,0x00,0x00,0x00,0x00,0x00,0x00,0x00,0x00,0x00,0x00,0x00,0x00,0x00,0x00,0x00,
  0x00,0x00,0x00,0x00,0x00,0x00,0x00,0x00,0x00,0x00,0x00,0x00,0x00,0x00,0x00,0x00,0x00,0x00,0x00,0x00,0x00,0x00,0x00,0x00,
  0x00,0x00,0x00,0x00,0x00,0x00,0x00,0x00,0x00,0x00,0x00,0x00,0x00,0x00,0x00,0x00,0x00,0x00,0x00,0x00,0x00,0x00,0x00,0x00,
  0x00,0x00,0x00,0x00,0x00,0x00,0x00,0x00,0x00,0x00,0x00,0x00,0x00,0x00,0x00,0x00,0x00,0x00,0x00,0x00,0x00,0x00,0x00,0x00,
  0x00,0x00,0x00,0x00,0x00,0x00,0x00,0x00,0x00,0x00,0x00,0x00,0x00,0x00,0x00,0x00,0x00,0x00,0x00,0x00,0x00,0x00,0x00,0x00,
  0xe4,0x00,0x16,0x05,0x36,0x05,0xf5,0x04,0x16,0x05,0x16,0x05,0x16,0x05,0xf5,0x04,0x36,0x05,0x16,0x05,0x57,0x05,0x0d,0x03,
  0x00,0x00,0x20,0x00,0x00,0x00,0xab,0x02,0x98,0x05,0x16,0x05,0x36,0x05,0xac,0x02,0x66,0x01,0xcc,0x02,0x37,0x05,0x36,0x05,
  0x77,0x05,0xb0,0x03,0x00,0x00,0x00,0x00,0x00,0x00,0x00,0x00,0x00,0x00,0x00,0x00,0x00,0x00,0x00,0x00,0x00,0x00,0x00,0x00,
  0xd0,0x03,0x94,0x04,0x00,0x00,0x00,0x00,0x00,0x00,0x00,0x00,0x00,0x00,0x00,0x00,0x00,0x00,0x00,0x00,0x00,0x00,0x00,0x00,
  0x41,0x00,0x32,0x04,0x77,0x05,0x37,0x05,0xb4,0x04,0x09,0x02,0x04,0x01,0x6a,0x02,0x36,0x05,0x57,0x05,0xb9,0x05,0xac,0x02,
  0x00,0x00,0x00,0x00,0x00,0x00,0x00,0x00,0x24,0x01,0x98,0x05,0xfa,0x05,0xfa,0x05,0x1a,0x06,0xfa,0x05,0xfa,0x05,0xf9,0x05,
  0x1a,0x06,0x9c,0x06,0x32,0x04,0x00,0x00,0x00,0x00,0x00,0x00,0x00,0x00,0x00,0x00,0x00,0x00,0x00,0x00,0x00,0x00,0x00,0x00,
  0x00,0x00,0x00,0x00,0x00,0x00,0x00,0x00,0x00,0x00,0x00,0x00,0x00,0x00,0x00,0x00,0x00,0x00,0x00,0x00,0x00,0x00,0x00,0x00,
  0x00,0x00,0x00,0x00,0x00,0x00,0x00,0x00,0x00,0x00,0x00,0x00,0x00,0x00,0x00,0x00,0x00,0x00,0x00,0x00,0x00,0x00,0x00,0x00,
  0x00,0x00,0x00,0x00,0x00,0x00,0x00,0x00,0x00,0x00,0x00,0x00,0x00,0x00,0x00,0x00,0x00,0x00,0x00,0x00,0x00,0x00,0x00,0x00,
  0x00,0x00,0x00,0x00,0x00,0x00,0x00,0x00,0x00,0x00,0x00,0x00,0x00,0x00,0x00,0x00,0x00,0x00,0x00,0x00,0x00,0x00,0x00,0x00,
  0x00,0x00,0x00,0x00,0x00,0x00,0x00,0x00,0x00,0x00,0x00,0x00,0x00,0x00,0x00,0x00,0x00,0x00,0x00,0x00,0x00,0x00,0x00,0x00,
  0x00,0x00,0x00,0x00,0x00,0x00,0x00,0x00,0x00,0x00,0x00,0x00,0x00,0x00,0x00,0x00,0x00,0x00,0x00,0x00,0x00,0x00,0x00,0x00,
  0x00,0x00,0x00,0x00,0x00,0x00,0x00,0x00,0x00,0x00,0x00,0x00,0x00,0x00,0x00,0x00,0x00,0x00,0x00,0x00,0x00,0x00,0x00,0x00,
  0x00,0x00,0x00,0x00,0x00,0x00,0x00,0x00,0x00,0x00,0x00,0x00,0x00,0x00,0x00,0x00,0x00,0x00,0x00,0x00,0x00,0x00,0x00,0x00,
  0x00,0x00,0x00,0x00,0x00,0x00,0x00,0x00,0x00,0x00,0x00,0x00,0x00,0x00,0x00,0x00,0xa3,0x00,0x6a,0x02,0x4e,0x03,0x6e,0x03,
  0x6a,0x02,0xa2,0x00,0x00,0x00,0x00,0x00,0x00,0x00,0x00,0x00,0x00,0x00,0x41,0x00,0x52,0x04,0x77,0x05,0xd5,0x04,0xf5,0x04,
  0x16,0x05,0x16,0x05,0x16,0x05,0x16,0x05,0x16,0x05,0x16,0x05,0x57,0x05,0x08,0x02,0x00,0x00,0x00,0x00,0x00,0x00,0xe3,0x00,
  0xf5,0x04,0x57,0x05,0xf5,0x04,0x98,0x05,0x57,0x05,0x57,0x05,0xf5,0x04,0x36,0x05,0xd5,0x04,0x36,0x05,0x2e,0x03,0x00,0x00,
  0x00,0x00,0x00,0x00,0x00,0x00,0x00,0x00,0x00,0x00,0x00,0x00,0x00,0x00,0x00,0x00,0xb0,0x03,0x73,0x04,0x00,0x00,0x00,0x00,
  0x00,0x00,0x00,0x00,0x00,0x00,0x00,0x00,0x00,0x00,0x00,0x00,0x00,0x00,0x21,0x00,0xd0,0x03,0x78,0x05,0x36,0x05,0x16,0x05,
  0x77,0x05,0xb8,0x05,0x57,0x05,0xd9,0x05,0x36,0x05,0x98,0x05,0xd5,0x04,0x82,0x00,0x00,0x00,0x00,0x00,0x00,0x00,0x00,0x00,
  0x45,0x01,0x98,0x05,0xf9,0x05,0x1a,0x06,0xfa,0x05,0xfa,0x05,0x1a,0x06,0x5b,0x06,0x3b,0x06,0x7c,0x06,0x94,0x04,0x41,0x00,
  0x00,0x00,0x00,0x00,0x00,0x00,0x00,0x00,0x00,0x00,0x86,0x01,0x8f,0x03,0x52,0x04,0x32,0x04,0x0d,0x03,0xc3,0x00,0x00,0x00,
  0x00,0x00,0x00,0x00,0x00,0x00,0x00,0x00,0x00,0x00,0x00,0x00,0x00,0x00,0x00,0x00,0x00,0x00,0x00,0x00,0x00,0x00,0x00,0x00,
  0x00,0x00,0x00,0x00,0x00,0x00,0x00,0x00,0x00,0x00,0x00,0x00,0x00,0x00,0x00,0x00,0x00,0x00,0x00,0x00,0x00,0x00,0x00,0x00,
  0x00,0x00,0x00,0x00,0x00,0x00,0x00,0x00,0x00,0x00,0x00,0x00,0x00,0x00,0x00,0x00,0x00,0x00,0x00,0x00,0x00,0x00,0x00,0x00,
  0x00,0x00,0x00,0x00,0x00,0x00,0x00,0x00,0x00,0x00,0x00,0x00,0x00,0x00,0x00,0x00,0x00,0x00,0x00,0x00,0x00,0x00,0x00,0x00,
  0x00,0x00,0x00,0x00,0x00,0x00,0x00,0x00,0x00,0x00,0x00,0x00,0x00,0x00,0x00,0x00,0x00,0x00,0x00,0x00,0x00,0x00,0x00,0x00,
  0x00,0x00,0x00,0x00,0x00,0x00,0x00,0x00,0x00,0x00,0x00,0x00,0x00,0x00,0x00,0x00,0x00,0x00,0x00,0x00,0x00,0x00,0x00,0x00,
  0x00,0x00,0x00,0x00,0x00,0x00,0x00,0x00,0x00,0x00,0x00,0x00,0x00,0x00,0x00,0x00,0x00,0x00,0x00,0x00,0x00,0x00,0x00,0x00,
  0x00,0x00,0x00,0x00,0x00,0x00,0x00,0x00,0x00,0x00,0x00,0x00,0x00,0x00,0x00,0x00,0x00,0x00,0x00,0x00,0x00,0x00,0x00,0x00,
  0x00,0x00,0x00,0x00,0x00,0x00,0xe8,0x01,0xd5,0x04,0x37,0x05,0x37,0x05,0x57,0x05,0x77,0x05,0xd5,0x04,0xc7,0x01,0x00,0x00,
  0x00,0x00,0x00,0x00,0x00,0x00,0xc8,0x01,0x98,0x05,0xf5,0x04,0x16,0x05,0x16,0x05,0x16,0x05,0x36,0x05,0x16,0x05,0x16,0x05,
  0x16,0x05,0x57,0x05,0xd5,0x04,0x82,0x00,0x00,0x00,0x00,0x00,0x00,0x00,0x00,0x00,0x66,0x01,0x16,0x05,0x98,0x05,0x77,0x05,
  0x78,0x05,0x77,0x05,0x78,0x05,0x57,0x05,0x57,0x05,0xf5,0x04,0x98,0x05,0x6e,0x03,0x00,0x00,0x00,0x00,0x00,0x00,0x00,0x00,
  0x00,0x00,0x00,0x00,0x00,0x00,0x00,0x00,0xb0,0x03,0x93,0x04,0x00,0x00,0x00,0x00,0x00,0x00,0x00,0x00,0x00,0x00,0x00,0x00,
  0x00,0x00,0x00,0x00,0x21,0x00,0xb0,0x03,0xb8,0x05,0x36,0x05,0x77,0x05,0x77,0x05,0xb8,0x05,0x98,0x05,0x98,0x05,0x78,0x05,
  0xb8,0x05,0x16,0x05,0xa7,0x01,0x00,0x00,0x00,0x00,0x00,0x00,0x00,0x00,0x00,0x00,0x25,0x01,0x98,0x05,0x1a,0x06,0x1a,0x06,
  0xfa,0x05,0xf9,0x05,0x1a,0x06,0x5b,0x06,0x3b,0x06,0x9d,0x06,0x94,0x04,0x20,0x00,0x00,0x00,0x00,0x00,0x00,0x00,0x00,0x00,
  0x8b,0x02,0xfa,0x05,0xfe,0x06,0xdd,0x06,0x9d,0x06,0x9c,0x06,0x1a,0x06,0x8b,0x02,0x00,0x00,0x00,0x00,0x00,0x00,0x00,0x00,
  0x00,0x00,0x00,0x00,0x00,0x00,0x00,0x00,0x00,0x00,0x00,0x00,0x00,0x00,0x00,0x00,0x00,0x00,0x00,0x00,0x00,0x00,0x00,0x00,
  0x00,0x00,0x00,0x00,0x00,0x00,0x00,0x00,0x00,0x00,0x00,0x00,0x00,0x00,0x00,0x00,0x00,0x00,0x00,0x00,0x00,0x00,0x00,0x00,
  0x00,0x00,0x00,0x00,0x00,0x00,0x00,0x00,0x00,0x00,0x00,0x00,0x00,0x00,0x00,0x00,0x00,0x00,0x00,0x00,0x00,0x00,0x00,0x00,
  0x00,0x00,0x00,0x00,0x00,0x00,0x00,0x00,0x00,0x00,0x00,0x00,0x00,0x00,0x00,0x00,0x00,0x00,0x00,0x00,0x00,0x00,0x00,0x00,
  0x00,0x00,0x00,0x00,0x00,0x00,0x00,0x00,0x00,0x00,0x00,0x00,0x00,0x00,0x00,0x00,0x00,0x00,0x00,0x00,0x00,0x00,0x00,0x00,
  0x00,0x00,0x00,0x00,0x00,0x00,0x00,0x00,0x00,0x00,0x00,0x00,0x00,0x00,0x00,0x00,0x00,0x00,0x00,0x00,0x00,0x00,0x00,0x00,
  0x00,0x00,0x00,0x00,0x00,0x00,0x00,0x00,0x00,0x00,0x00,0x00,0x00,0x00,0x00,0x00,0x00,0x00,0x00,0x00,0x00,0x00,0x00,0x00,
  0x00,0x00,0x00,0x00,0x00,0x00,0x00,0x00,0x00,0x00,0x00,0x00,0x00,0x00,0x00,0x00,0x00,0x00,0x00,0x00,0xc7,0x01,0x98,0x05,
  0x36,0x05,0x16,0x05,0x57,0x05,0x36,0x05,0x16,0x05,0x77,0x05,0x57,0x05,0x86,0x01,0x00,0x00,0x00,0x00,0x00,0x00,0x2d,0x03,
  0x57,0x05,0xf5,0x04,0x16,0x05,0x16,0x05,0x36,0x05,0x16,0x05,0xf5,0x04,0x16,0x05,0xf5,0x04,0xb9,0x05,0xab,0x02,0x00,0x00,
  0x00,0x00,0x00,0x00,0x00,0x00,0x00,0x00,0x00,0x00,0x04,0x01,0x6f,0x03,0x94,0x04,0xd5,0x04,0xb4,0x04,0x6f,0x03,0x87,0x01,
  0xf1,0x03,0x98,0x05,0x16,0x05,0xb9,0x05,0x4e,0x03,0x21,0x00,0x00,0x00,0x00,0x00,0x00,0x00,0x00,0x00,0x00,0x00,0x00,0x00,
  0xd0,0x03,0x94,0x04,0x00,0x00,0x00,0x00,0x00,0x00,0x00,0x00,0x00,0x00,0x00,0x00,0x00,0x00,0x61,0x00,0xb0,0x03,0xd9,0x05,
  0xf5,0x04,0xb8,0x05,0xd0,0x03,0xe8,0x01,0x52,0x04,0x16,0x05,0x36,0x05,0xf5,0x04,0xf1,0x03,0xe3,0x00,0x00,0x00,0x00,0x00,
  0x00,0x00,0x00,0x00,0x00,0x00,0x00,0x00,0x25,0x01,0xfa,0x05,0x3b,0x06,0x1a,0x06,0xf9,0x05,0xfa,0x05,0x3b,0x06,0x3b,0x06,
  0x1a,0x06,0xbd,0x06,0x73,0x04,0x00,0x00,0x00,0x00,0x00,0x00,0x00,0x00,0x8b,0x02,0xbd,0x06,0xbd,0x06,0xbd,0x06,0xdd,0x06,
  0xbd,0x06,0xdd,0x06,0xde,0x06,0x9d,0x06,0x29,0x02,0x00,0x00,0x00,0x00,0x00,0x00,0x00,0x00,0x00,0x00,0x00,0x00,0x00,0x00,
  0x00,0x00,0x00,0x00,0x00,0x00,0x00,0x00,0x00,0x00,0x00,0x00,0x00,0x00,0x00,0x00,0x00,0x00,0x00,0x00,0x00,0x00,0x00,0x00,
  0x00,0x00,0x00,0x00,0x00,0x00,0x00,0x00,0x00,0x00,0x00,0x00,0x00,0x00,0x00,0x00,0x00,0x00,0x00,0x00,0x00,0x00,0x00,0x00,
  0x00,0x00,0x00,0x00,0x00,0x00,0x00,0x00,0x00,0x00,0x00,0x00,0x00,0x00,0x00,0x00,0x00,0x00,0x00,0x00,0x00,0x00,0x00,0x00,
  0x00,0x00,0x00,0x00,0x00,0x00,0x00,0x00,0x00,0x00,0x00,0x00,0x00,0x00,0x00,0x00,0x00,0x00,0x00,0x00,0x00,0x00,0x00,0x00,
  0x00,0x00,0x00,0x00,0x00,0x00,0x00,0x00,0x00,0x00,0x00,0x00,0x00,0x00,0x00,0x00,0x00,0x00,0x00,0x00,0x00,0x00,0x00,0x00,
  0x00,0x00,0x00,0x00,0x00,0x00,0x00,0x00,0x00,0x00,0x00,0x00,0x00,0x00,0x00,0x00,0x00,0x00,0x00,0x00,0x00,0x00,0x00,0x00,
  0x00,0x00,0x00,0x00,0x00,0x00,0x00,0x00,0x00,0x00,0x00,0x00,0x00,0x00,0x00,0x00,0x00,0x00,0x00,0x00,0x00,0x00,0x00,0x00,
  0x00,0x00,0x00,0x00,0x00,0x00,0x00,0x00,0x00,0x00,0x82,0x00,0x93,0x04,0x57,0x05,0x37,0x05,0xb4,0x04,0xed,0x02,0x4e,0x03,
  0xf5,0x04,0x16,0x05,0x77,0x05,0x73,0x04,0x00,0x00,0x00,0x00,0x41,0x00,0xf1,0x03,0x36,0x05,0xf5,0x04,0x16,0x05,0x16,0x05,
  0x16,0x05,0x16,0x05,0x16,0x05,0xf5,0x04,0xb9,0x05,0x11,0x04,0x41,0x00,0x00,0x00,0x00,0x00,0x00,0x00,0x00,0x00,0x00,0x00,
  0x00,0x00,0x00,0x00,0x00,0x00,0x82,0x00,0xa2,0x00,0x82,0x00,0x00,0x00,0x00,0x00,0x62,0x00,0x11,0x04,0x98,0x05,0x16,0x05,
  0xd9,0x05,0x66,0x01,0x00,0x00,0x00,0x00,0x00,0x00,0x00,0x00,0x00,0x00,0x00,0x00,0xd0,0x03,0x94,0x04,0x00,0x00,0x00,0x00,
  0x00,0x00,0x00,0x00,0x00,0x00,0x00,0x00,0x00,0x00,0x29,0x02,0xd9,0x05,0x16,0x05,0x98,0x05,0x11,0x04,0x41,0x00,0x00,0x00,
  0x41,0x00,0xc3,0x00,0x04,0x01,0xc3,0x00,0x00,0x00,0x00,0x00,0x00,0x00,0x00,0x00,0x00,0x00,0x00,0x00,0x00,0x00,0x00,0x00,
  0xe4,0x00,0xb8,0x05,0x3b,0x06,0x1a,0x06,0xd9,0x05,0x1a,0x06,0x3b,0x06,0x3b,0x06,0x1a,0x06,0xbd,0x06,0xf1,0x03,0x00,0x00,
  0x00,0x00,0x00,0x00,0xa3,0x00,0xf9,0x05,0xdd,0x06,0xbd,0x06,0x7c,0x06,0x73,0x04,0x73,0x04,0x7c,0x06,0xfe,0x06,0xbd,0x06,
  0x57,0x05,0x62,0x00,0x00,0x00,0x00,0x00,0x00,0x00,0x00,0x00,0x00,0x00,0x00,0x00,0x00,0x00,0x00,0x00,0x00,0x00,0x00,0x00,
  0x00,0x00,0x00,0x00,0x00,0x00,0x00,0x00,0x00,0x00,0x00,0x00,0x00,0x00,0x00,0x00,0x00,0x00,0x00,0x00,0x00,0x00,0x00,0x00,
  0x00,0x00,0x00,0x00,0x00,0x00,0x00,0x00,0x00,0x00,0x00,0x00,0x00,0x00,0x00,0x00,0x00,0x00,0x00,0x00,0x00,0x00,0x00,0x00,
  0x00,0x00,0x00,0x00,0x00,0x00,0x00,0x00,0x00,0x00,0x00,0x00,0x00,0x00,0x00,0x00,0x00,0x00,0x00,0x00,0x00,0x00,0x00,0x00,
  0x00,0x00,0x00,0x00,0x00,0x00,0x00,0x00,0x00,0x00,0x00,0x00,0x00,0x00,0x00,0x00,0x00,0x00,0x00,0x00,0x00,0x00,0x00,0x00,
  0x00,0x00,0x00,0x00,0x00,0x00,0x00,0x00,0x00,0x00,0x00,0x00,0x00,0x00,0x00,0x00,0x00,0x00,0x00,0x00,0x00,0x00,0x00,0x00,
  0x00,0x00,0x00,0x00,0x00,0x00,0x00,0x00,0x00,0x00,0x00,0x00,0x00,0x00,0x00,0x00,0x00,0x00,0x00,0x00,0x00,0x00,0x00,0x00,
  0x00,0x00,0x00,0x00,0x00,0x00,0x00,0x00,0x00,0x00,0x00,0x00,0x00,0x00,0x00,0x00,0x00,0x00,0x00,0x00,0x00,0x00,0x00,0x00,
  0x00,0x00,0xe8,0x01,0x57,0x05,0xf5,0x04,0x16,0x05,0x04,0x01,0x00,0x00,0x00,0x00,0x25,0x01,0x16,0x05,0x36,0x05,0x36,0x05,
  0x66,0x01,0x00,0x00,0x20,0x00,0x8f,0x03,0x57,0x05,0xf5,0x04,0x16,0x05,0x16,0x05,0x16,0x05,0x16,0x05,0xf5,0x04,0x98,0x05,
  0x53,0x04,0x82,0x00,0x00,0x00,0x00,0x00,0x00,0x00,0x00,0x00,0x00,0x00,0x00,0x00,0x00,0x00,0x00,0x00,0x00,0x00,0x00,0x00,
  0x00,0x00,0x00,0x00,0x00,0x00,0x00,0x00,0x00,0x00,0x00,0x00,0x53,0x04,0x57,0x05,0x57,0x05,0x66,0x01,0x00,0x00,0x00,0x00,
  0x00,0x00,0x00,0x00,0x00,0x00,0x00,0x00,0xb0,0x03,0x73,0x04,0x00,0x00,0x00,0x00,0x00,0x00,0x00,0x00,0x00,0x00,0x00,0x00,
  0x00,0x00,0x4a,0x02,0x98,0x05,0x77,0x05,0xd5,0x04,0x82,0x00,0x00,0x00,0x00,0x00,0x00,0x00,0x00,0x00,0x00,0x00,0x00,0x00,
  0x00,0x00,0x00,0x00,0x00,0x00,0x00,0x00,0x00,0x00,0x00,0x00,0x00,0x00,0x00,0x00,0x20,0x00,0x32,0x04,0x1a,0x06,0x1a,0x06,
  0x1a,0x06,0x1a,0x06,0x3b,0x06,0x3b,0x06,0x1a,0x06,0xde,0x06,0xf1,0x03,0x00,0x00,0x00,0x00,0x00,0x00,0x6a,0x02,0xfe,0x06,
  0xbd,0x06,0x7c,0x06,0xac,0x02,0x00,0x00,0x82,0x00,0xac,0x02,0x7c,0x06,0x9d,0x06,0x9c,0x06,0xa7,0x01,0x00,0x00,0x00,0x00,
  0x00,0x00,0x00,0x00,0x00,0x00,0x00,0x00,0x00,0x00,0x00,0x00,0x00,0x00,0x00,0x00,0x00,0x00,0x00,0x00,0x00,0x00,0x00,0x00,
  0x00,0x00,0x00,0x00,0x00,0x00,0x00,0x00,0x00,0x00,0x00,0x00,0x00,0x00,0x00,0x00,0x00,0x00,0x00,0x00,0x00,0x00,0x00,0x00,
  0x00,0x00,0x00,0x00,0x00,0x00,0x00,0x00,0x00,0x00,0x00,0x00,0x00,0x00,0x00,0x00,0x00,0x00,0x00,0x00,0x00,0x00,0x00,0x00,
  0x00,0x00,0x00,0x00,0x00,0x00,0x00,0x00,0x00,0x00,0x00,0x00,0x00,0x00,0x00,0x00,0x00,0x00,0x00,0x00,0x00,0x00,0x00,0x00,
  0x00,0x00,0x00,0x00,0x00,0x00,0x00,0x00,0x00,0x00,0x00,0x00,0x00,0x00,0x00,0x00,0x00,0x00,0x00,0x00,0x00,0x00,0x00,0x00,
  0x00,0x00,0x00,0x00,0x00,0x00,0x00,0x00,0x00,0x00,0x00,0x00,0x00,0x00,0x00,0x00,0x00,0x00,0x00,0x00,0x00,0x00,0x00,0x00,
  0x00,0x00,0x00,0x00,0x00,0x00,0x00,0x00,0x00,0x00,0x00,0x00,0x00,0x00,0x00,0x00,0x00,0x00,0x00,0x00,0x00,0x00,0x00,0x00,
  0x00,0x00,0x00,0x00,0x00,0x00,0x00,0x00,0x00,0x00,0x00,0x00,0x00,0x00,0x00,0x00,0x00,0x00,0xab,0x02,0x57,0x05,0x36,0x05,
  0xb0,0x03,0x00,0x00,0x00,0x00,0x00,0x00,0x20,0x00,0x11,0x04,0x77,0x05,0x57,0x05,0x09,0x02,0x00,0x00,0x00,0x00,0xe8,0x01,
  0x77,0x05,0x16,0x05,0x16,0x05,0x36,0x05,0x16,0x05,0xf5,0x04,0x78,0x05,0x11,0x04,0x82,0x00,0x00,0x00,0x00,0x00,0x00,0x00,
  0x00,0x00,0x00,0x00,0x00,0x00,0x00,0x00,0x00,0x00,0x00,0x00,0x00,0x00,0x00,0x00,0x00,0x00,0x00,0x00,0x00,0x00,0x00,0x00,
  0x00,0x00,0x00,0x00,0xd0,0x03,0x77,0x05,0x78,0x05,0x66,0x01,0x00,0x00,0x00,0x00,0x00,0x00,0x00,0x00,0x00,0x00,0x00,0x00,
  0xaf,0x03,0x93,0x04,0x00,0x00,0x00,0x00,0x00,0x00,0x00,0x00,0x00,0x00,0x00,0x00,0x00,0x00,0x4a,0x02,0x98,0x05,0x78,0x05,
  0x32,0x04,0x41,0x00,0x00,0x00,0x00,0x00,0x00,0x00,0x00,0x00,0x00,0x00,0x00,0x00,0x00,0x00,0x00,0x00,0x00,0x00,0x00,0x00,
  0x00,0x00,0x00,0x00,0x00,0x00,0x00,0x00,0x00,0x00,0x4a,0x02,0x5b,0x06,0x3b,0x06,0x9c,0x06,0x3b,0x06,0x1a,0x06,0x1a,0x06,
  0x3b,0x06,0x1e,0x07,0x8f,0x03,0x00,0x00,0x20,0x00,0x00,0x00,0xec,0x02,0x1e,0x07,0xfe,0x06,0x77,0x05,0xc3,0x00,0x00,0x00,
  0x00,0x00,0xa3,0x00,0x16,0x05,0x1e,0x07,0xdd,0x06,0xcc,0x02,0x00,0x00,0x00,0x00,0x00,0x00,0x00,0x00,0x00,0x00,0x00,0x00,
  0x00,0x00,0x00,0x00,0x00,0x00,0x00,0x00,0x00,0x00,0x00,0x00,0x00,0x00,0x00,0x00,0x00,0x00,0x00,0x00,0x00,0x00,0x00,0x00,
  0x00,0x00,0x00,0x00,0x00,0x00,0x00,0x00,0x00,0x00,0x00,0x00,0x00,0x00,0x00,0x00,0x00,0x00,0x00,0x00,0x00,0x00,0x00,0x00,
  0x00,0x00,0x00,0x00,0x00,0x00,0x00,0x00,0x00,0x00,0x00,0x00,0x00,0x00,0x00,0x00,0x00,0x00,0x00,0x00,0x00,0x00,0x00,0x00,
  0x00,0x00,0x00,0x00,0x00,0x00,0x00,0x00,0x00,0x00,0x00,0x00,0x00,0x00,0x00,0x00,0x00,0x00,0x00,0x00,0x00,0x00,0x00,0x00,
  0x00,0x00,0x00,0x00,0x00,0x00,0x00,0x00,0x00,0x00,0x00,0x00,0x00,0x00,0x00,0x00,0x00,0x00,0x00,0x00,0x00,0x00,0x00,0x00,
  0x00,0x00,0x00,0x00,0x00,0x00,0x00,0x00,0x00,0x00,0x00,0x00,0x00,0x00,0x00,0x00,0x00,0x00,0x00,0x00,0x00,0x00,0x00,0x00,
  0x00,0x00,0x00,0x00,0x00,0x00,0x00,0x00,0x00,0x00,0x00,0x00,0x00,0x00,0x00,0x00,0x00,0x00,0x00,0x00,0x00,0x00,0x00,0x00,
  0x00,0x00,0x00,0x00,0x00,0x00,0x00,0x00,0x00,0x00,0x8b,0x02,0x77,0x05,0x36,0x05,0x53,0x04,0x41,0x00,0x00,0x00,0x00,0x00,
  0x61,0x00,0xb4,0x04,0x36,0x05,0x36,0x05,0xe8,0x01,0x00,0x00,0x00,0x00,0x00,0x00,0x32,0x04,0x57,0x05,0x16,0x05,0x36,0x05,
  0x16,0x05,0x98,0x05,0x8f,0x03,0x41,0x00,0x00,0x00,0x00,0x00,0x00,0x00,0x00,0x00,0x00,0x00,0x00,0x00,0x00,0x00,0x00,0x00,
  0x00,0x00,0x00,0x00,0x00,0x00,0x00,0x00,0x00,0x00,0x00,0x00,0x00,0x00,0x00,0x00,0x00,0x00,0x00,0x00,0xf1,0x03,0x77,0x05,
  0x98,0x05,0x66,0x01,0x00,0x00,0x00,0x00,0x00,0x00,0x00,0x00,0x00,0x00,0x82,0x00,0x93,0x04,0xf5,0x04,0x66,0x01,0x00,0x00,
  0x00,0x00,0x00,0x00,0x00,0x00,0x00,0x00,0x00,0x00,0x4a,0x02,0x98,0x05,0x57,0x05,0x32,0x04,0x41,0x00,0x00,0x00,0x00,0x00,
  0x00,0x00,0x00,0x00,0x00,0x00,0x00,0x00,0x00,0x00,0x00,0x00,0x00,0x00,0x00,0x00,0x00,0x00,0x00,0x00,0x00,0x00,0x00,0x00,
  0x00,0x00,0x00,0x00,0xf5,0x04,0xdd,0x06,0x9c,0x06,0x5b,0x06,0xfa,0x05,0x3b,0x06,0x5b,0x06,0x1e,0x07,0x2e,0x03,0x00,0x00,
  0x20,0x00,0x00,0x00,0xec,0x02,0x1f,0x07,0xde,0x06,0xfa,0x05,0x45,0x01,0x00,0x00,0x00,0x00,0x25,0x01,0x98,0x05,0xde,0x06,
  0xdd,0x06,0x8b,0x02,0x00,0x00,0x00,0x00,0x00,0x00,0x00,0x00,0x00,0x00,0x00,0x00,0x00,0x00,0x00,0x00,0x00,0x00,0x00,0x00,
  0x00,0x00,0x00,0x00,0x00,0x00,0x00,0x00,0x00,0x00,0x00,0x00,0x00,0x00,0x00,0x00,0x00,0x00,0x00,0x00,0x00,0x00,0x00,0x00,
  0x00,0x00,0x00,0x00,0x00,0x00,0x00,0x00,0x00,0x00,0x00,0x00,0x00,0x00,0x00,0x00,0x00,0x00,0x00,0x00,0x00,0x00,0x00,0x00,
  0x00,0x00,0x00,0x00,0x00,0x00,0x00,0x00,0x00,0x00,0x00,0x00,0x00,0x00,0x00,0x00,0x00,0x00,0x00,0x00,0x00,0x00,0x00,0x00,
  0x00,0x00,0x00,0x00,0x00,0x00,0x00,0x00,0x00,0x00,0x00,0x00,0x00,0x00,0x00,0x00,0x00,0x00,0x00,0x00,0x00,0x00,0x00,0x00,
  0x00,0x00,0x00,0x00,0x00,0x00,0x00,0x00,0x00,0x00,0x00,0x00,0x00,0x00,0x00,0x00,0x00,0x00,0x00,0x00,0x00,0x00,0x00,0x00,
  0x00,0x00,0x00,0x00,0x00,0x00,0x00,0x00,0x00,0x00,0x00,0x00,0x00,0x00,0x00,0x00,0x00,0x00,0x00,0x00,0x00,0x00,0x00,0x00,
  0x00,0x00,0x00,0x00,0x00,0x00,0x00,0x00,0x00,0x00,0x00,0x00,0x00,0x00,0x00,0x00,0x00,0x00,0x00,0x00,0x00,0x00,0x00,0x00,
  0x00,0x00,0x25,0x01,0x36,0x05,0x16,0x05,0x57,0x05,0x4e,0x03,0x45,0x01,0x66,0x01,0xb0,0x03,0x36,0x05,0x36,0x05,0xd5,0x04,
  0x61,0x00,0x00,0x00,0x00,0x00,0x00,0x00,0x45,0x01,0x57,0x05,0x36,0x05,0x36,0x05,0x78,0x05,0x4a,0x02,0x00,0x00,0x00,0x00,
  0x00,0x00,0x00,0x00,0x00,0x00,0x00,0x00,0x00,0x00,0x00,0x00,0x00,0x00,0x00,0x00,0x00,0x00,0x00,0x00,0x00,0x00,0x00,0x00,
  0x00,0x00,0x00,0x00,0x00,0x00,0x00,0x00,0x00,0x00,0x00,0x00,0xf0,0x03,0x57,0x05,0x78,0x05,0x66,0x01,0x00,0x00,0x00,0x00,
  0x00,0x00,0x00,0x00,0x41,0x00,0xf1,0x03,0x57,0x05,0x57,0x05,0xb4,0x04,0x61,0x00,0x00,0x00,0x00,0x00,0x00,0x00,0x00,0x00,
  0x00,0x00,0x49,0x02,0x98,0x05,0x57,0x05,0x32,0x04,0x41,0x00,0x00,0x00,0x00,0x00,0x00,0x00,0x00,0x00,0x00,0x00,0x00,0x00,
  0x00,0x00,0x00,0x00,0x00,0x00,0x00,0x00,0x00,0x00,0x00,0x00,0x00,0x00,0x00,0x00,0x00,0x00,0x00,0x00,0x04,0x01,0x36,0x05,
  0xbd,0x06,0x7c,0x06,0x5b,0x06,0x7c,0x06,0x9c,0x06,0xbd,0x06,0xed,0x02,0x00,0x00,0x20,0x00,0x00,0x00,0x4a,0x02,0xdd,0x06,
  0xde,0x06,0xbd,0x06,0x93,0x04,0x87,0x01,0xa7,0x01,0xb4,0x04,0xbd,0x06,0x7c,0x06,0x3b,0x06,0x46,0x01,0x00,0x00,0x00,0x00,
  0x00,0x00,0x00,0x00,0x00,0x00,0x00,0x00,0x00,0x00,0x00,0x00,0x00,0x00,0x00,0x00,0x00,0x00,0x00,0x00,0x00,0x00,0x00,0x00,
  0x00,0x00,0x00,0x00,0x00,0x00,0x00,0x00,0x00,0x00,0x00,0x00,0x00,0x00,0x00,0x00,0x00,0x00,0x00,0x00,0x00,0x00,0x00,0x00,
  0x00,0x00,0x00,0x00,0x00,0x00,0x00,0x00,0x00,0x00,0x00,0x00,0x00,0x00,0x00,0x00,0x00,0x00,0x00,0x00,0x00,0x00,0x00,0x00,
  0x00,0x00,0x00,0x00,0x00,0x00,0x00,0x00,0x00,0x00,0x00,0x00,0x00,0x00,0x00,0x00,0x00,0x00,0x00,0x00,0x00,0x00,0x00,0x00,
  0x00,0x00,0x00,0x00,0x00,0x00,0x00,0x00,0x00,0x00,0x00,0x00,0x00,0x00,0x00,0x00,0x00,0x00,0x00,0x00,0x00,0x00,0x00,0x00,
  0x00,0x00,0x00,0x00,0x00,0x00,0x00,0x00,0x00,0x00,0x00,0x00,0x00,0x00,0x00,0x00,0x00,0x00,0x00,0x00,0x00,0x00,0x00,0x00,
  0x00,0x00,0x00,0x00,0x00,0x00,0x00,0x00,0x00,0x00,0x00,0x00,0x00,0x00,0x00,0x00,0x00,0x00,0x00,0x00,0x00,0x00,0x00,0x00,
  0x00,0x00,0x00,0x00,0x00,0x00,0x00,0x00,0x00,0x00,0x00,0x00,0x00,0x00,0x00,0x00,0x00,0x00,0x00,0x00,0x2e,0x03,0x98,0x05,
  0xd5,0x04,0x57,0x05,0x16,0x05,0x36,0x05,0x77,0x05,0x16,0x05,0x36,0x05,0x57,0x05,0xed,0x02,0x00,0x00,0x00,0x00,0x20,0x00,
  0x00,0x00,0xec,0x02,0xb9,0x05,0x36,0x05,0xc8,0x01,0x00,0x00,0x00,0x00,0x00,0x00,0x00,0x00,0x00,0x00,0x00,0x00,0x00,0x00,
  0x00,0x00,0x00,0x00,0x00,0x00,0x00,0x00,0x00,0x00,0x00,0x00,0x00,0x00,0x00,0x00,0x00,0x00,0x00,0x00,0x00,0x00,0x00,0x00,
  0x00,0x00,0x00,0x00,0xf1,0x03,0x57,0x05,0x98,0x05,0x66,0x01,0x00,0x00,0x00,0x00,0x00,0x00,0x00,0x00,0x82,0x00,0xd4,0x04,
  0x57,0x05,0x77,0x05,0x16,0x05,0xc3,0x00,0x00,0x00,0x00,0x00,0x00,0x00,0x00,0x00,0x00,0x00,0x4a,0x02,0x98,0x05,0x57,0x05,
  0x11,0x04,0x41,0x00,0x00,0x00,0x00,0x00,0x00,0x00,0x00,0x00,0x00,0x00,0x00,0x00,0x00,0x00,0x00,0x00,0x00,0x00,0x00,0x00,
  0x00,0x00,0x00,0x00,0x00,0x00,0x00,0x00,0x00,0x00,0x00,0x00,0x00,0x00,0x82,0x00,0xec,0x02,0x94,0x04,0xb8,0x05,0x7c,0x06,
  0xbd,0x06,0x1e,0x07,0xcc,0x02,0x00,0x00,0x00,0x00,0x20,0x00,0x11,0x04,0xfe,0x06,0xdd,0x06,0xbd,0x06,0xdd,0x06,0x5b,0x06,
  0x7c,0x06,0xdd,0x06,0x5b,0x06,0xbd,0x06,0xd0,0x03,0x00,0x00,0x00,0x00,0x00,0x00,0x00,0x00,0x00,0x00,0x00,0x00,0x00,0x00,
  0x00,0x00,0x00,0x00,0x00,0x00,0x00,0x00,0x00,0x00,0x00,0x00,0x00,0x00,0x00,0x00,0x00,0x00,0x00,0x00,0x00,0x00,0x00,0x00,
  0x00,0x00,0x00,0x00,0x00,0x00,0x00,0x00,0x00,0x00,0x00,0x00,0x00,0x00,0x00,0x00,0x00,0x00,0x00,0x00,0x00,0x00,0x00,0x00,
  0x00,0x00,0x00,0x00,0x00,0x00,0x00,0x00,0x00,0x00,0x00,0x00,0x00,0x00,0x00,0x00,0x00,0x00,0x00,0x00,0x00,0x00,0x00,0x00,
  0x00,0x00,0x00,0x00,0x00,0x00,0x00,0x00,0x00,0x00,0x00,0x00,0x00,0x00,0x00,0x00,0x00,0x00,0x00,0x00,0x00,0x00,0x00,0x00,
  0x00,0x00,0x00,0x00,0x00,0x00,0x00,0x00,0x00,0x00,0x00,0x00,0x00,0x00,0x00,0x00,0x00,0x00,0x00,0x00,0x00,0x00,0x00,0x00,
  0x00,0x00,0x00,0x00,0x00,0x00,0x00,0x00,0x00,0x00,0x00,0x00,0x00,0x00,0x00,0x00,0x00,0x00,0x00,0x00,0x00,0x00,0x00,0x00,
  0x00,0x00,0x00,0x00,0x00,0x00,0x00,0x00,0x00,0x00,0x00,0x00,0x00,0x00,0x00,0x00,0x00,0x00,0x00,0x00,0x00,0x00,0x00,0x00,
  0x00,0x00,0x00,0x00,0x00,0x00,0x00,0x00,0x00,0x00,0x00,0x00,0x41,0x00,0x32,0x04,0x98,0x05,0x57,0x05,0x57,0x05,0x57,0x05,
  0x57,0x05,0x98,0x05,0x36,0x05,0x15,0x05,0x98,0x05,0x2d,0x03,0x00,0x00,0x00,0x00,0x00,0x00,0x61,0x00,0x11,0x04,0xa7,0x01,
  0x00,0x00,0x00,0x00,0x00,0x00,0x00,0x00,0x00,0x00,0x00,0x00,0x00,0x00,0x00,0x00,0x00,0x00,0x00,0x00,0x00,0x00,0x00,0x00,
  0x00,0x00,0x00,0x00,0x00,0x00,0x00,0x00,0x00,0x00,0x00,0x00,0x00,0x00,0x00,0x00,0x00,0x00,0x00,0x00,0xf1,0x03,0x77,0x05,
  0x98,0x05,0x66,0x01,0x00,0x00,0x00,0x00,0x00,0x00,0x00,0x00,0x82,0x00,0x93,0x04,0x57,0x05,0x57,0x05,0x16,0x05,0xc3,0x00,
  0x00,0x00,0x00,0x00,0x00,0x00,0x00,0x00,0x00,0x00,0x4a,0x02,0x98,0x05,0x77,0x05,0x32,0x04,0x41,0x00,0x00,0x00,0x00,0x00,
  0x00,0x00,0x00,0x00,0x00,0x00,0x00,0x00,0x00,0x00,0x00,0x00,0x00,0x00,0x00,0x00,0x00,0x00,0x00,0x00,0x00,0x00,0x00,0x00,
  0x00,0x00,0x00,0x00,0x00,0x00,0x00,0x00,0x00,0x00,0x41,0x00,0xc3,0x00,0x66,0x01,0x29,0x02,0x11,0x04,0xa7,0x01,0x00,0x00,
  0x00,0x00,0xb0,0x03,0xfe,0x06,0xbd,0x06,0xfe,0x06,0x3f,0x07,0xdd,0x06,0xdd,0x06,0x1e,0x07,0xfe,0x06,0xfe,0x06,0xd5,0x04,
  0x62,0x00,0x00,0x00,0x00,0x00,0x00,0x00,0x00,0x00,0x00,0x00,0x00,0x00,0x00,0x00,0x00,0x00,0x00,0x00,0x00,0x00,0x00,0x00,
  0x00,0x00,0x00,0x00,0x00,0x00,0x00,0x00,0x00,0x00,0x00,0x00,0x00,0x00,0x00,0x00,0x00,0x00,0x00,0x00,0x00,0x00,0x00,0x00,
  0x00,0x00,0x00,0x00,0x00,0x00,0x00,0x00,0x00,0x00,0x00,0x00,0x00,0x00,0x00,0x00,0x00,0x00,0x00,0x00,0x00,0x00,0x00,0x00,
  0x00,0x00,0x00,0x00,0x00,0x00,0x00,0x00,0x00,0x00,0x00,0x00,0x00,0x00,0x00,0x00,0x00,0x00,0x00,0x00,0x00,0x00,0x00,0x00,
  0x00,0x00,0x00,0x00,0x00,0x00,0x00,0x00,0x00,0x00,0x00,0x00,0x00,0x00,0x00,0x00,0x00,0x00,0x00,0x00,0x00,0x00,0x00,0x00,
  0x00,0x00,0x00,0x00,0x00,0x00,0x00,0x00,0x00,0x00,0x00,0x00,0x00,0x00,0x00,0x00,0x00,0x00,0x00,0x00,0x00,0x00,0x00,0x00,
  0x00,0x00,0x00,0x00,0x00,0x00,0x00,0x00,0x00,0x00,0x00,0x00,0x00,0x00,0x00,0x00,0x00,0x00,0x00,0x00,0x00,0x00,0x00,0x00,
  0x00,0x00,0x00,0x00,0x00,0x00,0x00,0x00,0x00,0x00,0x00,0x00,0x00,0x00,0x00,0x00,0x00,0x00,0x00,0x00,0x00,0x00,0x00,0x00,
  0x00,0x00,0x00,0x00,0x00,0x00,0x62,0x00,0x0d,0x03,0x94,0x04,0x16,0x05,0xf5,0x04,0x73,0x04,0xac,0x02,0x32,0x04,0x57,0x05,
  0xf5,0x04,0x98,0x05,0x2e,0x03,0x00,0x00,0x00,0x00,0x00,0x00,0x00,0x00,0x00,0x00,0x00,0x00,0x00,0x00,0x00,0x00,0x00,0x00,
  0x00,0x00,0x00,0x00,0x00,0x00,0x00,0x00,0x00,0x00,0x00,0x00,0x00,0x00,0x00,0x00,0x00,0x00,0x00,0x00,0x00,0x00,0x00,0x00,
  0x00,0x00,0x00,0x00,0x00,0x00,0x00,0x00,0x00,0x00,0x00,0x00,0xf1,0x03,0x78,0x05,0x77,0x05,0x66,0x01,0x00,0x00,0x00,0x00,
  0x00,0x00,0x00,0x00,0xa2,0x00,0xb4,0x04,0x36,0x05,0x57,0x05,0x16,0x05,0xc3,0x00,0x00,0x00,0x00,0x00,0x00,0x00,0x00,0x00,
  0x00,0x00,0x4a,0x02,0x98,0x05,0x77,0x05,0x52,0x04,0x41,0x00,0x00,0x00,0x00,0x00,0x00,0x00,0x00,0x00,0x00,0x00,0x00,0x00,
  0x00,0x00,0x00,0x00,0x00,0x00,0x00,0x00,0x00,0x00,0x00,0x00,0x00,0x00,0x00,0x00,0x00,0x00,0x00,0x00,0x00,0x00,0x00,0x00,
  0x00,0x00,0x00,0x00,0x00,0x00,0x00,0x00,0x00,0x00,0x00,0x00,0x00,0x00,0x82,0x00,0xd0,0x03,0xde,0x06,0x9c,0x06,0xfe,0x06,
  0x57,0x05,0x32,0x04,0xb9,0x05,0x3b,0x06,0x9c,0x06,0xfa,0x05,0xd0,0x03,0xe4,0x00,0x00,0x00,0x00,0x00,0x00,0x00,0x00,0x00,
  0x00,0x00,0x00,0x00,0x00,0x00,0x00,0x00,0x00,0x00,0x00,0x00,0x00,0x00,0x00,0x00,0x00,0x00,0x00,0x00,0x00,0x00,0x00,0x00,
  0x00,0x00,0x00,0x00,0x00,0x00,0x00,0x00,0x00,0x00,0x00,0x00,0x00,0x00,0x00,0x00,0x00,0x00,0x00,0x00,0x00,0x00,0x00,0x00,
  0x00,0x00,0x00,0x00,0x00,0x00,0x00,0x00,0x00,0x00,0x00,0x00,0x00,0x00,0x00,0x00,0x00,0x00,0x00,0x00,0x00,0x00,0x00,0x00,
  0x00,0x00,0x00,0x00,0x00,0x00,0x00,0x00,0x00,0x00,0x00,0x00,0x00,0x00,0x00,0x00,0x00,0x00,0x00,0x00,0x00,0x00,0x00,0x00,
  0x00,0x00,0x00,0x00,0x00,0x00,0x00,0x00,0x00,0x00,0x00,0x00,0x00,0x00,0x00,0x00,0x00,0x00,0x00,0x00,0x00,0x00,0x00,0x00,
  0x00,0x00,0x00,0x00,0x00,0x00,0x00,0x00,0x00,0x00,0x00,0x00,0x00,0x00,0x00,0x00,0x00,0x00,0x00,0x00,0x00,0x00,0x00,0x00,
  0x00,0x00,0x00,0x00,0x00,0x00,0x00,0x00,0x00,0x00,0x00,0x00,0x00,0x00,0x00,0x00,0x00,0x00,0x00,0x00,0x00,0x00,0x00,0x00,
  0x00,0x00,0x00,0x00,0x00,0x00,0x00,0x00,0x00,0x00,0x00,0x00,0x00,0x00,0x00,0x00,0x00,0x00,0x00,0x00,0x00,0x00,0x00,0x00,
  0x00,0x00,0x82,0x00,0x04,0x01,0xe3,0x00,0x62,0x00,0x00,0x00,0xc3,0x00,0x93,0x04,0x77,0x05,0xf5,0x04,0x98,0x05,0x2d,0x03,
  0x00,0x00,0x00,0x00,0x00,0x00,0x00,0x00,0x00,0x00,0x00,0x00,0x00,0x00,0x00,0x00,0x00,0x00,0x00,0x00,0x00,0x00,0x00,0x00,
  0x00,0x00,0x00,0x00,0x82,0x00,0xe8,0x01,0xc7,0x01,0x45,0x01,0x00,0x00,0x00,0x00,0x00,0x00,0x00,0x00,0x00,0x00,0x00,0x00,
  0x00,0x00,0x00,0x00,0x11,0x04,0x78,0x05,0x77,0x05,0x66,0x01,0x00,0x00,0x00,0x00,0x00,0x00,0x00,0x00,0xa2,0x00,0xb4,0x04,
  0x36,0x05,0x57,0x05,0xf5,0x04,0xc3,0x00,0x00,0x00,0x00,0x00,0x00,0x00,0x00,0x00,0x00,0x00,0x4a,0x02,0x98,0x05,0x57,0x05,
  0x52,0x04,0x41,0x00,0x00,0x00,0x00,0x00,0x00,0x00,0x00,0x00,0x00,0x00,0x00,0x00,0x41,0x00,0x87,0x01,0x29,0x02,0xa7,0x01,
  0x20,0x00,0x00,0x00,0x00,0x00,0x00,0x00,0x00,0x00,0x00,0x00,0x00,0x00,0x00,0x00,0x00,0x00,0x00,0x00,0x00,0x00,0x00,0x00,
  0x00,0x00,0x00,0x00,0x20,0x00,0xf1,0x03,0xfe,0x06,0x9c,0x06,0xfe,0x06,0x77,0x05,0x66,0x01,0x20,0x00,0xc3,0x00,0x25,0x01,
  0x45,0x01,0xc3,0x00,0x00,0x00,0x00,0x00,0x00,0x00,0x00,0x00,0x00,0x00,0x00,0x00,0x00,0x00,0x00,0x00,0x00,0x00,0x00,0x00,
  0x00,0x00,0x00,0x00,0x00,0x00,0x00,0x00,0x00,0x00,0x00,0x00,0x00,0x00,0x00,0x00,0x00,0x00,0x00,0x00,0x00,0x00,0x00,0x00,
  0x00,0x00,0x00,0x00,0x00,0x00,0x00,0x00,0x00,0x00,0x00,0x00,0x00,0x00,0x00,0x00,0x00,0x00,0x00,0x00,0x00,0x00,0x00,0x00,
  0x00,0x00,0x00,0x00,0x00,0x00,0x00,0x00,0x00,0x00,0x00,0x00,0x00,0x00,0x00,0x00,0x00,0x00,0x00,0x00,0x00,0x00,0x00,0x00,
  0x00,0x00,0x00,0x00,0x00,0x00,0x00,0x00,0x00,0x00,0x00,0x00,0x00,0x00,0x00,0x00,0x00,0x00,0x00,0x00,0x00,0x00,0x00,0x00,
  0x00,0x00,0x00,0x00,0x00,0x00,0x00,0x00,0x00,0x00,0x00,0x00,0x00,0x00,0x00,0x00,0x00,0x00,0x00,0x00,0x00,0x00,0x00,0x00,
  0x00,0x00,0x00,0x00,0x00,0x00,0x00,0x00,0x00,0x00,0x00,0x00,0x00,0x00,0x00,0x00,0x00,0x00,0x00,0x00,0x00,0x00,0x00,0x00,
  0x00,0x00,0x00,0x00,0x00,0x00,0x00,0x00,0x00,0x00,0x00,0x00,0x00,0x00,0x00,0x00,0x00,0x00,0x00,0x00,0x00,0x00,0x00,0x00,
  0x00,0x00,0x00,0x00,0x00,0x00,0x00,0x00,0x00,0x00,0x00,0x00,0x00,0x00,0x00,0x00,0x00,0x00,0x00,0x00,0x00,0x00,0x00,0x00,
  0x00,0x00,0x00,0x00,0x00,0x00,0xc3,0x00,0x94,0x04,0x77,0x05,0xd5,0x04,0x98,0x05,0x4e,0x03,0x00,0x00,0x00,0x00,0x00,0x00,
  0x00,0x00,0x00,0x00,0x00,0x00,0x00,0x00,0x00,0x00,0x00,0x00,0x00,0x00,0x00,0x00,0x20,0x00,0x2e,0x03,0xf5,0x04,0x77,0x05,
  0x77,0x05,0x36,0x05,0x12,0x04,0x25,0x01,0x00,0x00,0x00,0x00,0x00,0x00,0x00,0x00,0x00,0x00,0x00,0x00,0xf1,0x03,0x78,0x05,
  0x77,0x05,0x66,0x01,0x00,0x00,0x00,0x00,0x00,0x00,0x00,0x00,0xa2,0x00,0xb4,0x04,0x36,0x05,0x57,0x05,0xf6,0x04,0xc3,0x00,
  0x00,0x00,0x00,0x00,0x00,0x00,0x00,0x00,0x00,0x00,0x6a,0x02,0x98,0x05,0x77,0x05,0x52,0x04,0x41,0x00,0x00,0x00,0x00,0x00,
  0x00,0x00,0x00,0x00,0x00,0x00,0x29,0x02,0x16,0x05,0xfa,0x05,0x3a,0x06,0x1a,0x06,0x98,0x05,0x2d,0x03,0x20,0x00,0x00,0x00,
  0x00,0x00,0x00,0x00,0x00,0x00,0x00,0x00,0x00,0x00,0x00,0x00,0x00,0x00,0x00,0x00,0x00,0x00,0x61,0x00,0xf1,0x03,0x3f,0x07,
  0xbd,0x06,0xfe,0x06,0x78,0x05,0x46,0x01,0x00,0x00,0x00,0x00,0x00,0x00,0x00,0x00,0x00,0x00,0x00,0x00,0x00,0x00,0x00,0x00,
  0x00,0x00,0x00,0x00,0x00,0x00,0x00,0x00,0x00,0x00,0x00,0x00,0x00,0x00,0x00,0x00,0x00,0x00,0x00,0x00,0x00,0x00,0x00,0x00,
  0x00,0x00,0x00,0x00,0x00,0x00,0x00,0x00,0x00,0x00,0x00,0x00,0x00,0x00,0x00,0x00,0x00,0x00,0x00,0x00,0x00,0x00,0x00,0x00,
  0x00,0x00,0x00,0x00,0x00,0x00,0x00,0x00,0x00,0x00,0x00,0x00,0x00,0x00,0x00,0x00,0x00,0x00,0x00,0x00,0x00,0x00,0x00,0x00,
  0x00,0x00,0x00,0x00,0x00,0x00,0x00,0x00,0x00,0x00,0x00,0x00,0x00,0x00,0x00,0x00,0x00,0x00,0x00,0x00,0x00,0x00,0x00,0x00,
  0x00,0x00,0x00,0x00,0x00,0x00,0x00,0x00,0x00,0x00,0x00,0x00,0x00,0x00,0x00,0x00,0x00,0x00,0x00,0x00,0x00,0x00,0x00,0x00,
  0x00,0x00,0x00,0x00,0x00,0x00,0x00,0x00,0x00,0x00,0x00,0x00,0x00,0x00,0x00,0x00,0x00,0x00,0x00,0x00,0x00,0x00,0x00,0x00,
  0x00,0x00,0x00,0x00,0x00,0x00,0x00,0x00,0x00,0x00,0x00,0x00,0x00,0x00,0x00,0x00,0x00,0x00,0x00,0x00,0x00,0x00,0x00,0x00,
  0x00,0x00,0x00,0x00,0x00,0x00,0x00,0x00,0x00,0x00,0x00,0x00,0x00,0x00,0x00,0x00,0x00,0x00,0x00,0x00,0x00,0x00,0x00,0x00,
  0x00,0x00,0x00,0x00,0x00,0x00,0x00,0x00,0x00,0x00,0x00,0x00,0x00,0x00,0x00,0x00,0x00,0x00,0x00,0x00,0x00,0x00,0x00,0x00,
  0xc3,0x00,0x94,0x04,0x77,0x05,0x16,0x05,0xb8,0x05,0xec,0x02,0x00,0x00,0x00,0x00,0x00,0x00,0x00,0x00,0x00,0x00,0x00,0x00,
  0x00,0x00,0x00,0x00,0x00,0x00,0x00,0x00,0xb0,0x03,0xb8,0x05,0x36,0x05,0x57,0x05,0x77,0x05,0x36,0x05,0x77,0x05,0x16,0x05,
  0x66,0x01,0x00,0x00,0x00,0x00,0x00,0x00,0x00,0x00,0x00,0x00,0x11,0x04,0x78,0x05,0x77,0x05,0x66,0x01,0x00,0x00,0x00,0x00,
  0x00,0x00,0x00,0x00,0xa2,0x00,0xb4,0x04,0x37,0x05,0x57,0x05,0x16,0x05,0xc3,0x00,0x00,0x00,0x00,0x00,0x00,0x00,0x00,0x00,
  0x00,0x00,0x6a,0x02,0xb8,0x05,0x77,0x05,0x52,0x04,0x41,0x00,0x00,0x00,0x00,0x00,0x00,0x00,0x00,0x00,0x8b,0x02,0x3b,0x06,
  0xfa,0x05,0xfa,0x05,0x5b,0x06,0x5b,0x06,0x3a,0x06,0x9c,0x06,0xb0,0x03,0x20,0x00,0x00,0x00,0x00,0x00,0x00,0x00,0x00,0x00,
  0x00,0x00,0x00,0x00,0x00,0x00,0x00,0x00,0xa3,0x00,0x12,0x04,0x1f,0x07,0xdd,0x06,0x1e,0x07,0x98,0x05,0x86,0x01,0x00,0x00,
  0x00,0x00,0x00,0x00,0x00,0x00,0x00,0x00,0x00,0x00,0x00,0x00,0x00,0x00,0x00,0x00,0x00,0x00,0x00,0x00,0x00,0x00,0x00,0x00,
  0x00,0x00,0x00,0x00,0x00,0x00,0x00,0x00,0x00,0x00,0x00,0x00,0x00,0x00,0x00,0x00,0x00,0x00,0x00,0x00,0x00,0x00,0x00,0x00,
  0x00,0x00,0x00,0x00,0x00,0x00,0x00,0x00,0x00,0x00,0x00,0x00,0x00,0x00,0x00,0x00,0x00,0x00,0x00,0x00,0x00,0x00,0x00,0x00,
  0x00,0x00,0x00,0x00,0x00,0x00,0x00,0x00,0x00,0x00,0x00,0x00,0x00,0x00,0x00,0x00,0x00,0x00,0x00,0x00,0x00,0x00,0x00,0x00,
  0x00,0x00,0x00,0x00,0x00,0x00,0x00,0x00,0x00,0x00,0x00,0x00,0x00,0x00,0x00,0x00,0x00,0x00,0x00,0x00,0x00,0x00,0x00,0x00,
  0x00,0x00,0x00,0x00,0x00,0x00,0x00,0x00,0x00,0x00,0x00,0x00,0x00,0x00,0x00,0x00,0x00,0x00,0x00,0x00,0x00,0x00,0x00,0x00,
  0x00,0x00,0x00,0x00,0x00,0x00,0x00,0x00,0x00,0x00,0x00,0x00,0x00,0x00,0x00,0x00,0x00,0x00,0x00,0x00,0x00,0x00,0x00,0x00,
  0x00,0x00,0x00,0x00,0x00,0x00,0x00,0x00,0x00,0x00,0x00,0x00,0x00,0x00,0x00,0x00,0x00,0x00,0x00,0x00,0x00,0x00,0x00,0x00,
  0x00,0x00,0x00,0x00,0x00,0x00,0x00,0x00,0x00,0x00,0x00,0x00,0x00,0x00,0x00,0x00,0x00,0x00,0x00,0x00,0x00,0x00,0x00,0x00,
  0x00,0x00,0x00,0x00,0x00,0x00,0x00,0x00,0x00,0x00,0x00,0x00,0x00,0x00,0x00,0x00,0x00,0x00,0xe4,0x00,0x93,0x04,0x57,0x05,
  0x15,0x05,0x98,0x05,0xed,0x02,0x00,0x00,0x00,0x00,0x00,0x00,0x00,0x00,0x00,0x00,0x00,0x00,0x00,0x00,0x00,0x00,0xcc,0x02,
  0xb9,0x05,0xf5,0x04,0x57,0x05,0xb4,0x04,0x32,0x04,0x36,0x05,0x16,0x05,0x57,0x05,0xb4,0x04,0x82,0x00,0x00,0x00,0x00,0x00,
  0x00,0x00,0x00,0x00,0x11,0x04,0x78,0x05,0x77,0x05,0x66,0x01,0x00,0x00,0x00,0x00,0x00,0x00,0x00,0x00,0xa2,0x00,0xb4,0x04,
  0x37,0x05,0x77,0x05,0x16,0x05,0xc3,0x00,0x00,0x00,0x00,0x00,0x00,0x00,0x00,0x00,0x00,0x00,0x6a,0x02,0xb8,0x05,0x77,0x05,
  0x53,0x04,0x41,0x00,0x00,0x00,0x00,0x00,0x00,0x00,0x66,0x01,0xd9,0x05,0xd9,0x05,0xb8,0x05,0xb8,0x05,0x16,0x05,0xb8,0x05,
  0xfa,0x05,0x1a,0x06,0x9c,0x06,0x8b,0x02,0x00,0x00,0x00,0x00,0x00,0x00,0x00,0x00,0x00,0x00,0x00,0x00,0x00,0x00,0x00,0x00,
  0xaf,0x03,0xfe,0x06,0xbd,0x06,0xfe,0x06,0x77,0x05,0x66,0x01,0x00,0x00,0x00,0x00,0x00,0x00,0x00,0x00,0x00,0x00,0x00,0x00,
  0x00,0x00,0x00,0x00,0x00,0x00,0x00,0x00,0x00,0x00,0x00,0x00,0x00,0x00,0x00,0x00,0x00,0x00,0x00,0x00,0x00,0x00,0x00,0x00,
  0x00,0x00,0x00,0x00,0x00,0x00,0x00,0x00,0x00,0x00,0x00,0x00,0x00,0x00,0x00,0x00,0x00,0x00,0x00,0x00,0x00,0x00,0x00,0x00,
  0x00,0x00,0x00,0x00,0x00,0x00,0x00,0x00,0x00,0x00,0x00,0x00,0x00,0x00,0x00,0x00,0x00,0x00,0x00,0x00,0x00,0x00,0x00,0x00,
  0x00,0x00,0x00,0x00,0x00,0x00,0x00,0x00,0x00,0x00,0x00,0x00,0x00,0x00,0x00,0x00,0x00,0x00,0x00,0x00,0x00,0x00,0x00,0x00,
  0x00,0x00,0x00,0x00,0x00,0x00,0x00,0x00,0x00,0x00,0x00,0x00,0x00,0x00,0x00,0x00,0x00,0x00,0x00,0x00,0x00,0x00,0x00,0x00,
  0x00,0x00,0x00,0x00,0x00,0x00,0x00,0x00,0x00,0x00,0x00,0x00,0x00,0x00,0x00,0x00,0x00,0x00,0x00,0x00,0x00,0x00,0x00,0x00,
  0x00,0x00,0x00,0x00,0x00,0x00,0x00,0x00,0x00,0x00,0x00,0x00,0x00,0x00,0x00,0x00,0x00,0x00,0x00,0x00,0x00,0x00,0x00,0x00,
  0x00,0x00,0x00,0x00,0x00,0x00,0x00,0x00,0x00,0x00,0x00,0x00,0x00,0x00,0x00,0x00,0x00,0x00,0x00,0x00,0x00,0x00,0x00,0x00,
  0x00,0x00,0x00,0x00,0x00,0x00,0x00,0x00,0x00,0x00,0x00,0x00,0x00,0x00,0x00,0x00,0x00,0x00,0x00,0x00,0x00,0x00,0x00,0x00,
  0x00,0x00,0x00,0x00,0x00,0x00,0x00,0x00,0x00,0x00,0x00,0x00,0xc3,0x00,0x93,0x04,0x77,0x05,0xf5,0x04,0x98,0x05,0xec,0x02,
  0x00,0x00,0x00,0x00,0x00,0x00,0x00,0x00,0x00,0x00,0x00,0x00,0xa2,0x00,0xd5,0x04,0x16,0x05,0x77,0x05,0x8f,0x03,0xa2,0x00,
  0x20,0x00,0x08,0x02,0x36,0x05,0x16,0x05,0x98,0x05,0x86,0x01,0x00,0x00,0x00,0x00,0x00,0x00,0x00,0x00,0x11,0x04,0x78,0x05,
  0x77,0x05,0x66,0x01,0x00,0x00,0x00,0x00,0x00,0x00,0x00,0x00,0xa2,0x00,0xb4,0x04,0x37,0x05,0x57,0x05,0x16,0x05,0xc3,0x00,
  0x00,0x00,0x00,0x00,0x00,0x00,0x00,0x00,0x00,0x00,0x6a,0x02,0xb8,0x05,0x77,0x05,0x53,0x04,0x41,0x00,0x00,0x00,0x20,0x00,
  0x00,0x00,0x4e,0x03,0x5b,0x06,0xb8,0x05,0x57,0x05,0xc7,0x01,0x61,0x00,0x66,0x01,0xf5,0x04,0x3b,0x06,0x7c,0x06,0xd5,0x04,
  0x00,0x00,0x00,0x00,0x00,0x00,0x00,0x00,0x00,0x00,0x00,0x00,0x00,0x00,0x08,0x02,0x9c,0x06,0x9c,0x06,0xdd,0x06,0x36,0x05,
  0x45,0x01,0x00,0x00,0x00,0x00,0x00,0x00,0x00,0x00,0x00,0x00,0x00,0x00,0x00,0x00,0x00,0x00,0x00,0x00,0x00,0x00,0x00,0x00,
  0x00,0x00,0x00,0x00,0x00,0x00,0x00,0x00,0x00,0x00,0x00,0x00,0x00,0x00,0x00,0x00,0x00,0x00,0x00,0x00,0x00,0x00,0x00,0x00,
  0x00,0x00,0x00,0x00,0x00,0x00,0x00,0x00,0x00,0x00,0x00,0x00,0x00,0x00,0x00,0x00,0x00,0x00,0x00,0x00,0x00,0x00,0x00,0x00,
  0x00,0x00,0x00,0x00,0x00,0x00,0x00,0x00,0x00,0x00,0x00,0x00,0x00,0x00,0x00,0x00,0x00,0x00,0x00,0x00,0x00,0x00,0x00,0x00,
  0x00,0x00,0x00,0x00,0x00,0x00,0x00,0x00,0x00,0x00,0x00,0x00,0x00,0x00,0x00,0x00,0x00,0x00,0x00,0x00,0x00,0x00,0x00,0x00,
  0x00,0x00,0x00,0x00,0x00,0x00,0x00,0x00,0x00,0x00,0x00,0x00,0x00,0x00,0x00,0x00,0x00,0x00,0x00,0x00,0x00,0x00,0x00,0x00,
  0x00,0x00,0x00,0x00,0x00,0x00,0x00,0x00,0x00,0x00,0x00,0x00,0x00,0x00,0x00,0x00,0x00,0x00,0x00,0x00,0x00,0x00,0x00,0x00,
  0x00,0x00,0x00,0x00,0x00,0x00,0x00,0x00,0x00,0x00,0x00,0x00,0x00,0x00,0x00,0x00,0x00,0x00,0x00,0x00,0x00,0x00,0x00,0x00,
  0x00,0x00,0x00,0x00,0x00,0x00,0x00,0x00,0x00,0x00,0x00,0x00,0x00,0x00,0x00,0x00,0x00,0x00,0x00,0x00,0x00,0x00,0x00,0x00,
  0x00,0x00,0x00,0x00,0x00,0x00,0x00,0x00,0x00,0x00,0x00,0x00,0x00,0x00,0x00,0x00,0x00,0x00,0x00,0x00,0x00,0x00,0x00,0x00,
  0x00,0x00,0x00,0x00,0x00,0x00,0xc3,0x00,0x94,0x04,0x57,0x05,0xd5,0x04,0x98,0x05,0xec,0x02,0x00,0x00,0x00,0x00,0x00,0x00,
  0x00,0x00,0x00,0x00,0x05,0x01,0x36,0x05,0x57,0x05,0xd5,0x04,0xa3,0x00,0x00,0x00,0x00,0x00,0x00,0x00,0x4e,0x03,0x98,0x05,
  0x78,0x05,0xec,0x02,0x00,0x00,0x00,0x00,0x00,0x00,0x00,0x00,0x11,0x04,0x78,0x05,0x77,0x05,0x66,0x01,0x00,0x00,0x00,0x00,
  0x00,0x00,0x00,0x00,0xa3,0x00,0xd5,0x04,0x36,0x05,0x57,0x05,0x16,0x05,0xc3,0x00,0x00,0x00,0x00,0x00,0x00,0x00,0x00,0x00,
  0x00,0x00,0x6a,0x02,0xb9,0x05,0x78,0x05,0x73,0x04,0x61,0x00,0x00,0x00,0x00,0x00,0x00,0x00,0x53,0x04,0x1a,0x06,0x3b,0x06,
  0xcc,0x02,0x00,0x00,0x00,0x00,0x00,0x00,0x29,0x02,0x1a,0x06,0x9d,0x06,0x98,0x05,0x20,0x00,0x00,0x00,0x00,0x00,0x00,0x00,
  0x00,0x00,0x00,0x00,0x00,0x00,0x52,0x04,0xde,0x06,0xbd,0x06,0x37,0x05,0x25,0x01,0x00,0x00,0x00,0x00,0x00,0x00,0x00,0x00,
  0x00,0x00,0x00,0x00,0x00,0x00,0x00,0x00,0x00,0x00,0x00,0x00,0x00,0x00,0x00,0x00,0x00,0x00,0x00,0x00,0x00,0x00,0x00,0x00,
  0x00,0x00,0x00,0x00,0x00,0x00,0x00,0x00,0x00,0x00,0x00,0x00,0x00,0x00,0x00,0x00,0x00,0x00,0x00,0x00,0x00,0x00,0x00,0x00,
  0x00,0x00,0x00,0x00,0x00,0x00,0x00,0x00,0x00,0x00,0x00,0x00,0x00,0x00,0x00,0x00,0x00,0x00,0x00,0x00,0x00,0x00,0x00,0x00,
  0x00,0x00,0x00,0x00,0x00,0x00,0x00,0x00,0x00,0x00,0x00,0x00,0x00,0x00,0x00,0x00,0x00,0x00,0x00,0x00,0x00,0x00,0x00,0x00,
  0x00,0x00,0x00,0x00,0x00,0x00,0x00,0x00,0x00,0x00,0x00,0x00,0x00,0x00,0x00,0x00,0x00,0x00,0x00,0x00,0x00,0x00,0x00,0x00,
  0x00,0x00,0x00,0x00,0x00,0x00,0x00,0x00,0x00,0x00,0x00,0x00,0x00,0x00,0x00,0x00,0x00,0x00,0x00,0x00,0x00,0x00,0x00,0x00,
  0x00,0x00,0x00,0x00,0x00,0x00,0x00,0x00,0x00,0x00,0x00,0x00,0x00,0x00,0x00,0x00,0x00,0x00,0x00,0x00,0x00,0x00,0x00,0x00,
  0x00,0x00,0x00,0x00,0x00,0x00,0x00,0x00,0x00,0x00,0x00,0x00,0x00,0x00,0x00,0x00,0x00,0x00,0x00,0x00,0x00,0x00,0x00,0x00,
  0x00,0x00,0x00,0x00,0x00,0x00,0x00,0x00,0x00,0x00,0x00,0x00,0x00,0x00,0x00,0x00,0x00,0x00,0x00,0x00,0x00,0x00,0x00,0x00,
  0x00,0x00,0x00,0x00,0x00,0x00,0x00,0x00,0x00,0x00,0x00,0x00,0x00,0x00,0x00,0x00,0x00,0x00,0x00,0x00,0x00,0x00,0x00,0x00,
  0xe3,0x00,0x93,0x04,0x57,0x05,0xf5,0x04,0x98,0x05,0xec,0x02,0x00,0x00,0x00,0x00,0x00,0x00,0x00,0x00,0x25,0x01,0x57,0x05,
  0x57,0x05,0x94,0x04,0x00,0x00,0x00,0x00,0x00,0x00,0x00,0x00,0x2e,0x03,0x98,0x05,0x77,0x05,0x2d,0x03,0x00,0x00,0x00,0x00,
  0x00,0x00,0x00,0x00,0x11,0x04,0x78,0x05,0x77,0x05,0x66,0x01,0x00,0x00,0x00,0x00,0x00,0x00,0x00,0x00,0xc3,0x00,0xd5,0x04,
  0x37,0x05,0x57,0x05,0xf5,0x04,0xc3,0x00,0x00,0x00,0x00,0x00,0x00,0x00,0x00,0x00,0x00,0x00,0x6a,0x02,0xb9,0x05,0x98,0x05,
  0x73,0x04,0x61,0x00,0x00,0x00,0x00,0x00,0x00,0x00,0x73,0x04,0x1a,0x06,0x3b,0x06,0x8a,0x02,0x00,0x00,0x20,0x00,0x00,0x00,
  0x09,0x02,0xfa,0x05,0x9d,0x06,0x78,0x05,0x20,0x00,0x00,0x00,0x00,0x00,0x00,0x00,0x00,0x00,0x00,0x00,0x20,0x00,0x73,0x04,
  0x1f,0x07,0x7c,0x06,0x09,0x02,0x00,0x00,0x00,0x00,0x00,0x00,0x00,0x00,0x00,0x00,0x00,0x00,0x00,0x00,0x00,0x00,0x00,0x00,
  0x00,0x00,0x00,0x00,0x00,0x00,0x00,0x00,0x00,0x00,0x00,0x00,0x00,0x00,0x00,0x00,0x00,0x00,0x00,0x00,0x00,0x00,0x00,0x00,
  0x00,0x00,0x00,0x00,0x00,0x00,0x00,0x00,0x00,0x00,0x00,0x00,0x61,0x00,0x00,0x00,0x00,0x00,0x00,0x00,0x00,0x00,0x00,0x00,
  0x00,0x00,0x00,0x00,0x00,0x00,0x00,0x00,0x00,0x00,0x00,0x00,0x00,0x00,0x00,0x00,0x00,0x00,0x00,0x00,0x00,0x00,0x00,0x00,
  0x00,0x00,0x00,0x00,0x00,0x00,0x00,0x00,0x00,0x00,0x00,0x00,0x00,0x00,0x00,0x00,0x00,0x00,0x00,0x00,0x00,0x00,0x00,0x00,
  0x00,0x00,0x00,0x00,0x00,0x00,0x00,0x00,0x00,0x00,0x00,0x00,0x00,0x00,0x00,0x00,0x00,0x00,0x00,0x00,0x00,0x00,0x00,0x00,
  0x00,0x00,0x00,0x00,0x00,0x00,0x00,0x00,0x00,0x00,0x00,0x00,0x00,0x00,0x00,0x00,0x00,0x00,0x00,0x00,0x00,0x00,0x00,0x00,
  0x00,0x00,0x00,0x00,0x00,0x00,0x00,0x00,0x00,0x00,0x00,0x00,0x00,0x00,0x00,0x00,0x00,0x00,0x00,0x00,0x00,0x00,0x00,0x00,
  0x00,0x00,0x00,0x00,0xc8,0x01,0x6f,0x03,0xd0,0x03,0xd0,0x03,0xec,0x02,0xe4,0x00,0x00,0x00,0x00,0x00,0x00,0x00,0x00,0x00,
  0x00,0x00,0x00,0x00,0x00,0x00,0x00,0x00,0x00,0x00,0x00,0x00,0x00,0x00,0x00,0x00,0x00,0x00,0x00,0x00,0x00,0x00,0x00,0x00,
  0x00,0x00,0x00,0x00,0x00,0x00,0x00,0x00,0x00,0x00,0x00,0x00,0x00,0x00,0x00,0x00,0x00,0x00,0xc3,0x00,0x73,0x04,0x57,0x05,
  0x16,0x05,0x98,0x05,0xec,0x02,0x20,0x00,0x00,0x00,0x00,0x00,0xc3,0x00,0xf5,0x04,0x36,0x05,0x36,0x05,0x2d,0x03,0xa2,0x00,
  0x41,0x00,0xa7,0x01,0xf5,0x04,0x16,0x05,0x98,0x05,0x49,0x02,0x00,0x00,0x00,0x00,0x00,0x00,0x00,0x00,0xf1,0x03,0x78,0x05,
  0x77,0x05,0x66,0x01,0x00,0x00,0x00,0x00,0x00,0x00,0x00,0x00,0xa3,0x00,0xf5,0x04,0x36,0x05,0x37,0x05,0x16,0x05,0xe3,0x00,
  0x00,0x00,0x00,0x00,0x00,0x00,0x00,0x00,0x00,0x00,0x6a,0x02,0xb9,0x05,0x98,0x05,0x73,0x04,0x61,0x00,0x00,0x00,0x20,0x00,
  0x00,0x00,0x8f,0x03,0x7c,0x06,0xf9,0x05,0x36,0x05,0xe8,0x01,0x05,0x01,0xa7,0x01,0xb4,0x04,0x5b,0x06,0x7c,0x06,0x36,0x05,
  0x00,0x00,0x00,0x00,0x00,0x00,0x00,0x00,0x00,0x00,0x00,0x00,0x20,0x00,0x94,0x04,0x3f,0x07,0x5c,0x06,0x86,0x01,0x00,0x00,
  0x00,0x00,0x00,0x00,0x00,0x00,0x00,0x00,0x00,0x00,0x00,0x00,0x00,0x00,0x00,0x00,0x00,0x00,0x00,0x00,0x00,0x00,0x00,0x00,
  0x00,0x00,0x00,0x00,0x00,0x00,0x00,0x00,0x00,0x00,0x00,0x00,0x00,0x00,0x00,0x00,0x00,0x00,0x00,0x00,0x00,0x00,0xc3,0x00,
  0x6a,0x02,0x52,0x04,0xb4,0x04,0xf1,0x03,0x08,0x02,0x00,0x00,0x00,0x00,0x00,0x00,0x00,0x00,0x00,0x00,0x00,0x00,0x00,0x00,
  0x00,0x00,0x00,0x00,0x00,0x00,0x00,0x00,0x00,0x00,0x00,0x00,0x00,0x00,0x00,0x00,0x00,0x00,0x00,0x00,0x00,0x00,0x00,0x00,
  0x00,0x00,0x00,0x00,0x00,0x00,0x00,0x00,0x00,0x00,0x00,0x00,0x00,0x00,0x00,0x00,0x00,0x00,0x00,0x00,0x00,0x00,0x00,0x00,
  0x00,0x00,0x00,0x00,0x00,0x00,0x00,0x00,0x00,0x00,0x00,0x00,0x00,0x00,0x00,0x00,0x00,0x00,0x00,0x00,0x00,0x00,0x00,0x00,
  0x00,0x00,0x00,0x00,0x00,0x00,0x00,0x00,0x00,0x00,0x00,0x00,0x00,0x00,0x00,0x00,0x00,0x00,0x00,0x00,0x00,0x00,0x00,0x00,
  0x00,0x00,0x00,0x00,0x00,0x00,0x00,0x00,0x00,0x00,0x00,0x00,0x00,0x00,0x00,0x00,0x00,0x00,0x2d,0x03,0x77,0x05,0x78,0x05,
  0x77,0x05,0x98,0x05,0x98,0x05,0x37,0x05,0xc8,0x01,0x00,0x00,0x00,0x00,0x00,0x00,0x00,0x00,0x00,0x00,0x00,0x00,0x00,0x00,
  0x00,0x00,0x00,0x00,0x00,0x00,0x00,0x00,0x20,0x00,0xc8,0x01,0xab,0x02,0xcc,0x02,0x8b,0x02,0x66,0x01,0x00,0x00,0x00,0x00,
  0x00,0x00,0x00,0x00,0x00,0x00,0x00,0x00,0x00,0x00,0x00,0x00,0xa3,0x00,0xb4,0x04,0x57,0x05,0x36,0x05,0x78,0x05,0x25,0x01,
  0x00,0x00,0x00,0x00,0x00,0x00,0x2e,0x03,0xb8,0x05,0xf5,0x04,0x57,0x05,0x73,0x04,0x12,0x04,0x36,0x05,0x16,0x05,0x57,0x05,
  0xf5,0x04,0x82,0x00,0x00,0x00,0x00,0x00,0x00,0x00,0x00,0x00,0xf1,0x03,0x78,0x05,0x77,0x05,0x66,0x01,0x00,0x00,0x00,0x00,
  0x00,0x00,0x00,0x00,0xa3,0x00,0x16,0x05,0x37,0x05,0x57,0x05,0x36,0x05,0xe3,0x00,0x00,0x00,0x00,0x00,0x00,0x00,0x00,0x00,
  0x00,0x00,0x6a,0x02,0xb9,0x05,0x98,0x05,0x73,0x04,0x61,0x00,0x00,0x00,0x00,0x00,0x00,0x00,0xe8,0x01,0x5b,0x06,0x1a,0x06,
  0x3b,0x06,0xd9,0x05,0x94,0x04,0x98,0x05,0x9c,0x06,0x3b,0x06,0xdd,0x06,0x4e,0x03,0x00,0x00,0x00,0x00,0x00,0x00,0x00,0x00,
  0x00,0x00,0x00,0x00,0x20,0x00,0x73,0x04,0x1f,0x07,0x5b,0x06,0xc7,0x01,0x00,0x00,0x00,0x00,0x00,0x00,0x00,0x00,0x00,0x00,
  0x00,0x00,0x82,0x00,0xe8,0x01,0x6a,0x02,0xe8,0x01,0x04,0x01,0x61,0x00,0x00,0x00,0x00,0x00,0x00,0x00,0x00,0x00,0x00,0x00,
  0x00,0x00,0x00,0x00,0x00,0x00,0x00,0x00,0x00,0x00,0x00,0x00,0xa7,0x01,0x78,0x05,0xdd,0x06,0xdd,0x06,0xdd,0x06,0x9c,0x06,
  0x5b,0x06,0xb0,0x03,0xa2,0x00,0x00,0x00,0x00,0x00,0x00,0x00,0x00,0x00,0x00,0x00,0x00,0x00,0x00,0x00,0x00,0x00,0x00,0x00,
  0x00,0x00,0x00,0x00,0x00,0x00,0x00,0x00,0x00,0x00,0x00,0x00,0x00,0x00,0x00,0x00,0x00,0x00,0x00,0x00,0x00,0x00,0x00,0x00,
  0x00,0x00,0x00,0x00,0x00,0x00,0x00,0x00,0x00,0x00,0x00,0x00,0x00,0x00,0x00,0x00,0x00,0x00,0x00,0x00,0x00,0x00,0x00,0x00,
  0x00,0x00,0x00,0x00,0x00,0x00,0x00,0x00,0x00,0x00,0x00,0x00,0x00,0x00,0x00,0x00,0x00,0x00,0x00,0x00,0x00,0x00,0x00,0x00,
  0x00,0x00,0x00,0x00,0x00,0x00,0x00,0x00,0x00,0x00,0x00,0x00,0x00,0x00,0x00,0x00,0x00,0x00,0x00,0x00,0x00,0x00,0x00,0x00,
  0x00,0x00,0x00,0x00,0x00,0x00,0x00,0x00,0x4a,0x02,0xb8,0x05,0xd5,0x04,0x37,0x05,0x77,0x05,0x57,0x05,0x16,0x05,0x57,0x05,
  0x57,0x05,0x86,0x01,0x00,0x00,0x00,0x00,0x00,0x00,0x00,0x00,0x00,0x00,0x00,0x00,0x00,0x00,0x00,0x00,0x00,0x00,0x82,0x00,
  0x12,0x04,0x78,0x05,0x77,0x05,0x57,0x05,0x78,0x05,0x57,0x05,0x0d,0x03,0x00,0x00,0x00,0x00,0x00,0x00,0x00,0x00,0x00,0x00,
  0x00,0x00,0x00,0x00,0x00,0x00,0xc3,0x00,0xd5,0x04,0x37,0x05,0x36,0x05,0x66,0x01,0x00,0x00,0x00,0x00,0x00,0x00,0x82,0x00,
  0xb4,0x04,0xb8,0x05,0x16,0x05,0x57,0x05,0x77,0x05,0x36,0x05,0x57,0x05,0xb8,0x05,0xa7,0x01,0x00,0x00,0x00,0x00,0x00,0x00,
  0x00,0x00,0x00,0x00,0xf1,0x03,0x78,0x05,0x77,0x05,0x66,0x01,0x00,0x00,0x00,0x00,0x00,0x00,0x00,0x00,0x86,0x01,0x78,0x05,
  0x36,0x05,0x36,0x05,0x77,0x05,0x8b,0x02,0x00,0x00,0x00,0x00,0x00,0x00,0x00,0x00,0x00,0x00,0x6a,0x02,0xb9,0x05,0x98,0x05,
  0x73,0x04,0x61,0x00,0x00,0x00,0x00,0x00,0x00,0x00,0x00,0x00,0x6e,0x03,0xbd,0x06,0x1a,0x06,0x1a,0x06,0x7c,0x06,0x7c,0x06,
  0x5b,0x06,0xfe,0x06,0xd5,0x04,0x41,0x00,0x00,0x00,0x00,0x00,0x00,0x00,0x00,0x00,0x00,0x00,0x00,0x00,0x00,0x00,0x32,0x04,
  0x1f,0x07,0x7c,0x06,0xc8,0x01,0x00,0x00,0x00,0x00,0x00,0x00,0x00,0x00,0x00,0x00,0xe8,0x01,0x98,0x05,0x9d,0x06,0xbd,0x06,
  0x5b,0x06,0x98,0x05,0xb0,0x03,0xa2,0x00,0x00,0x00,0x00,0x00,0x00,0x00,0x00,0x00,0x00,0x00,0x00,0x00,0x00,0x00,0x00,0x00,
  0x00,0x00,0x45,0x01,0x77,0x05,0x1a,0x06,0xfa,0x05,0x9c,0x06,0x7c,0x06,0x3b,0x06,0xd9,0x05,0xbd,0x06,0xf1,0x03,0x00,0x00,
  0x00,0x00,0x00,0x00,0x00,0x00,0x00,0x00,0x00,0x00,0x00,0x00,0x00,0x00,0x00,0x00,0x00,0x00,0x00,0x00,0x00,0x00,0x00,0x00,
  0x00,0x00,0x00,0x00,0x00,0x00,0x00,0x00,0x00,0x00,0x00,0x00,0x00,0x00,0x00,0x00,0x00,0x00,0x00,0x00,0x00,0x00,0x00,0x00,
  0x00,0x00,0x00,0x00,0x00,0x00,0x00,0x00,0x00,0x00,0x00,0x00,0x00,0x00,0x00,0x00,0x00,0x00,0x00,0x00,0x00,0x00,0x00,0x00,
  0x00,0x00,0x00,0x00,0x00,0x00,0x00,0x00,0x00,0x00,0x00,0x00,0x00,0x00,0x00,0x00,0x00,0x00,0x00,0x00,0x00,0x00,0x00,0x00,
  0x00,0x00,0x00,0x00,0x00,0x00,0x00,0x00,0x00,0x00,0x00,0x00,0x00,0x00,0x00,0x00,0x00,0x00,0x00,0x00,0x00,0x00,0xe3,0x00,
  0x16,0x05,0x16,0x05,0x36,0x05,0x32,0x04,0x66,0x01,0x29,0x02,0xb4,0x04,0x57,0x05,0x57,0x05,0x32,0x04,0x00,0x00,0x00,0x00,
  0x00,0x00,0x00,0x00,0x00,0x00,0x00,0x00,0x00,0x00,0x00,0x00,0x82,0x00,0x73,0x04,0x78,0x05,0xf5,0x04,0x98,0x05,0xb8,0x05,
  0x57,0x05,0x16,0x05,0xb8,0x05,0x0d,0x03,0x00,0x00,0x00,0x00,0x00,0x00,0x00,0x00,0x00,0x00,0x00,0x00,0x00,0x00,0x00,0x00,
  0x12,0x04,0x77,0x05,0x36,0x05,0x45,0x01,0x00,0x00,0x00,0x00,0x00,0x00,0x00,0x00,0xe4,0x00,0xf1,0x03,0x36,0x05,0x36,0x05,
  0x36,0x05,0x36,0x05,0xf5,0x04,0xe8,0x01,0x00,0x00,0x00,0x00,0x00,0x00,0x00,0x00,0x00,0x00,0x00,0x00,0xf1,0x03,0x78,0x05,
  0x77,0x05,0x66,0x01,0x00,0x00,0x00,0x00,0x00,0x00,0x00,0x00,0xd0,0x03,0xb8,0x05,0x36,0x05,0x36,0x05,0x98,0x05,0x94,0x04,
  0x82,0x00,0x00,0x00,0x00,0x00,0x00,0x00,0x00,0x00,0xab,0x02,0xf9,0x05,0x77,0x05,0x52,0x04,0x41,0x00,0x00,0x00,0x00,0x00,
  0x00,0x00,0x00,0x00,0x00,0x00,0x0d,0x03,0x1a,0x06,0x3b,0x06,0x5b,0x06,0x5b,0x06,0x5b,0x06,0x52,0x04,0x82,0x00,0x00,0x00,
  0x00,0x00,0x00,0x00,0x00,0x00,0x00,0x00,0x00,0x00,0x00,0x00,0x00,0x00,0x32,0x04,0xfe,0x06,0x5c,0x06,0xe8,0x01,0x00,0x00,
  0x00,0x00,0x00,0x00,0x00,0x00,0x6a,0x02,0x7c,0x06,0xdd,0x06,0xdd,0x06,0xfe,0x06,0x9d,0x06,0x5c,0x06,0x9c,0x06,0x32,0x04,
  0x00,0x00,0x00,0x00,0x00,0x00,0x00,0x00,0x00,0x00,0x00,0x00,0x00,0x00,0x00,0x00,0x00,0x00,0xf1,0x03,0x7c,0x06,0xd9,0x05,
  0x1a,0x06,0x32,0x04,0x0d,0x03,0xb4,0x04,0xfa,0x05,0x1a,0x06,0xd9,0x05,0xc7,0x01,0x00,0x00,0x00,0x00,0x00,0x00,0x00,0x00,
  0x00,0x00,0x00,0x00,0x00,0x00,0x00,0x00,0x00,0x00,0x00,0x00,0x00,0x00,0x00,0x00,0x00,0x00,0x00,0x00,0x00,0x00,0x00,0x00,
  0x00,0x00,0x00,0x00,0x00,0x00,0x00,0x00,0x00,0x00,0x00,0x00,0x00,0x00,0x00,0x00,0x00,0x00,0x00,0x00,0x00,0x00,0x00,0x00,
  0x00,0x00,0x00,0x00,0x00,0x00,0x00,0x00,0x00,0x00,0x00,0x00,0x00,0x00,0x00,0x00,0x00,0x00,0x00,0x00,0x00,0x00,0x00,0x00,
  0x00,0x00,0x00,0x00,0x00,0x00,0x00,0x00,0x00,0x00,0x00,0x00,0x00,0x00,0x00,0x00,0x00,0x00,0x00,0x00,0x00,0x00,0x00,0x00,
  0x00,0x00,0x00,0x00,0x00,0x00,0x00,0x00,0x00,0x00,0x00,0x00,0x00,0x00,0x29,0x02,0x57,0x05,0x37,0x05,0xb4,0x04,0x82,0x00,
  0x00,0x00,0x00,0x00,0x45,0x01,0x57,0x05,0xf5,0x04,0x15,0x05,0x86,0x01,0x00,0x00,0x00,0x00,0x00,0x00,0x00,0x00,0x00,0x00,
  0x00,0x00,0x00,0x00,0xec,0x02,0x98,0x05,0xf5,0x04,0x16,0x05,0x8f,0x03,0xac,0x02,0x32,0x04,0x37,0x05,0x16,0x05,0x98,0x05,
  0x87,0x01,0x00,0x00,0x00,0x00,0x00,0x00,0x00,0x00,0x00,0x00,0x00,0x00,0x00,0x00,0x32,0x04,0x77,0x05,0x36,0x05,0x45,0x01,
  0x00,0x00,0x00,0x00,0x00,0x00,0x00,0x00,0x00,0x00,0x00,0x00,0x29,0x02,0x57,0x05,0x77,0x05,0x93,0x04,0xe3,0x00,0x00,0x00,
  0x00,0x00,0x00,0x00,0x00,0x00,0x00,0x00,0x00,0x00,0x00,0x00,0xf1,0x03,0x98,0x05,0x77,0x05,0x66,0x01,0x00,0x00,0x00,0x00,
  0x00,0x00,0x25,0x01,0x36,0x05,0x77,0x05,0x36,0x05,0x36,0x05,0x37,0x05,0x98,0x05,0xe8,0x01,0x00,0x00,0x00,0x00,0x00,0x00,
  0x00,0x00,0xab,0x02,0xfa,0x05,0x98,0x05,0x53,0x04,0x61,0x00,0x00,0x00,0x00,0x00,0x00,0x00,0x00,0x00,0x00,0x00,0x00,0x00,
  0xc7,0x01,0xd9,0x05,0x9c,0x06,0x3b,0x06,0xab,0x02,0x00,0x00,0x00,0x00,0x00,0x00,0x00,0x00,0x00,0x00,0x00,0x00,0x00,0x00,
  0x00,0x00,0x00,0x00,0x00,0x00,0x32,0x04,0xfe,0x06,0x5b,0x06,0xe8,0x01,0x00,0x00,0x20,0x00,0x00,0x00,0x25,0x01,0x3b,0x06,
  0x9c,0x06,0x7c,0x06,0x5b,0x06,0x77,0x05,0xd9,0x05,0x9c,0x06,0x5b,0x06,0x7c,0x06,0x6a,0x02,0x00,0x00,0x00,0x00,0x00,0x00,
  0x00,0x00,0x00,0x00,0x00,0x00,0x00,0x00,0xa2,0x00,0x98,0x05,0x9c,0x06,0x7c,0x06,0x8f,0x03,0x20,0x00,0x00,0x00,0xc3,0x00,
  0xd5,0x04,0x1a,0x06,0x1a,0x06,0xb0,0x03,0x00,0x00,0x00,0x00,0x00,0x00,0x00,0x00,0x00,0x00,0x00,0x00,0x00,0x00,0x00,0x00,
  0x00,0x00,0x00,0x00,0x00,0x00,0x00,0x00,0x00,0x00,0x00,0x00,0x00,0x00,0x00,0x00,0x00,0x00,0x00,0x00,0x00,0x00,0x00,0x00,
  0x00,0x00,0x00,0x00,0x00,0x00,0x00,0x00,0x00,0x00,0x00,0x00,0x00,0x00,0x00,0x00,0x00,0x00,0x00,0x00,0x00,0x00,0x00,0x00,
  0x00,0x00,0x00,0x00,0x00,0x00,0x00,0x00,0x00,0x00,0x00,0x00,0x00,0x00,0x00,0x00,0x00,0x00,0x00,0x00,0x00,0x00,0x00,0x00,
  0x00,0x00,0x00,0x00,0x00,0x00,0x00,0x00,0x00,0x00,0x00,0x00,0x00,0x00,0x00,0x00,0x00,0x00,0x00,0x00,0x00,0x00,0x00,0x00,
  0x00,0x00,0x00,0x00,0x00,0x00,0x6a,0x02,0x57,0x05,0x98,0x05,0x0d,0x03,0x00,0x00,0x21,0x00,0x20,0x00,0x41,0x00,0x73,0x04,
  0x16,0x05,0x37,0x05,0xe8,0x01,0x00,0x00,0x00,0x00,0x00,0x00,0x00,0x00,0x00,0x00,0x00,0x00,0x00,0x00,0x53,0x04,0x57,0x05,
  0x57,0x05,0xec,0x02,0x00,0x00,0x00,0x00,0x61,0x00,0x11,0x04,0x57,0x05,0x98,0x05,0x0d,0x03,0x00,0x00,0x00,0x00,0x00,0x00,
  0x00,0x00,0x00,0x00,0x00,0x00,0x00,0x00,0x32,0x04,0x77,0x05,0x36,0x05,0x45,0x01,0x00,0x00,0x00,0x00,0x00,0x00,0x00,0x00,
  0x00,0x00,0x00,0x00,0xe4,0x00,0x36,0x05,0x77,0x05,0xf1,0x03,0x00,0x00,0x00,0x00,0x00,0x00,0x00,0x00,0x00,0x00,0x00,0x00,
  0x00,0x00,0x00,0x00,0x11,0x04,0x98,0x05,0x77,0x05,0x66,0x01,0x00,0x00,0x20,0x00,0x00,0x00,0xa7,0x01,0x57,0x05,0x36,0x05,
  0x36,0x05,0x36,0x05,0x16,0x05,0xb9,0x05,0x8b,0x02,0x00,0x00,0x00,0x00,0x00,0x00,0x00,0x00,0x6a,0x02,0xd9,0x05,0xb9,0x05,
  0xd4,0x04,0x82,0x00,0x00,0x00,0x00,0x00,0x00,0x00,0x00,0x00,0x00,0x00,0x00,0x00,0x41,0x00,0x36,0x05,0xbd,0x06,0x3a,0x06,
  0x45,0x01,0x00,0x00,0x00,0x00,0x00,0x00,0x00,0x00,0x00,0x00,0x00,0x00,0x00,0x00,0x00,0x00,0x00,0x00,0x20,0x00,0x32,0x04,
  0xfe,0x06,0x5b,0x06,0xc8,0x01,0x00,0x00,0x00,0x00,0x00,0x00,0x4e,0x03,0xde,0x06,0x5b,0x06,0xfa,0x05,0x8b,0x02,0x62,0x00,
  0x04,0x01,0x16,0x05,0xbd,0x06,0x5b,0x06,0xf5,0x04,0x62,0x00,0x00,0x00,0x00,0x00,0x00,0x00,0x00,0x00,0x00,0x00,0x00,0x00,
  0x24,0x01,0xd9,0x05,0x9c,0x06,0x1a,0x06,0x45,0x01,0x00,0x00,0x20,0x00,0x00,0x00,0xed,0x02,0x5b,0x06,0x3b,0x06,0x11,0x04,
  0x00,0x00,0x00,0x00,0x00,0x00,0x00,0x00,0x00,0x00,0x00,0x00,0x00,0x00,0x00,0x00,0x00,0x00,0x00,0x00,0x00,0x00,0x00,0x00,
  0x00,0x00,0x00,0x00,0x00,0x00,0x00,0x00,0x00,0x00,0x00,0x00,0x00,0x00,0x00,0x00,0x00,0x00,0x00,0x00,0x00,0x00,0x00,0x00,
  0x00,0x00,0x00,0x00,0x00,0x00,0x00,0x00,0x00,0x00,0x00,0x00,0x00,0x00,0x00,0x00,0x00,0x00,0x00,0x00,0x00,0x00,0x00,0x00,
  0x00,0x00,0x00,0x00,0x00,0x00,0x00,0x00,0x00,0x00,0x00,0x00,0x00,0x00,0x00,0x00,0x00,0x00,0x00,0x00,0x00,0x00,0x00,0x00,
  0x00,0x00,0x00,0x00,0x00,0x00,0x00,0x00,0x00,0x00,0x00,0x00,0x00,0x00,0x00,0x00,0x00,0x00,0x00,0x00,0x00,0x00,0x29,0x02,
  0x57,0x05,0x36,0x05,0x32,0x04,0x20,0x00,0x00,0x00,0x00,0x00,0x25,0x01,0x16,0x05,0x16,0x05,0x16,0x05,0xa7,0x01,0x00,0x00,
  0x00,0x00,0x00,0x00,0x00,0x00,0x00,0x00,0x00,0x00,0xe4,0x00,0xb4,0x04,0x57,0x05,0x37,0x05,0xe4,0x00,0x00,0x00,0x41,0x00,
  0x00,0x00,0x29,0x02,0x78,0x05,0x16,0x05,0xd0,0x03,0x41,0x00,0x00,0x00,0x00,0x00,0x00,0x00,0x00,0x00,0x00,0x00,0x00,0x00,
  0x32,0x04,0x77,0x05,0x36,0x05,0x45,0x01,0x00,0x00,0x00,0x00,0x00,0x00,0x00,0x00,0x00,0x00,0x00,0x00,0x04,0x01,0x16,0x05,
  0x77,0x05,0x12,0x04,0x00,0x00,0x00,0x00,0x00,0x00,0x00,0x00,0x00,0x00,0x00,0x00,0x00,0x00,0x00,0x00,0x11,0x04,0x98,0x05,
  0x57,0x05,0x46,0x01,0x00,0x00,0x20,0x00,0x00,0x00,0xa7,0x01,0x36,0x05,0x57,0x05,0x57,0x05,0x77,0x05,0x57,0x05,0xb8,0x05,
  0x8b,0x02,0x00,0x00,0x00,0x00,0x00,0x00,0x00,0x00,0x8b,0x02,0xfa,0x05,0xd9,0x05,0xb4,0x04,0x62,0x00,0x00,0x00,0x00,0x00,
  0x00,0x00,0x00,0x00,0x00,0x00,0x00,0x00,0x82,0x00,0x57,0x05,0xfe,0x06,0x5b,0x06,0x87,0x01,0x00,0x00,0x00,0x00,0x00,0x00,
  0x00,0x00,0x00,0x00,0x00,0x00,0x00,0x00,0x00,0x00,0x00,0x00,0x20,0x00,0x32,0x04,0xfe,0x06,0x5b,0x06,0xc7,0x01,0x00,0x00,
  0x00,0x00,0x00,0x00,0x73,0x04,0xfe,0x06,0xfe,0x06,0x12,0x04,0x41,0x00,0x00,0x00,0x00,0x00,0x29,0x02,0x1a,0x06,0x7c,0x06,
  0x1a,0x06,0x04,0x01,0x00,0x00,0x00,0x00,0x00,0x00,0x00,0x00,0x00,0x00,0x00,0x00,0xe4,0x00,0xf9,0x05,0x5b,0x06,0xd9,0x05,
  0x4a,0x02,0x00,0x00,0x00,0x00,0x00,0x00,0x32,0x04,0x7c,0x06,0x3b,0x06,0xb0,0x03,0x00,0x00,0x00,0x00,0x00,0x00,0x00,0x00,
  0x00,0x00,0x00,0x00,0x00,0x00,0x00,0x00,0x00,0x00,0x00,0x00,0x00,0x00,0x00,0x00,0x00,0x00,0x00,0x00,0x00,0x00,0x00,0x00,
  0x00,0x00,0x00,0x00,0x00,0x00,0x00,0x00,0x00,0x00,0x00,0x00,0x00,0x00,0x00,0x00,0x00,0x00,0x00,0x00,0x00,0x00,0x00,0x00,
  0x00,0x00,0x00,0x00,0x00,0x00,0x00,0x00,0x00,0x00,0x00,0x00,0x00,0x00,0x00,0x00,0x00,0x00,0x00,0x00,0x00,0x00,0x00,0x00,
  0x00,0x00,0x00,0x00,0x00,0x00,0x00,0x00,0x00,0x00,0x00,0x00,0x00,0x00,0x00,0x00,0x00,0x00,0x00,0x00,0x00,0x00,0x00,0x00,
  0x00,0x00,0x00,0x00,0x00,0x00,0x00,0x00,0x00,0x00,0x00,0x00,0x00,0x00,0x25,0x01,0x57,0x05,0x16,0x05,0x36,0x05,0xb0,0x03,
  0xe8,0x01,0x49,0x02,0x73,0x04,0x36,0x05,0x36,0x05,0x53,0x04,0x61,0x00,0x00,0x00,0x00,0x00,0x00,0x00,0x00,0x00,0x00,0x00,
  0x00,0x00,0x61,0x00,0x73,0x04,0x36,0x05,0x77,0x05,0x66,0x01,0x00,0x00,0x00,0x00,0x00,0x00,0x0d,0x03,0x98,0x05,0x77,0x05,
  0x6f,0x03,0x00,0x00,0x00,0x00,0x00,0x00,0x00,0x00,0x00,0x00,0x00,0x00,0x00,0x00,0x32,0x04,0x77,0x05,0x36,0x05,0x45,0x01,
  0x00,0x00,0x00,0x00,0x00,0x00,0x00,0x00,0x00,0x00,0x00,0x00,0x24,0x01,0x57,0x05,0xd9,0x05,0x52,0x04,0x00,0x00,0x00,0x00,
  0x00,0x00,0x00,0x00,0x00,0x00,0x00,0x00,0x00,0x00,0x00,0x00,0x52,0x04,0xd9,0x05,0xb9,0x05,0x66,0x01,0x00,0x00,0x20,0x00,
  0x00,0x00,0xa7,0x01,0x78,0x05,0x98,0x05,0xb9,0x05,0xb9,0x05,0xb8,0x05,0x1a,0x06,0x8b,0x02,0x00,0x00,0x00,0x00,0x00,0x00,
  0x00,0x00,0xab,0x02,0x5b,0x06,0x3b,0x06,0xf5,0x04,0x62,0x00,0x00,0x00,0x00,0x00,0x00,0x00,0x00,0x00,0x00,0x00,0x00,0x00,
  0x82,0x00,0x98,0x05,0x3f,0x07,0x9c,0x06,0x86,0x01,0x00,0x00,0x00,0x00,0x00,0x00,0x00,0x00,0x00,0x00,0x00,0x00,0x00,0x00,
  0x00,0x00,0x00,0x00,0x20,0x00,0x52,0x04,0xfe,0x06,0x5b,0x06,0xc8,0x01,0x00,0x00,0x00,0x00,0x00,0x00,0x94,0x04,0xfe,0x06,
  0x1e,0x07,0xb0,0x03,0x00,0x00,0x00,0x00,0x00,0x00,0x66,0x01,0xd9,0x05,0x7c,0x06,0xfa,0x05,0x04,0x01,0x00,0x00,0x00,0x00,
  0x00,0x00,0x00,0x00,0x00,0x00,0x00,0x00,0x41,0x00,0x93,0x04,0x3b,0x06,0xd9,0x05,0x98,0x05,0xab,0x02,0xc8,0x01,0x8f,0x03,
  0xfa,0x05,0xfa,0x05,0xf9,0x05,0xab,0x02,0x00,0x00,0x00,0x00,0x00,0x00,0x00,0x00,0x00,0x00,0x00,0x00,0x00,0x00,0x00,0x00,
  0x00,0x00,0x00,0x00,0x00,0x00,0x00,0x00,0x00,0x00,0x00,0x00,0x00,0x00,0x00,0x00,0x00,0x00,0x00,0x00,0x00,0x00,0x00,0x00,
  0x00,0x00,0x00,0x00,0x00,0x00,0x00,0x00,0x00,0x00,0x00,0x00,0x00,0x00,0x00,0x00,0x00,0x00,0x00,0x00,0x00,0x00,0x00,0x00,
  0x00,0x00,0x00,0x00,0x00,0x00,0x00,0x00,0x00,0x00,0x00,0x00,0x00,0x00,0x00,0x00,0x00,0x00,0x00,0x00,0x00,0x00,0x00,0x00,
  0x00,0x00,0x00,0x00,0x00,0x00,0x00,0x00,0x00,0x00,0x00,0x00,0x00,0x00,0x00,0x00,0x00,0x00,0x00,0x00,0x00,0x00,0x00,0x00,
  0x00,0x00,0x00,0x00,0x00,0x00,0x00,0x00,0x2e,0x03,0xb9,0x05,0x16,0x05,0x57,0x05,0x57,0x05,0x98,0x05,0x36,0x05,0xf5,0x04,
  0x78,0x05,0x49,0x02,0x00,0x00,0x00,0x00,0x00,0x00,0x00,0x00,0x00,0x00,0x00,0x00,0x00,0x00,0x00,0x00,0xf1,0x03,0x57,0x05,
  0x36,0x05,0x73,0x04,0x66,0x01,0x04,0x01,0x29,0x02,0x36,0x05,0x57,0x05,0x98,0x05,0x09,0x02,0x00,0x00,0x00,0x00,0x00,0x00,
  0x00,0x00,0x00,0x00,0x00,0x00,0x00,0x00,0x32,0x04,0x77,0x05,0x36,0x05,0x45,0x01,0x00,0x00,0x00,0x00,0x00,0x00,0x00,0x00,
  0x00,0x00,0x00,0x00,0x04,0x01,0xd5,0x04,0x36,0x05,0xf1,0x03,0x00,0x00,0x00,0x00,0x00,0x00,0x00,0x00,0x00,0x00,0x00,0x00,
  0x00,0x00,0x00,0x00,0xb0,0x03,0x37,0x05,0x16,0x05,0x45,0x01,0x00,0x00,0x20,0x00,0x00,0x00,0x86,0x01,0xd5,0x04,0xf5,0x04,
  0xd5,0x04,0xf5,0x04,0xd5,0x04,0x37,0x05,0x4a,0x02,0x00,0x00,0x00,0x00,0x00,0x00,0x00,0x00,0x29,0x02,0x57,0x05,0x77,0x05,
  0xf1,0x03,0x41,0x00,0x00,0x00,0x00,0x00,0x00,0x00,0x00,0x00,0x00,0x00,0x00,0x00,0x62,0x00,0x94,0x04,0x1b,0x06,0x77,0x05,
  0x45,0x01,0x00,0x00,0x00,0x00,0x00,0x00,0x00,0x00,0x00,0x00,0x00,0x00,0x00,0x00,0x00,0x00,0x00,0x00,0x20,0x00,0x32,0x04,
  0xfe,0x06,0x5b,0x06,0xe8,0x01,0x00,0x00,0x20,0x00,0x00,0x00,0x0d,0x03,0xfe,0x06,0x9c,0x06,0xd9,0x05,0xe8,0x01,0x41,0x00,
  0xc3,0x00,0x52,0x04,0x7c,0x06,0x7c,0x06,0x57,0x05,0x82,0x00,0x00,0x00,0x00,0x00,0x00,0x00,0x00,0x00,0x00,0x00,0x00,0x00,
  0x00,0x00,0xec,0x02,0x7c,0x06,0x1a,0x06,0x3b,0x06,0x3b,0x06,0xd9,0x05,0x5b,0x06,0xd9,0x05,0xfa,0x05,0xd5,0x04,0x82,0x00,
  0x00,0x00,0x00,0x00,0x00,0x00,0x00,0x00,0x00,0x00,0x00,0x00,0x00,0x00,0x00,0x00,0x00,0x00,0x00,0x00,0x00,0x00,0x00,0x00,
  0x00,0x00,0x00,0x00,0x00,0x00,0x00,0x00,0x00,0x00,0x00,0x00,0x00,0x00,0x00,0x00,0x00,0x00,0x00,0x00,0x00,0x00,0x00,0x00,
  0x00,0x00,0x00,0x00,0x00,0x00,0x00,0x00,0x00,0x00,0x00,0x00,0x00,0x00,0x00,0x00,0x00,0x00,0x00,0x00,0x00,0x00,0x00,0x00,
  0x00,0x00,0x00,0x00,0x00,0x00,0x00,0x00,0x00,0x00,0x00,0x00,0x00,0x00,0x00,0x00,0x00,0x00,0x00,0x00,0x00,0x00,0x00,0x00,
  0x00,0x00,0x00,0x00,0x00,0x00,0x00,0x00,0x00,0x00,0x00,0x00,0x00,0x00,0x00,0x00,0x00,0x00,0x00,0x00,0x00,0x00,0x00,0x00,
  0x20,0x00,0x8f,0x03,0xb9,0x05,0x57,0x05,0x57,0x05,0x36,0x05,0x57,0x05,0xf5,0x04,0x36,0x05,0xf1,0x03,0xc3,0x00,0x00,0x00,
  0x00,0x00,0x00,0x00,0x00,0x00,0x00,0x00,0x00,0x00,0x00,0x00,0xa7,0x01,0x98,0x05,0x16,0x05,0x37,0x05,0x77,0x05,0x16,0x05,
  0x78,0x05,0xf5,0x04,0x36,0x05,0x37,0x05,0x46,0x01,0x00,0x00,0x00,0x00,0x00,0x00,0x00,0x00,0x00,0x00,0x00,0x00,0x00,0x00,
  0x32,0x04,0x77,0x05,0x36,0x05,0x45,0x01,0x00,0x00,0x00,0x00,0x00,0x00,0x00,0x00,0x00,0x00,0x00,0x00,0x20,0x00,0xa2,0x00,
  0xa2,0x00,0x61,0x00,0x00,0x00,0x00,0x00,0x00,0x00,0x00,0x00,0x00,0x00,0x00,0x00,0x00,0x00,0x00,0x00,0x61,0x00,0xa2,0x00,
  0xa2,0x00,0x20,0x00,0x00,0x00,0x00,0x00,0x00,0x00,0x20,0x00,0x82,0x00,0xa2,0x00,0x82,0x00,0x82,0x00,0x82,0x00,0xa2,0x00,
  0x40,0x00,0x00,0x00,0x00,0x00,0x00,0x00,0x00,0x00,0x40,0x00,0x82,0x00,0xa2,0x00,0x41,0x00,0x00,0x00,0x00,0x00,0x00,0x00,
  0x00,0x00,0x00,0x00,0x00,0x00,0x00,0x00,0x00,0x00,0x61,0x00,0xc3,0x00,0xa2,0x00,0x20,0x00,0x00,0x00,0x00,0x00,0x00,0x00,
  0x00,0x00,0x00,0x00,0x00,0x00,0x00,0x00,0x00,0x00,0x00,0x00,0x20,0x00,0x32,0x04,0xfe,0x06,0x3b,0x06,0xc8,0x01,0x00,0x00,
  0x00,0x00,0x00,0x00,0x09,0x02,0xdd,0x06,0x7c,0x06,0x9c,0x06,0x1a,0x06,0xb4,0x04,0x16,0x05,0x5b,0x06,0x7c,0x06,0xfe,0x06,
  0x0d,0x03,0x00,0x00,0x00,0x00,0x00,0x00,0x00,0x00,0x00,0x00,0x00,0x00,0x00,0x00,0x87,0x01,0x77,0x05,0x3b,0x06,0x3b,0x06,
  0x1a,0x06,0xf9,0x05,0x3a,0x06,0x1a,0x06,0x3b,0x06,0x57,0x05,0xa7,0x01,0x00,0x00,0x00,0x00,0x00,0x00,0x00,0x00,0x00,0x00,
  0x00,0x00,0x00,0x00,0x00,0x00,0x00,0x00,0x00,0x00,0x00,0x00,0x00,0x00,0x00,0x00,0x00,0x00,0x00,0x00,0x00,0x00,0x00,0x00,
  0x00,0x00,0x00,0x00,0x00,0x00,0x00,0x00,0x00,0x00,0x00,0x00,0x00,0x00,0x00,0x00,0x00,0x00,0x00,0x00,0x00,0x00,0x00,0x00,
  0x00,0x00,0x00,0x00,0x00,0x00,0x00,0x00,0x00,0x00,0x00,0x00,0x00,0x00,0x00,0x00,0x00,0x00,0x00,0x00,0x00,0x00,0x00,0x00,
  0x00,0x00,0x00,0x00,0x00,0x00,0x00,0x00,0x00,0x00,0x00,0x00,0x00,0x00,0x00,0x00,0x00,0x00,0x00,0x00,0x00,0x00,0x00,0x00,
  0x00,0x00,0x00,0x00,0x00,0x00,0x00,0x00,0x00,0x00,0x00,0x00,0x00,0x00,0x00,0x00,0x00,0x00,0x00,0x00,0x29,0x02,0xf1,0x03,
  0xd5,0x04,0x94,0x04,0x32,0x04,0x57,0x05,0xd5,0x04,0x77,0x05,0x73,0x04,0xa2,0x00,0x00,0x00,0x00,0x00,0x00,0x00,0x00,0x00,
  0x00,0x00,0x00,0x00,0x00,0x00,0x29,0x02,0xb8,0x05,0x77,0x05,0x36,0x05,0x16,0x05,0x36,0x05,0x98,0x05,0x36,0x05,0x57,0x05,
  0xf5,0x04,0x25,0x01,0x00,0x00,0x00,0x00,0x00,0x00,0x00,0x00,0x00,0x00,0x00,0x00,0x32,0x04,0x77,0x05,0x36,0x05,0x45,0x01,
  0x00,0x00,0x00,0x00,0x00,0x00,0x00,0x00,0x02,0x10,0x01,0x10,0x01,0x10,0x01,0x18,0x01,0x18,0x01,0x10,0x01,0x10,0x01,0x10,
  0x01,0x10,0x01,0x10,0x01,0x10,0x01,0x10,0x01,0x10,0x01,0x10,0x01,0x10,0x00,0x10,0x01,0x10,0x01,0x10,0x01,0x10,0x01,0x10,
  0x01,0x10,0x01,0x10,0x01,0x10,0x01,0x10,0x01,0x10,0x01,0x10,0x01,0x10,0x01,0x10,0x01,0x10,0x01,0x10,0x01,0x10,0x01,0x10,
  0x01,0x10,0x01,0x10,0x01,0x10,0x01,0x10,0x00,0x08,0x00,0x00,0x00,0x00,0x02,0x18,0x02,0x18,0x02,0x18,0x02,0x18,0x02,0x18,
  0x02,0x18,0x01,0x18,0x01,0x18,0x02,0x18,0x02,0x18,0x04,0x28,0x04,0x28,0x02,0x18,0x02,0x10,0x02,0x18,0x02,0x18,0x00,0x00,
  0x00,0x00,0x00,0x00,0x20,0x00,0x32,0x04,0xfe,0x06,0x3b,0x06,0xc7,0x01,0x00,0x00,0x20,0x00,0xc8,0x01,0xb9,0x05,0x7c,0x06,
  0x9c,0x06,0x9c,0x06,0x9c,0x06,0x9d,0x06,0x5b,0x06,0x1a,0x06,0xbd,0x06,0xf5,0x04,0x82,0x00,0x00,0x00,0x00,0x00,0x00,0x00,
  0x00,0x00,0x00,0x00,0x00,0x00,0x65,0x01,0x77,0x05,0x3b,0x06,0xfa,0x05,0xfa,0x05,0xd4,0x04,0x57,0x05,0xb9,0x05,0x77,0x05,
  0xf1,0x03,0x45,0x01,0x00,0x00,0x00,0x00,0x00,0x00,0x00,0x00,0x00,0x00,0x00,0x00,0x00,0x00,0x00,0x00,0x00,0x00,0x00,0x00,
  0x00,0x00,0x00,0x00,0x00,0x00,0x00,0x00,0x00,0x00,0x00,0x00,0x00,0x00,0x00,0x00,0x00,0x00,0x00,0x00,0x00,0x00,0x00,0x00,
  0x00,0x00,0x00,0x00,0x00,0x00,0x00,0x00,0x00,0x00,0x00,0x00,0x00,0x00,0x00,0x00,0x00,0x00,0x00,0x00,0x00,0x00,0x00,0x00,
  0x00,0x00,0x00,0x00,0x00,0x00,0x00,0x00,0x00,0x00,0x00,0x00,0x00,0x00,0x00,0x00,0x00,0x00,0x00,0x00,0x00,0x00,0x00,0x00,
  0x00,0x00,0x00,0x00,0x00,0x00,0x00,0x00,0x00,0x00,0x00,0x00,0x00,0x00,0x00,0x00,0x00,0x00,0x00,0x00,0x00,0x00,0x00,0x00,
  0x00,0x00,0x00,0x00,0x00,0x00,0x00,0x00,0x00,0x00,0x00,0x00,0x00,0x00,0x20,0x00,0xa3,0x00,0xa2,0x00,0x41,0x00,0xec,0x02,
  0x98,0x05,0x16,0x05,0x98,0x05,0x73,0x04,0xa3,0x00,0x00,0x00,0x00,0x00,0x00,0x00,0x00,0x00,0x00,0x00,0x00,0x00,0x00,0x00,
  0xc8,0x01,0x11,0x04,0xd4,0x04,0x16,0x05,0x94,0x04,0x11,0x04,0x36,0x05,0x36,0x05,0x98,0x05,0xf5,0x04,0x45,0x01,0x00,0x00,
  0x00,0x00,0x00,0x00,0x00,0x00,0x00,0x00,0x32,0x04,0x77,0x05,0x36,0x05,0x46,0x01,0x00,0x00,0x00,0x00,0x00,0x00,0x27,0x58,
  0x70,0xb8,0x70,0xc0,0x70,0xc0,0x71,0xc0,0x70,0xb8,0x70,0xb8,0x70,0xb8,0x70,0xc0,0x70,0xc0,0x70,0xb8,0x70,0xb8,0x70,0xb8,
  0x70,0xb8,0x70,0xb8,0x70,0xb0,0x6f,0xb0,0x6f,0xb0,0x70,0xb8,0x70,0xb8,0x70,0xb8,0x70,0xb8,0x70,0xc0,0x71,0xc0,0x71,0xc0,
  0x70,0xc0,0x70,0xc0,0x71,0xc0,0x71,0xc0,0x71,0xc0,0x70,0xb8,0x70,0xb8,0x70,0xb8,0x70,0xc0,0x70,0xb8,0x70,0xb8,0x6e,0xa0,
  0x01,0x08,0x01,0x08,0x4a,0x70,0x71,0xc8,0x71,0xc8,0x71,0xc8,0x71,0xc0,0x70,0xc0,0x71,0xc0,0x71,0xc8,0x91,0xc8,0x91,0xc8,
  0x71,0xc8,0x70,0xc0,0x70,0xc0,0x70,0xc0,0x70,0xb8,0x70,0xc0,0x4e,0xa0,0x02,0x18,0x00,0x00,0x00,0x00,0x20,0x00,0x32,0x04,
  0xfe,0x06,0x3b,0x06,0xc8,0x01,0x00,0x00,0x49,0x02,0xd9,0x05,0x9c,0x06,0x7c,0x06,0x1a,0x06,0xd9,0x05,0x9d,0x06,0xdd,0x06,
  0xdd,0x06,0x5b,0x06,0xd0,0x03,0xa2,0x00,0x00,0x00,0x00,0x00,0x00,0x00,0x00,0x00,0x00,0x00,0x00,0x00,0x66,0x01,0x77,0x05,
  0x7c,0x06,0x1a,0x06,0x3b,0x06,0x2d,0x03,0xa2,0x00,0xe8,0x01,0x29,0x02,0x04,0x01,0x21,0x00,0x00,0x00,0x00,0x00,0x00,0x00,
  0x00,0x00,0x00,0x00,0x00,0x00,0x00,0x00,0x00,0x00,0x00,0x00,0x00,0x00,0x00,0x00,0x00,0x00,0x00,0x00,0x00,0x00,0x00,0x00,
  0x00,0x00,0x00,0x00,0x00,0x00,0x00,0x00,0x00,0x00,0x00,0x00,0x00,0x00,0x00,0x00,0x00,0x00,0x00,0x00,0x00,0x00,0x00,0x00,
  0x00,0x00,0x00,0x00,0x00,0x00,0x00,0x00,0x00,0x00,0x00,0x00,0x00,0x00,0x00,0x00,0x00,0x00,0x00,0x00,0x00,0x00,0x00,0x00,
  0x00,0x00,0x00,0x00,0x00,0x00,0x00,0x00,0x00,0x00,0x00,0x00,0x00,0x00,0x00,0x00,0x00,0x00,0x00,0x00,0x00,0x00,0x00,0x00,
  0x00,0x00,0x00,0x00,0x00,0x00,0x00,0x00,0x00,0x00,0x00,0x00,0x00,0x00,0x00,0x00,0x00,0x00,0x00,0x00,0x00,0x00,0x00,0x00,
  0x00,0x00,0x00,0x00,0x20,0x00,0x00,0x00,0x00,0x00,0x00,0x00,0x00,0x00,0x00,0x00,0xed,0x02,0x98,0x05,0x15,0x05,0x78,0x05,
  0x53,0x04,0xa3,0x00,0x00,0x00,0x00,0x00,0x00,0x00,0x00,0x00,0x00,0x00,0x00,0x00,0x00,0x00,0x00,0x00,0x04,0x01,0x86,0x01,
  0xc3,0x00,0x00,0x00,0x6a,0x02,0x98,0x05,0x16,0x05,0x57,0x05,0xf5,0x04,0x25,0x01,0x00,0x00,0x00,0x00,0x00,0x00,0x00,0x00,
  0x32,0x04,0x77,0x05,0x36,0x05,0x46,0x01,0x00,0x00,0x00,0x00,0x00,0x08,0x4a,0x78,0x94,0xf0,0x96,0xf8,0x95,0xf8,0x95,0xf8,
  0x94,0xf0,0x95,0xf0,0x95,0xf8,0x95,0xf8,0x95,0xf8,0x95,0xf8,0x95,0xf0,0x95,0xf0,0x95,0xf8,0x95,0xf8,0x95,0xf8,0x95,0xf8,
  0x95,0xf0,0x95,0xf8,0x95,0xf8,0x95,0xf8,0x95,0xf0,0x95,0xf8,0x96,0xf8,0x95,0xf8,0x95,0xf8,0x95,0xf8,0x95,0xf8,0x96,0xf8,
  0x95,0xf8,0x95,0xf8,0x95,0xf0,0x95,0xf8,0x95,0xf8,0x96,0xf8,0x94,0xe8,0x4b,0x80,0x00,0x00,0x28,0x60,0x93,0xe0,0x95,0xf0,
  0x95,0xf8,0x95,0xf0,0x95,0xf0,0x95,0xf8,0x95,0xf0,0x95,0xf0,0x95,0xf8,0x95,0xf8,0x95,0xf8,0x95,0xf8,0x95,0xf0,0x95,0xf0,
  0x95,0xf0,0x94,0xf0,0x4b,0x80,0x00,0x00,0x00,0x00,0x00,0x00,0x20,0x00,0x32,0x04,0xfe,0x06,0x1a,0x06,0x09,0x02,0xe8,0x01,
  0xd9,0x05,0x7c,0x06,0x5b,0x06,0x9c,0x06,0xec,0x02,0x45,0x01,0x2e,0x03,0xf1,0x03,0x4e,0x03,0x08,0x02,0x61,0x00,0x00,0x00,
  0x00,0x00,0x00,0x00,0x00,0x00,0x00,0x00,0x00,0x00,0x66,0x01,0x36,0x05,0x7c,0x06,0x1a,0x06,0x5b,0x06,0x6e,0x03,0x00,0x00,
  0x00,0x00,0x00,0x00,0x00,0x00,0x00,0x00,0x00,0x00,0x00,0x00,0x00,0x00,0x00,0x00,0x00,0x00,0x00,0x00,0x00,0x00,0x00,0x00,
  0x00,0x00,0x00,0x00,0x00,0x00,0x00,0x00,0x00,0x00,0x00,0x00,0x00,0x00,0x00,0x00,0x00,0x00,0x00,0x00,0x00,0x00,0x00,0x00,
  0x00,0x00,0x00,0x00,0x00,0x00,0x00,0x00,0x00,0x00,0x00,0x00,0x00,0x00,0x00,0x00,0x00,0x00,0x00,0x00,0x00,0x00,0x00,0x00,
  0x00,0x00,0x00,0x00,0x00,0x00,0x00,0x00,0x00,0x00,0x00,0x00,0x00,0x00,0x00,0x00,0x00,0x00,0x00,0x00,0x00,0x00,0x00,0x00,
  0x00,0x00,0x00,0x00,0x00,0x00,0x00,0x00,0x00,0x00,0x00,0x00,0x00,0x00,0x00,0x00,0x00,0x00,0x00,0x00,0x00,0x00,0x00,0x00,
  0x00,0x00,0x00,0x00,0x00,0x00,0x00,0x00,0x00,0x00,0x00,0x00,0x00,0x00,0x00,0x00,0x00,0x00,0x00,0x00,0x00,0x00,0x00,0x00,
  0x00,0x00,0x00,0x00,0x20,0x00,0x20,0x00,0x00,0x00,0xed,0x02,0x98,0x05,0xd5,0x04,0x77,0x05,0x73,0x04,0xc3,0x00,0x00,0x00,
  0x00,0x00,0x00,0x00,0x00,0x00,0x00,0x00,0x00,0x00,0x00,0x00,0x00,0x00,0x00,0x00,0x00,0x00,0x00,0x00,0x00,0x00,0x6a,0x02,
  0x77,0x05,0xd5,0x04,0x57,0x05,0x16,0x05,0x04,0x01,0x00,0x00,0x00,0x00,0x00,0x00,0x32,0x04,0x77,0x05,0x36,0x05,0x46,0x01,
  0x00,0x00,0x00,0x00,0x00,0x00,0x29,0x70,0x73,0xe0,0x94,0xe8,0x94,0xe8,0x94,0xe8,0x94,0xe8,0x94,0xe8,0x94,0xe8,0x94,0xe8,
  0x94,0xf0,0x95,0xf0,0x94,0xe8,0x94,0xe8,0x94,0xe8,0x95,0xf0,0x94,0xf0,0x94,0xe8,0x94,0xf0,0x94,0xf0,0x94,0xe8,0x94,0xe8,
  0x94,0xe8,0x94,0xf0,0x94,0xf0,0x94,0xe8,0x93,0xe0,0x93,0xe0,0x94,0xe8,0x94,0xe8,0x94,0xe8,0x94,0xe8,0x94,0xe8,0x94,0xe8,
  0x94,0xf0,0x95,0xf8,0x4e,0xa8,0x01,0x10,0x25,0x38,0x71,0xc8,0x95,0xf0,0x94,0xe0,0x94,0xe8,0x94,0xf0,0x94,0xe8,0x94,0xf0,
  0x94,0xe8,0x94,0xe8,0x94,0xe8,0x94,0xe8,0x94,0xe8,0x94,0xf0,0x94,0xf0,0x94,0xe8,0x95,0xf8,0x6f,0xb0,0x02,0x20,0x00,0x00,
  0x00,0x00,0x00,0x00,0x20,0x00,0x32,0x04,0xfe,0x06,0xfa,0x05,0x4e,0x03,0xd9,0x05,0x9d,0x06,0x3b,0x06,0x7c,0x06,0x4e,0x03,
  0x00,0x00,0x00,0x00,0x00,0x00,0x00,0x00,0x00,0x00,0x00,0x00,0x00,0x00,0x00,0x00,0x00,0x00,0x00,0x00,0x00,0x00,0x00,0x00,
  0x46,0x01,0x57,0x05,0x5b,0x06,0xb9,0x05,0x3b,0x06,0x4e,0x03,0x00,0x00,0x00,0x00,0x00,0x00,0x00,0x00,0x00,0x00,0x00,0x00,
  0x00,0x00,0x00,0x00,0x00,0x00,0x00,0x00,0x00,0x00,0x00,0x00,0x00,0x00,0x00,0x00,0x00,0x00,0x00,0x00,0x00,0x00,0x00,0x00,
  0x00,0x00,0x00,0x00,0x00,0x00,0x00,0x00,0x00,0x00,0x00,0x00,0x00,0x00,0x00,0x00,0x00,0x00,0x00,0x00,0x00,0x00,0x00,0x00,
  0x00,0x00,0x00,0x00,0x00,0x00,0x00,0x00,0x00,0x00,0x00,0x00,0x00,0x00,0x00,0x00,0x00,0x00,0x00,0x00,0x00,0x00,0x00,0x00,
  0x00,0x00,0x00,0x00,0x00,0x00,0x00,0x00,0x00,0x00,0x00,0x00,0x00,0x00,0x00,0x00,0x00,0x00,0x00,0x00,0x00,0x00,0x00,0x00,
  0x00,0x00,0x00,0x00,0x00,0x00,0x00,0x00,0x00,0x00,0x00,0x00,0x00,0x00,0x00,0x00,0x00,0x00,0x00,0x00,0x00,0x00,0x00,0x00,
  0x00,0x00,0xc3,0x00,0xc7,0x01,0x4e,0x03,0x4e,0x03,0xcc,0x02,0xc7,0x01,0x04,0x01,0x82,0x00,0x20,0x00,0x00,0x00,0x00,0x00,
  0x00,0x00,0x00,0x00,0xcc,0x02,0x98,0x05,0xf5,0x04,0x77,0x05,0x94,0x04,0xc3,0x00,0x00,0x00,0x00,0x00,0x00,0x00,0x00,0x00,
  0x00,0x00,0x00,0x00,0x00,0x00,0x00,0x00,0x00,0x00,0x00,0x00,0x00,0x00,0x00,0x00,0x6a,0x02,0x98,0x05,0x16,0x05,0x57,0x05,
  0xf5,0x04,0x45,0x01,0x00,0x00,0x00,0x00,0x32,0x04,0x78,0x05,0x57,0x05,0x66,0x01,0x00,0x00,0x00,0x00,0x00,0x00,0x4a,0x70,
  0x73,0xe0,0x94,0xf0,0x94,0xe8,0x94,0xe8,0x94,0xe8,0x94,0xe8,0x94,0xf0,0x94,0xe8,0x94,0xe8,0x94,0xe8,0x94,0xf0,0x94,0xf0,
  0x94,0xf0,0x94,0xf0,0x94,0xf0,0x94,0xf0,0x94,0xf0,0x94,0xe8,0x94,0xe8,0x94,0xe8,0x94,0xf0,0x94,0xf0,0x94,0xf0,0x94,0xe8,
  0x93,0xe8,0x94,0xe8,0x94,0xe8,0x94,0xf0,0x94,0xe8,0x94,0xe8,0x94,0xf0,0x94,0xf0,0x94,0xe8,0x71,0xc8,0x26,0x48,0x02,0x20,
  0x4d,0x98,0x94,0xf0,0x94,0xf0,0x94,0xe8,0x94,0xf0,0x94,0xf0,0x94,0xe8,0x94,0xe8,0x94,0xe8,0x94,0xf0,0x94,0xf0,0x94,0xe8,
  0x94,0xf0,0x94,0xe8,0x94,0xe8,0x94,0xf0,0x73,0xe0,0x26,0x48,0x00,0x00,0x00,0x00,0x00,0x00,0x00,0x00,0x41,0x00,0x73,0x04,
  0xfe,0x06,0x5b,0x06,0x5b,0x06,0x9c,0x06,0x5b,0x06,0x7c,0x06,0x2d,0x03,0x00,0x00,0x00,0x00,0x00,0x00,0x00,0x00,0x00,0x00,
  0x00,0x00,0x00,0x00,0x00,0x00,0x00,0x00,0x00,0x00,0x00,0x00,0x00,0x00,0xa7,0x01,0x78,0x05,0x5b,0x06,0xd9,0x05,0x3a,0x06,
  0x2d,0x03,0x00,0x00,0x00,0x00,0x00,0x00,0x00,0x00,0x00,0x00,0x00,0x00,0x00,0x00,0x00,0x00,0x00,0x00,0x00,0x00,0x00,0x00,
  0x00,0x00,0x00,0x00,0x00,0x00,0x00,0x00,0x00,0x00,0x00,0x00,0x00,0x00,0x00,0x00,0x00,0x00,0x00,0x00,0x00,0x00,0x00,0x00,
  0x00,0x00,0x00,0x00,0x00,0x00,0x00,0x00,0x00,0x00,0x00,0x00,0x00,0x00,0x00,0x00,0x00,0x00,0x00,0x00,0x00,0x00,0x00,0x00,
  0x00,0x00,0x00,0x00,0x00,0x00,0x00,0x00,0x00,0x00,0x00,0x00,0x00,0x00,0x00,0x00,0x00,0x00,0x00,0x00,0x00,0x00,0x00,0x00,
  0x00,0x00,0x00,0x00,0x00,0x00,0x00,0x00,0x00,0x00,0x00,0x00,0x00,0x00,0x00,0x00,0x00,0x00,0x00,0x00,0x00,0x00,0x00,0x00,
  0x00,0x00,0x00,0x00,0x00,0x00,0x00,0x00,0x00,0x00,0x00,0x00,0x00,0x00,0x00,0x00,0xcc,0x02,0x16,0x05,0x77,0x05,0x57,0x05,
  0x57,0x05,0x36,0x05,0x16,0x05,0x16,0x05,0xb4,0x04,0xf1,0x03,0x0d,0x03,0x8b,0x02,0x25,0x01,0x00,0x00,0x00,0x00,0xcc,0x02,
  0x98,0x05,0x16,0x05,0x57,0x05,0x93,0x04,0xc3,0x00,0x00,0x00,0x00,0x00,0x00,0x00,0x00,0x00,0x00,0x00,0x00,0x00,0x00,0x00,
  0x00,0x00,0x00,0x00,0x00,0x00,0x00,0x00,0x00,0x00,0x6a,0x02,0x98,0x05,0x16,0x05,0x37,0x05,0xf5,0x04,0x45,0x01,0x00,0x00,
  0x52,0x04,0x57,0x05,0x36,0x05,0x45,0x01,0x00,0x00,0x00,0x00,0x00,0x08,0x4a,0x70,0x94,0xe8,0x94,0xf0,0x94,0xe8,0x94,0xe8,
  0x94,0xf0,0x94,0xf0,0x94,0xf0,0x94,0xf0,0x94,0xe8,0x94,0xe8,0x94,0xe8,0x94,0xe8,0x94,0xe8,0x94,0xe8,0x94,0xe8,0x94,0xe8,
  0x94,0xe8,0x94,0xe8,0x94,0xe8,0x94,0xe8,0x94,0xe8,0x94,0xe8,0x94,0xf0,0x94,0xf0,0x94,0xf0,0x94,0xe8,0x94,0xe8,0x94,0xe8,
  0x94,0xe8,0x94,0xe8,0x95,0xf0,0x94,0xe8,0x93,0xe0,0x4a,0x70,0x03,0x20,0x29,0x68,0x93,0xe0,0x94,0xe8,0x94,0xe8,0x94,0xe8,
  0x94,0xf0,0x94,0xf0,0x94,0xe8,0x94,0xe8,0x94,0xe8,0x94,0xf0,0x95,0xf0,0x94,0xe8,0x94,0xe8,0x94,0xe8,0x94,0xe8,0x94,0xf0,
  0x4c,0x88,0x00,0x08,0x00,0x00,0x00,0x00,0x00,0x00,0x00,0x00,0x20,0x00,0x32,0x04,0xbd,0x06,0x7c,0x06,0x7c,0x06,0x5b,0x06,
  0x3b,0x06,0x0d,0x03,0x00,0x00,0x00,0x00,0x00,0x00,0x00,0x00,0x00,0x00,0x00,0x00,0x00,0x00,0x00,0x00,0x00,0x00,0x00,0x00,
  0x00,0x00,0x41,0x00,0xc7,0x01,0x98,0x05,0x3a,0x06,0xfa,0x05,0x5b,0x06,0xd0,0x03,0x82,0x00,0x00,0x00,0x00,0x00,0xc3,0x00,
  0x6f,0x03,0x32,0x04,0x6f,0x03,0x86,0x01,0x00,0x00,0x00,0x00,0x00,0x00,0x00,0x00,0x00,0x00,0x00,0x00,0x00,0x00,0x00,0x00,
  0x00,0x00,0x00,0x00,0x00,0x00,0x00,0x00,0x00,0x00,0x00,0x00,0x00,0x00,0x00,0x00,0x00,0x00,0x00,0x00,0x00,0x00,0x00,0x00,
  0x00,0x00,0x00,0x00,0x00,0x00,0x00,0x00,0x00,0x00,0x00,0x00,0x00,0x00,0x00,0x00,0x00,0x00,0x00,0x00,0x00,0x00,0x00,0x00,
  0x00,0x00,0x00,0x00,0x00,0x00,0x00,0x00,0x00,0x00,0x00,0x00,0x00,0x00,0x00,0x00,0x00,0x00,0x00,0x00,0x00,0x00,0x00,0x00,
  0x00,0x00,0x00,0x00,0x00,0x00,0x00,0x00,0x00,0x00,0x00,0x00,0x00,0x00,0x00,0x00,0x00,0x00,0x00,0x00,0x00,0x00,0x00,0x00,
  0x00,0x00,0x00,0x00,0x00,0x00,0x4a,0x02,0xb9,0x05,0x57,0x05,0x16,0x05,0xf5,0x04,0x16,0x05,0xf5,0x04,0xf5,0x04,0x36,0x05,
  0x56,0x05,0x77,0x05,0xb8,0x05,0xfa,0x05,0xec,0x02,0x00,0x00,0x00,0x00,0x00,0x00,0xec,0x02,0x77,0x05,0xf5,0x04,0x77,0x05,
  0x93,0x04,0xa3,0x00,0x00,0x00,0x00,0x00,0x00,0x00,0x00,0x00,0x00,0x00,0x00,0x00,0x00,0x00,0x00,0x00,0x00,0x00,0x00,0x00,
  0x00,0x00,0x00,0x00,0x4a,0x02,0x98,0x05,0x16,0x05,0x98,0x05,0xf5,0x04,0x24,0x01,0xf1,0x03,0x77,0x05,0x36,0x05,0x86,0x01,
  0x00,0x00,0x00,0x00,0x00,0x08,0x4a,0x70,0x94,0xe8,0x94,0xf0,0x94,0xe8,0x94,0xe8,0x94,0xe8,0x94,0xf0,0x94,0xf0,0x94,0xf0,
  0x94,0xe8,0x94,0xe8,0x94,0xe8,0x94,0xe8,0x94,0xe8,0x94,0xe8,0x94,0xe8,0x94,0xe8,0x94,0xe8,0x94,0xe8,0x94,0xe8,0x94,0xe8,
  0x94,0xe8,0x94,0xe8,0x94,0xe8,0x94,0xe8,0x95,0xf0,0x94,0xf0,0x94,0xe8,0x94,0xe8,0x94,0xe8,0x94,0xe8,0x94,0xf0,0x94,0xf0,
  0x4e,0xa8,0x02,0x18,0x05,0x38,0x71,0xc0,0x94,0xe8,0x94,0xe8,0x94,0xe8,0x94,0xe8,0x94,0xe8,0x94,0xf0,0x94,0xf0,0x94,0xe8,
  0x94,0xe8,0x94,0xe8,0x94,0xe8,0x94,0xf0,0x94,0xe8,0x94,0xe8,0x94,0xf0,0x70,0xc0,0x03,0x28,0x00,0x00,0x00,0x00,0x00,0x00,
  0x00,0x00,0x00,0x00,0x62,0x00,0x73,0x04,0x7c,0x06,0x3b,0x06,0x3b,0x06,0x5b,0x06,0xec,0x02,0x00,0x00,0x00,0x00,0x00,0x00,
  0x00,0x00,0x00,0x00,0x00,0x00,0x00,0x00,0x00,0x00,0x00,0x00,0x00,0x00,0x00,0x00,0x00,0x00,0x87,0x01,0x98,0x05,0x7c,0x06,
  0xd9,0x05,0x3b,0x06,0x6f,0x03,0xa3,0x00,0x20,0x00,0x61,0x00,0x8b,0x02,0x16,0x05,0x3b,0x06,0x5b,0x06,0x1a,0x06,0x78,0x05,
  0x2d,0x03,0x61,0x00,0x00,0x00,0x00,0x00,0x00,0x00,0x00,0x00,0x00,0x00,0x00,0x00,0x00,0x00,0x00,0x00,0x00,0x00,0x00,0x00,
  0x00,0x00,0x00,0x00,0x00,0x00,0x00,0x00,0x00,0x00,0x00,0x00,0x00,0x00,0x00,0x00,0x00,0x00,0x00,0x00,0x00,0x00,0x00,0x00,
  0x00,0x00,0x00,0x00,0x00,0x00,0x00,0x00,0x00,0x00,0x00,0x00,0x00,0x00,0x00,0x00,0x00,0x00,0x00,0x00,0x00,0x00,0x00,0x00,
  0x00,0x00,0x00,0x00,0x00,0x00,0x00,0x00,0x00,0x00,0x00,0x00,0x00,0x00,0x00,0x00,0x00,0x00,0x00,0x00,0x00,0x00,0x00,0x00,
  0x00,0x00,0x00,0x00,0x00,0x00,0x00,0x00,0x00,0x00,0x00,0x00,0x00,0x00,0x00,0x00,0x00,0x00,0x00,0x00,0x82,0x00,0xb4,0x04,
  0x16,0x05,0xf5,0x04,0xf5,0x04,0x16,0x05,0x16,0x05,0x16,0x05,0xf5,0x04,0xf5,0x04,0xf5,0x04,0xf5,0x04,0x16,0x05,0x36,0x05,
  0x25,0x01,0x00,0x00,0x00,0x00,0x00,0x00,0x00,0x00,0xcc,0x02,0x98,0x05,0xf5,0x04,0x98,0x05,0x73,0x04,0xa3,0x00,0x00,0x00,
  0x00,0x00,0x00,0x00,0x00,0x00,0x00,0x00,0x00,0x00,0x00,0x00,0x00,0x00,0x00,0x00,0x00,0x00,0x00,0x00,0x00,0x00,0x4a,0x02,
  0x78,0x05,0x36,0x05,0x77,0x05,0xd4,0x04,0x93,0x04,0x36,0x05,0x36,0x05,0x8f,0x03,0x4a,0x02,0x82,0x00,0x00,0x00,0x4a,0x70,
  0x94,0xe0,0x94,0xf0,0x94,0xe8,0x94,0xe8,0x94,0xe8,0x94,0xe8,0x94,0xf0,0x94,0xe8,0x94,0xe8,0x94,0xe8,0x94,0xe8,0x94,0xe8,
  0x94,0xe8,0x94,0xe8,0x94,0xe8,0x94,0xe8,0x94,0xe8,0x94,0xf0,0x94,0xf0,0x94,0xf0,0x94,0xe8,0x94,0xe8,0x94,0xe8,0x94,0xe8,
  0x94,0xf0,0x94,0xf0,0x94,0xf0,0x95,0xf0,0x94,0xf0,0x94,0xe8,0x94,0xf0,0x72,0xd0,0x25,0x38,0x01,0x08,0x4c,0x88,0x94,0xf0,
  0x95,0xf0,0x94,0xf0,0x94,0xe8,0x94,0xe8,0x94,0xe8,0x95,0xf0,0x94,0xf0,0x94,0xe8,0x94,0xe8,0x94,0xe8,0x94,0xe8,0x94,0xe8,
  0x94,0xe8,0x95,0xf0,0x73,0xe0,0x28,0x58,0x00,0x00,0x00,0x00,0x00,0x00,0x00,0x00,0x00,0x00,0x62,0x00,0x6f,0x03,0x3b,0x06,
  0x3b,0x06,0x5b,0x06,0x5b,0x06,0x4e,0x03,0x61,0x00,0x00,0x00,0x00,0x00,0x00,0x00,0x00,0x00,0x00,0x00,0x00,0x00,0x00,0x00,
  0x00,0x00,0x00,0x00,0x00,0x00,0x00,0x00,0x66,0x01,0x57,0x05,0x3b,0x06,0xd9,0x05,0x5b,0x06,0x4e,0x03,0x00,0x00,0x00,0x00,
  0x82,0x00,0x52,0x04,0x1a,0x06,0x3b,0x06,0xd9,0x05,0xb8,0x05,0xb8,0x05,0xf9,0x05,0x3b,0x06,0x11,0x04,0x82,0x00,0x00,0x00,
  0x00,0x00,0x00,0x00,0x00,0x00,0x00,0x00,0x00,0x00,0x00,0x00,0x00,0x00,0x00,0x00,0x00,0x00,0x00,0x00,0x00,0x00,0x00,0x00,
  0x00,0x00,0x00,0x00,0x00,0x00,0x00,0x00,0x00,0x00,0x00,0x00,0x00,0x00,0x00,0x00,0x00,0x00,0x00,0x00,0x00,0x00,0x00,0x00,
  0x00,0x00,0x00,0x00,0x00,0x00,0x00,0x00,0x00,0x00,0x00,0x00,0x00,0x00,0x00,0x00,0x00,0x00,0x00,0x00,0x00,0x00,0x00,0x00,
  0x00,0x00,0x00,0x00,0x00,0x00,0x00,0x00,0x00,0x00,0x00,0x00,0x00,0x00,0x00,0x00,0x00,0x00,0x00,0x00,0x00,0x00,0x00,0x00,
  0x00,0x00,0x00,0x00,0x00,0x00,0x00,0x00,0x00,0x00,0x00,0x00,0x86,0x01,0x77,0x05,0x16,0x05,0xf5,0x04,0x16,0x05,0x16,0x05,
  0xf5,0x04,0x16,0x05,0x36,0x05,0x16,0x05,0x16,0x05,0xf5,0x04,0x77,0x05,0x53,0x04,0x00,0x00,0x00,0x00,0x00,0x00,0x00,0x00,
  0x00,0x00,0x00,0x00,0xec,0x02,0xb9,0x05,0xf5,0x04,0x77,0x05,0x73,0x04,0x24,0x01,0xa3,0x00,0xc3,0x00,0xc3,0x00,0xc3,0x00,
  0xa3,0x00,0xa3,0x00,0xa3,0x00,0xc3,0x00,0xc3,0x00,0xc3,0x00,0xc3,0x00,0xa2,0x00,0xab,0x02,0x57,0x05,0x16,0x05,0x57,0x05,
  0x57,0x05,0x36,0x05,0x16,0x05,0x77,0x05,0x1a,0x06,0x86,0x01,0x00,0x00,0x4a,0x78,0x94,0xe8,0x94,0xf0,0x94,0xf0,0x94,0xe8,
  0x94,0xf0,0x94,0xf0,0x95,0xf0,0x95,0xf0,0x94,0xf0,0x94,0xf0,0x94,0xf0,0x94,0xe8,0x94,0xe8,0x94,0xe8,0x94,0xe8,0x94,0xe8,
  0x94,0xe8,0x94,0xf0,0x94,0xf0,0x94,0xf0,0x94,0xf0,0x94,0xe8,0x94,0xe8,0x94,0xe8,0x94,0xe8,0x94,0xe8,0x95,0xf0,0x94,0xf0,
  0x94,0xf0,0x94,0xf0,0x94,0xe8,0x4b,0x80,0x00,0x00,0x28,0x60,0x73,0xd8,0x94,0xe8,0x94,0xf0,0x95,0xf0,0x94,0xf0,0x94,0xe8,
  0x94,0xf0,0x94,0xf0,0x94,0xe8,0x94,0xe8,0x94,0xf0,0x94,0xf0,0x94,0xe8,0x94,0xe8,0x94,0xe8,0x95,0xf0,0x4c,0x90,0x00,0x00,
  0x00,0x00,0xa2,0x00,0xa2,0x00,0xa2,0x00,0x46,0x01,0xf1,0x03,0xbd,0x06,0x9c,0x06,0x9c,0x06,0xfe,0x06,0x32,0x04,0xe8,0x01,
  0xe8,0x01,0x25,0x01,0xe3,0x00,0xe3,0x00,0xe3,0x00,0x46,0x01,0x04,0x01,0xe4,0x00,0xe3,0x00,0xe4,0x00,0xc3,0x00,0x87,0x01,
  0x16,0x05,0xf9,0x05,0xd9,0x05,0x5b,0x06,0xb0,0x03,0x20,0x00,0x00,0x00,0x00,0x00,0x41,0x00,0x52,0x04,0x3b,0x06,0xd9,0x05,
  0x1a,0x06,0xd9,0x05,0xb9,0x05,0xd9,0x05,0x98,0x05,0x1a,0x06,0xb0,0x03,0x00,0x00,0x00,0x00,0x00,0x00,0x00,0x00,0x00,0x00,
  0x00,0x00,0x00,0x00,0x00,0x00,0x00,0x00,0x00,0x00,0x00,0x00,0x00,0x00,0x00,0x00,0x00,0x00,0x00,0x00,0x00,0x00,0x00,0x00,
  0x00,0x00,0x00,0x00,0x00,0x00,0x00,0x00,0x00,0x00,0x00,0x00,0x00,0x00,0x00,0x00,0x00,0x00,0x00,0x00,0x00,0x00,0x00,0x00,
  0x00,0x00,0x00,0x00,0x00,0x00,0x00,0x00,0x00,0x00,0x00,0x00,0x00,0x00,0x00,0x00,0x00,0x00,0x00,0x00,0x00,0x00,0x00,0x00,
  0x00,0x00,0x00,0x00,0x00,0x00,0x00,0x00,0x00,0x00,0x00,0x00,0x00,0x00,0x00,0x00,0x00,0x00,0x00,0x00,0x00,0x00,0x00,0x00,
  0x00,0x00,0x00,0x00,0x2e,0x03,0x98,0x05,0x15,0x05,0x16,0x05,0x16,0x05,0x16,0x05,0x16,0x05,0x16,0x05,0x16,0x05,0x16,0x05,
  0x16,0x05,0xf5,0x04,0x98,0x05,0xcc,0x02,0x00,0x00,0x00,0x00,0x00,0x00,0x00,0x00,0x00,0x00,0x00,0x00,0x00,0x00,0xec,0x02,
  0x98,0x05,0x16,0x05,0x57,0x05,0x36,0x05,0xb4,0x04,0xd5,0x04,0xd5,0x04,0xd5,0x04,0xf5,0x04,0xf5,0x04,0xd5,0x04,0xd5,0x04,
  0xd5,0x04,0xf5,0x04,0xf5,0x04,0xd4,0x04,0x94,0x04,0x16,0x05,0x16,0x05,0xf5,0x04,0x16,0x05,0x36,0x05,0x16,0x05,0xf5,0x04,
  0x78,0x05,0x66,0x01,0x00,0x08,0x4b,0x78,0x94,0xe8,0x94,0xf0,0x94,0xf0,0x94,0xe8,0x94,0xf0,0x94,0xf0,0x94,0xf0,0x94,0xf0,
  0x94,0xf0,0x94,0xf0,0x95,0xf0,0x95,0xf0,0x94,0xf0,0x94,0xf0,0x94,0xe8,0x94,0xe8,0x94,0xe8,0x94,0xe8,0x94,0xe8,0x94,0xf0,
  0x95,0xf0,0x94,0xe8,0x94,0xe8,0x94,0xe8,0x94,0xe8,0x94,0xf0,0x94,0xf0,0x94,0xe8,0x94,0xe8,0x94,0xf0,0x6f,0xb0,0x24,0x38,
  0x25,0x38,0x70,0xb8,0x94,0xe8,0x74,0xe0,0x94,0xe8,0x95,0xf0,0x94,0xe8,0x94,0xe8,0x94,0xf0,0x94,0xf0,0x94,0xe8,0x94,0xe8,
  0x94,0xe8,0x94,0xf0,0x94,0xf0,0x94,0xe8,0x95,0xf0,0x70,0xb8,0x03,0x20,0x41,0x00,0x90,0x03,0xb9,0x05,0x98,0x05,0x98,0x05,
  0x98,0x05,0x5b,0x06,0x7c,0x06,0x7c,0x06,0x5b,0x06,0x7c,0x06,0xd9,0x05,0x98,0x05,0xd9,0x05,0x1a,0x06,0xf9,0x05,0xb9,0x05,
  0x98,0x05,0xb8,0x05,0xd9,0x05,0xd9,0x05,0xb8,0x05,0x78,0x05,0x77,0x05,0xf9,0x05,0x1a,0x06,0xf9,0x05,0x5b,0x06,0xf1,0x03,
  0x20,0x00,0x00,0x00,0x00,0x00,0x00,0x00,0x00,0x00,0x61,0x00,0xf5,0x04,0x5c,0x06,0xd9,0x05,0xb9,0x05,0xb9,0x05,0xf9,0x05,
  0xb8,0x05,0xd9,0x05,0xb8,0x05,0x29,0x02,0x00,0x00,0x00,0x00,0x00,0x00,0x00,0x00,0x00,0x00,0x00,0x00,0x00,0x00,0x00,0x00,
  0x00,0x00,0x00,0x00,0x00,0x00,0x00,0x00,0x00,0x00,0x00,0x00,0x00,0x00,0x00,0x00,0x00,0x00,0x00,0x00,0x00,0x00,0x00,0x00,
  0x00,0x00,0x00,0x00,0x00,0x00,0x00,0x00,0x00,0x00,0x00,0x00,0x00,0x00,0x00,0x00,0x00,0x00,0x00,0x00,0x00,0x00,0x00,0x00,
  0x00,0x00,0x00,0x00,0x00,0x00,0x00,0x00,0x00,0x00,0x00,0x00,0x00,0x00,0x00,0x00,0x00,0x00,0x00,0x00,0x00,0x00,0x00,0x00,
  0x00,0x00,0x00,0x00,0x00,0x00,0x00,0x00,0x00,0x00,0x00,0x00,0x00,0x00,0x00,0x00,0x00,0x00,0xa2,0x00,0xf5,0x04,0x98,0x05,
  0x57,0x05,0x36,0x05,0x16,0x05,0x16,0x05,0x16,0x05,0x16,0x05,0x16,0x05,0x16,0x05,0xf5,0x04,0x78,0x05,0x36,0x05,0xc3,0x00,
  0x00,0x00,0x00,0x00,0x00,0x00,0x00,0x00,0x00,0x00,0x00,0x00,0x00,0x00,0x00,0x00,0x0d,0x03,0x98,0x05,0x57,0x05,0x98,0x05,
  0x78,0x05,0x78,0x05,0x78,0x05,0x98,0x05,0x98,0x05,0xb8,0x05,0x98,0x05,0x77,0x05,0x78,0x05,0x98,0x05,0x98,0x05,0x77,0x05,
  0x98,0x05,0x37,0x05,0x57,0x05,0x57,0x05,0x57,0x05,0x77,0x05,0x57,0x05,0x57,0x05,0xb9,0x05,0x66,0x01,0x00,0x08,0x4b,0x78,
  0x94,0xe8,0x94,0xf0,0x94,0xe8,0x94,0xe8,0x94,0xe8,0x94,0xf0,0x94,0xf0,0x94,0xe8,0x94,0xe8,0x95,0xf0,0x94,0xf0,0x94,0xf0,
  0x94,0xf0,0x94,0xf0,0x94,0xf0,0x94,0xe8,0x94,0xe8,0x94,0xe8,0x94,0xe8,0x94,0xf0,0x95,0xf0,0x94,0xf0,0x94,0xe8,0x94,0xf0,
  0x94,0xe8,0x95,0xf0,0x94,0xf0,0x93,0xe0,0x94,0xf0,0x72,0xd0,0x27,0x50,0x02,0x18,0x4d,0x90,0x94,0xe8,0x94,0xe8,0x93,0xe0,
  0x94,0xe8,0x94,0xf0,0x94,0xe8,0x94,0xe8,0x94,0xe8,0x95,0xf0,0x94,0xf0,0x94,0xe8,0x94,0xe8,0x94,0xf0,0x94,0xf0,0x94,0xf0,
  0x94,0xe8,0x28,0x60,0x00,0x00,0x8b,0x02,0xbd,0x06,0xfe,0x06,0x3f,0x07,0x1e,0x07,0xdd,0x06,0x9c,0x06,0xbd,0x06,0x9d,0x06,
  0x5b,0x06,0x5b,0x06,0x7c,0x06,0x7c,0x06,0xdd,0x06,0xfe,0x06,0xfe,0x06,0xbd,0x06,0x9c,0x06,0x9c,0x06,0x9d,0x06,0xbd,0x06,
  0x9c,0x06,0x5b,0x06,0x7c,0x06,0x9c,0x06,0x1a,0x06,0x5b,0x06,0xf1,0x03,0xa3,0x00,0x00,0x00,0x00,0x00,0x00,0x00,0x00,0x00,
  0x00,0x00,0x00,0x00,0x66,0x01,0x78,0x05,0xfa,0x05,0xb9,0x05,0xd9,0x05,0xd9,0x05,0xd9,0x05,0xd9,0x05,0xd9,0x05,0x98,0x05,
  0xe8,0x01,0x00,0x00,0x00,0x00,0x00,0x00,0x00,0x00,0x00,0x00,0x00,0x00,0x00,0x00,0x00,0x00,0x00,0x00,0x00,0x00,0x00,0x00,
  0x00,0x00,0x00,0x00,0x00,0x00,0x00,0x00,0x00,0x00,0x00,0x00,0x00,0x00,0x00,0x00,0x00,0x00,0x00,0x00,0x00,0x00,0x00,0x00,
  0x00,0x00,0x00,0x00,0x00,0x00,0x00,0x00,0x00,0x00,0x00,0x00,0x00,0x00,0x00,0x00,0x00,0x00,0x00,0x00,0x00,0x00,0x00,0x00,
  0x00,0x00,0x00,0x00,0x00,0x00,0x00,0x00,0x00,0x00,0x00,0x00,0x00,0x00,0x00,0x00,0x00,0x00,0x00,0x00,0x00,0x00,0x00,0x00,
  0x00,0x00,0x00,0x00,0x00,0x00,0x00,0x00,0x00,0x00,0x45,0x01,0xf1,0x03,0x52,0x04,0xb4,0x04,0x16,0x05,0x77,0x05,0x78,0x05,
  0x36,0x05,0x36,0x05,0x16,0x05,0x37,0x05,0x98,0x05,0x36,0x05,0x29,0x02,0x00,0x00,0x00,0x00,0x00,0x00,0x00,0x00,0x00,0x00,
  0x00,0x00,0x00,0x00,0x00,0x00,0x00,0x00,0x00,0x00,0xec,0x02,0xf5,0x04,0x93,0x04,0x94,0x04,0x93,0x04,0x73,0x04,0x93,0x04,
  0x94,0x04,0x94,0x04,0x94,0x04,0x93,0x04,0x93,0x04,0x94,0x04,0x94,0x04,0x94,0x04,0x94,0x04,0xb4,0x04,0xb4,0x04,0xb4,0x04,
  0xb4,0x04,0xb4,0x04,0xb4,0x04,0x94,0x04,0xf6,0x04,0x45,0x01,0x00,0x08,0x4b,0x78,0x94,0xe8,0x95,0xf0,0x94,0xe8,0x94,0xe8,
  0x94,0xe8,0x94,0xe8,0x94,0xe8,0x94,0xe8,0x94,0xe8,0x94,0xe8,0x94,0xe8,0x94,0xf0,0x94,0xf0,0x94,0xf0,0x94,0xf0,0x94,0xf0,
  0x94,0xf0,0x94,0xe8,0x94,0xe8,0x94,0xe8,0x94,0xf0,0x94,0xf0,0x94,0xf0,0x94,0xe8,0x94,0xe8,0x95,0xf0,0x95,0xf0,0x94,0xf0,
  0x95,0xf0,0x4c,0x88,0x01,0x10,0x26,0x48,0x73,0xe0,0x94,0xe8,0x93,0xe0,0x94,0xe8,0x94,0xe8,0x94,0xe8,0x94,0xe8,0x94,0xe8,
  0x94,0xe8,0x94,0xf0,0x94,0xf0,0x94,0xe8,0x94,0xe8,0x94,0xe8,0x94,0xe8,0x94,0xe8,0x6e,0xa0,0x02,0x18,0x62,0x00,0xf5,0x04,
  0x1a,0x06,0x3b,0x06,0x7c,0x06,0x5b,0x06,0x1a,0x06,0x5b,0x06,0x7c,0x06,0x5b,0x06,0x1a,0x06,0xfa,0x05,0xfa,0x05,0x1a,0x06,
  0x3a,0x06,0x3b,0x06,0x3b,0x06,0x1a,0x06,0x1a,0x06,0xfa,0x05,0xfa,0x05,0xfa,0x05,0xfa,0x05,0xfa,0x05,0x1a,0x06,0xfa,0x05,
  0xfa,0x05,0xd0,0x03,0xa2,0x00,0x00,0x00,0x00,0x00,0x00,0x00,0x00,0x00,0x00,0x00,0x00,0x00,0x00,0x00,0x00,0x00,0xa7,0x01,
  0xf9,0x05,0x1a,0x06,0xd9,0x05,0xb9,0x05,0xb9,0x05,0xf9,0x05,0xd9,0x05,0xfa,0x05,0x57,0x05,0x04,0x01,0x00,0x00,0x00,0x00,
  0x00,0x00,0x00,0x00,0x00,0x00,0x00,0x00,0x00,0x00,0x00,0x00,0x00,0x00,0x00,0x00,0x00,0x00,0x00,0x00,0x00,0x00,0x00,0x00,
  0x00,0x00,0x00,0x00,0x00,0x00,0x00,0x00,0x00,0x00,0x00,0x00,0x00,0x00,0x00,0x00,0x00,0x00,0x00,0x00,0x00,0x00,0x00,0x00,
  0x00,0x00,0x00,0x00,0x00,0x00,0x00,0x00,0x00,0x00,0x00,0x00,0x00,0x00,0x00,0x00,0x00,0x00,0x00,0x00,0x00,0x00,0x00,0x00,
  0x00,0x00,0x00,0x00,0x00,0x00,0x00,0x00,0x00,0x00,0x00,0x00,0x00,0x00,0x00,0x00,0x00,0x00,0x00,0x00,0x00,0x00,0x00,0x00,
  0x00,0x00,0x00,0x00,0x00,0x00,0x00,0x00,0x61,0x00,0x86,0x01,0x4a,0x02,0xcc,0x02,0xb0,0x03,0x73,0x04,0xb4,0x04,0x11,0x04,
  0xab,0x02,0xa3,0x00,0x00,0x00,0x00,0x00,0x00,0x00,0x00,0x00,0x00,0x00,0x00,0x00,0x00,0x00,0x00,0x00,0x00,0x00,0x00,0x00,
  0x00,0x00,0x00,0x00,0x20,0x00,0x20,0x00,0x82,0x00,0x20,0x00,0x20,0x00,0x00,0x00,0x00,0x00,0x00,0x00,0x20,0x00,0x00,0x00,
  0x20,0x00,0x20,0x00,0x00,0x00,0x20,0x00,0x20,0x00,0x20,0x00,0x20,0x00,0x20,0x00,0x20,0x00,0x20,0x00,0x20,0x00,0x20,0x00,
  0x20,0x00,0x00,0x00,0x00,0x08,0x4b,0x80,0x94,0xf0,0x94,0xf0,0x94,0xe8,0x94,0xe8,0x94,0xe8,0x94,0xe8,0x94,0xe8,0x94,0xe8,
  0x94,0xe8,0x93,0xe0,0x94,0xe0,0x94,0xe8,0x94,0xe8,0x94,0xf0,0x94,0xe8,0x94,0xf0,0x94,0xf0,0x94,0xe8,0x94,0xe8,0x94,0xe8,
  0x94,0xe8,0x94,0xf0,0x94,0xf0,0x94,0xe8,0x94,0xe8,0x94,0xe8,0x94,0xf0,0x95,0xf8,0x71,0xc0,0x25,0x38,0x04,0x28,0x6f,0xb0,
  0x94,0xe8,0x94,0xe8,0x94,0xe8,0x94,0xf0,0x94,0xe8,0x94,0xe8,0x94,0xe8,0x94,0xe8,0x94,0xe8,0x94,0xe8,0x94,0xe8,0x94,0xe8,
  0x94,0xe8,0x94,0xe8,0x94,0xe8,0x72,0xd0,0x24,0x30,0x00,0x00,0x61,0x00,0x66,0x01,0x45,0x01,0x66,0x01,0x86,0x01,0x66,0x01,
  0x45,0x01,0x86,0x01,0x87,0x01,0xa7,0x01,0x86,0x01,0x66,0x01,0x66,0x01,0x86,0x01,0x86,0x01,0x66,0x01,0x66,0x01,0x86,0x01,
  0x86,0x01,0x86,0x01,0x66,0x01,0x66,0x01,0x66,0x01,0x66,0x01,0xa7,0x01,0xa7,0x01,0xa7,0x01,0x20,0x00,0x00,0x00,0x00,0x00,
  0x00,0x00,0x00,0x00,0x00,0x00,0x00,0x00,0x00,0x00,0x00,0x00,0x00,0x00,0x00,0x00,0x6a,0x02,0x3b,0x06,0x1a,0x06,0x57,0x05,
  0x78,0x05,0x98,0x05,0xb9,0x05,0xb8,0x05,0x57,0x05,0x09,0x02,0x00,0x00,0x00,0x00,0x00,0x00,0x00,0x00,0x00,0x00,0x00,0x00,
  0x00,0x00,0x00,0x00,0x00,0x00,0x00,0x00,0x00,0x00,0x00,0x00,0x00,0x00,0x00,0x00,0x00,0x00,0x00,0x00,0x00,0x00,0x00,0x00,
  0x00,0x00,0x00,0x00,0x00,0x00,0x00,0x00,0x00,0x00,0x00,0x00,0x00,0x00,0x00,0x00,0x00,0x00,0x00,0x00,0x00,0x00,0x00,0x00,
  0x00,0x00,0x00,0x00,0x00,0x00,0x00,0x00,0x00,0x00,0x00,0x00,0x00,0x00,0x00,0x00,0x00,0x00,0x00,0x00,0x00,0x00,0x00,0x00,
  0x00,0x00,0x00,0x00,0x00,0x00,0x00,0x00,0x00,0x00,0x00,0x00,0x00,0x00,0x00,0x00,0x00,0x00,0x00,0x00,0x00,0x00,0x00,0x00,
  0x00,0x00,0x00,0x00,0x00,0x00,0x00,0x00,0x20,0x00,0x82,0x00,0xa2,0x00,0x41,0x00,0x00,0x00,0x00,0x00,0x00,0x00,0x00,0x00,
  0x00,0x00,0x00,0x00,0x00,0x00,0x00,0x00,0x00,0x00,0x00,0x00,0x00,0x00,0x00,0x00,0x00,0x00,0x00,0x00,0x00,0x00,0x00,0x00,
  0x00,0x00,0x00,0x00,0x00,0x00,0x00,0x00,0x00,0x00,0x00,0x00,0x00,0x00,0x00,0x00,0x00,0x00,0x00,0x00,0x00,0x00,0x00,0x00,
  0x00,0x00,0x00,0x00,0x00,0x00,0x00,0x00,0x00,0x00,0x00,0x00,0x00,0x00,0x00,0x00,0x00,0x00,0x00,0x00,0x00,0x00,0x29,0x70,
  0x94,0xe0,0x94,0xe8,0x73,0xe0,0x93,0xe0,0x93,0xe0,0x73,0xe0,0x73,0xe0,0x73,0xe0,0x93,0xe0,0x73,0xe0,0x73,0xe0,0x94,0xe8,
  0x94,0xe0,0x94,0xe8,0x94,0xf0,0x94,0xf0,0x94,0xf0,0x94,0xe8,0x94,0xe8,0x94,0xe8,0x94,0xe8,0x94,0xf0,0x94,0xf0,0x94,0xf0,
  0x94,0xe8,0x94,0xe8,0x94,0xe8,0x93,0xe0,0x28,0x60,0x02,0x18,0x4a,0x78,0x94,0xe8,0x94,0xe8,0x94,0xf0,0x94,0xf0,0x94,0xf0,
  0x94,0xf0,0x94,0xf0,0x94,0xe8,0x94,0xe8,0x94,0xf0,0x94,0xf0,0x94,0xe8,0x94,0xe8,0x94,0xf0,0x95,0xf0,0x73,0xe0,0x29,0x70,
  0x01,0x10,0x00,0x00,0x00,0x00,0x00,0x00,0x00,0x00,0x00,0x00,0x00,0x00,0x00,0x00,0x00,0x00,0x00,0x00,0x00,0x00,0x00,0x00,
  0x00,0x00,0x00,0x00,0x00,0x00,0x00,0x00,0x00,0x00,0x00,0x00,0x00,0x00,0x00,0x00,0x00,0x00,0x00,0x00,0x00,0x00,0x00,0x00,
  0x00,0x00,0x00,0x00,0x00,0x00,0x00,0x00,0x00,0x00,0x00,0x00,0x00,0x00,0x00,0x00,0x00,0x00,0x00,0x00,0x00,0x00,0x00,0x00,
  0x00,0x00,0x00,0x00,0x00,0x00,0x00,0x00,0x00,0x00,0x4a,0x02,0x78,0x05,0x1a,0x06,0x1a,0x06,0x1a,0x06,0xb8,0x05,0x11,0x04,
  0x86,0x01,0x00,0x00,0x00,0x00,0x00,0x00,0x00,0x00,0x00,0x00,0x00,0x00,0x00,0x00,0x00,0x00,0x00,0x00,0x00,0x00,0x00,0x00,
  0x00,0x00,0x00,0x00,0x00,0x00,0x00,0x00,0x00,0x00,0x00,0x00,0x00,0x00,0x00,0x00,0x00,0x00,0x00,0x00,0x00,0x00,0x00,0x00,
  0x00,0x00,0x00,0x00,0x00,0x00,0x00,0x00,0x00,0x00,0x00,0x00,0x00,0x00,0x00,0x00,0x00,0x00,0x00,0x00,0x00,0x00,0x00,0x00,
  0x00,0x00,0x00,0x00,0x00,0x00,0x00,0x00,0x00,0x00,0x00,0x00,0x00,0x00,0x00,0x00,0x00,0x00,0x00,0x00,0x00,0x00,0x00,0x00,
  0x00,0x00,0x00,0x00,0x00,0x00,0x00,0x00,0x00,0x00,0x00,0x00,0x00,0x00,0x00,0x00,0x00,0x00,0x00,0x00,0x00,0x00,0x00,0x00,
  0x00,0x00,0x00,0x00,0x00,0x00,0x00,0x00,0x00,0x00,0x00,0x00,0x00,0x00,0x00,0x00,0x00,0x00,0x00,0x00,0x00,0x00,0x00,0x00,
  0x00,0x00,0x00,0x00,0x00,0x00,0x00,0x00,0x00,0x00,0x00,0x00,0x00,0x00,0x00,0x00,0x00,0x00,0x00,0x00,0x00,0x00,0x00,0x00,
  0x00,0x00,0x00,0x00,0x00,0x00,0x00,0x00,0x00,0x00,0x00,0x00,0x00,0x00,0x00,0x00,0x00,0x00,0x00,0x00,0x00,0x00,0x00,0x00,
  0x00,0x00,0x00,0x00,0x00,0x00,0x00,0x00,0x00,0x00,0x00,0x00,0x00,0x00,0x03,0x20,0x28,0x60,0x4a,0x78,0x29,0x68,0x28,0x58,
  0x29,0x68,0x2a,0x70,0x29,0x70,0x29,0x70,0x28,0x60,0x29,0x68,0x4a,0x78,0x6f,0xb0,0x94,0xe8,0x94,0xe8,0x94,0xe8,0x94,0xe8,
  0x94,0xf0,0x94,0xe8,0x94,0xe8,0x94,0xe8,0x94,0xe8,0x94,0xe8,0x95,0xf0,0x95,0xf0,0x94,0xf0,0x94,0xe8,0x93,0xe0,0x4d,0x98,
  0x02,0x18,0x25,0x40,0x72,0xd0,0x94,0xf0,0x94,0xe8,0x95,0xf0,0x95,0xf0,0x94,0xe8,0x95,0xf0,0x95,0xf0,0x94,0xf0,0x94,0xe8,
  0x94,0xf0,0x94,0xf0,0x94,0xe8,0x94,0xe8,0x94,0xf0,0x95,0xf0,0x4d,0x98,0x24,0x30,0x4a,0x78,0x4c,0x90,0x4c,0x88,0x4b,0x88,
  0x4b,0x80,0x4b,0x80,0x4b,0x80,0x4b,0x80,0x4a,0x78,0x4b,0x78,0x4a,0x78,0x4a,0x78,0x4a,0x70,0x4b,0x80,0x27,0x50,0x00,0x00,
  0x00,0x00,0x00,0x00,0x00,0x00,0x00,0x00,0x00,0x00,0x00,0x00,0x00,0x00,0x00,0x00,0x00,0x00,0x00,0x00,0x00,0x00,0x00,0x00,
  0x00,0x00,0x00,0x00,0x00,0x00,0x00,0x00,0x00,0x00,0x00,0x00,0x00,0x00,0x00,0x00,0x00,0x00,0x00,0x00,0x00,0x00,0x00,0x00,
  0x00,0x00,0x00,0x00,0x66,0x01,0xd0,0x03,0x73,0x04,0x11,0x04,0x29,0x02,0x41,0x00,0x00,0x00,0x00,0x00,0x00,0x00,0x00,0x00,
  0x00,0x00,0x00,0x00,0x00,0x00,0x00,0x00,0x00,0x00,0x00,0x00,0x00,0x00,0x00,0x00,0x00,0x00,0x00,0x00,0x00,0x00,0x00,0x00,
  0x00,0x00,0x00,0x00,0x00,0x00,0x00,0x00,0x00,0x00,0x00,0x00,0x00,0x00,0x00,0x00,0x00,0x00,0x00,0x00,0x00,0x00,0x00,0x00,
  0x00,0x00,0x00,0x00,0x00,0x00,0x00,0x00,0x00,0x00,0x00,0x00,0x00,0x00,0x00,0x00,0x00,0x00,0x00,0x00,0x00,0x00,0x00,0x00,
  0x00,0x00,0x00,0x00,0x00,0x00,0x00,0x00,0x00,0x00,0x00,0x00,0x00,0x00,0x00,0x00,0x00,0x00,0x00,0x00,0x00,0x00,0x00,0x00,
  0x00,0x00,0x00,0x00,0x00,0x00,0x00,0x00,0x00,0x00,0x00,0x00,0x00,0x00,0x00,0x00,0x00,0x00,0x00,0x00,0x00,0x00,0x00,0x00,
  0x00,0x00,0x00,0x00,0x00,0x00,0x00,0x00,0x00,0x00,0x00,0x00,0x00,0x00,0x00,0x00,0x00,0x00,0x00,0x00,0x00,0x00,0x00,0x00,
  0x00,0x00,0x00,0x00,0x00,0x00,0x00,0x00,0x00,0x00,0x00,0x00,0x00,0x00,0x00,0x00,0x00,0x00,0x00,0x00,0x00,0x00,0x00,0x00,
  0x00,0x00,0x00,0x00,0x00,0x00,0x00,0x00,0x00,0x00,0x00,0x00,0x82,0x00,0xa2,0x00,0x00,0x00,0x00,0x00,0x00,0x00,0x00,0x00,
  0x00,0x00,0x00,0x00,0x00,0x00,0x00,0x00,0x00,0x00,0x00,0x00,0x00,0x00,0x00,0x00,0x00,0x00,0x00,0x08,0x00,0x00,0x00,0x00,
  0x00,0x00,0x00,0x00,0x04,0x30,0x6f,0xb0,0x94,0xe8,0x94,0xe8,0x94,0xe8,0x94,0xe8,0x94,0xf0,0x94,0xe8,0x94,0xe8,0x94,0xf0,
  0x94,0xe8,0x94,0xf0,0x95,0xf0,0x95,0xf0,0x94,0xf0,0x94,0xe8,0x70,0xb8,0x25,0x38,0x03,0x28,0x6f,0xb0,0x95,0xf0,0x94,0xf0,
  0x94,0xe8,0x95,0xf0,0x95,0xf0,0x94,0xe8,0x94,0xf0,0x95,0xf8,0x95,0xf0,0x94,0xe8,0x94,0xe8,0x94,0xe8,0x94,0xe8,0x94,0xf0,
  0x94,0xe8,0x71,0xc8,0x24,0x38,0x04,0x30,0x94,0xe8,0x95,0xf8,0x95,0xf8,0x95,0xf0,0x95,0xf0,0x95,0xf8,0x95,0xf8,0x95,0xf8,
  0x95,0xf8,0x95,0xf0,0x95,0xf0,0x95,0xf8,0x95,0xf0,0x96,0xf8,0x71,0xc8,0x02,0x18,0x00,0x00,0x00,0x00,0x00,0x00,0x00,0x00,
  0x00,0x00,0x00,0x00,0x00,0x00,0x00,0x00,0x00,0x00,0x00,0x00,0x00,0x00,0x00,0x00,0x00,0x00,0xc3,0x00,0xa7,0x01,0x86,0x01,
  0xe4,0x00,0x21,0x00,0x00,0x00,0x00,0x00,0x00,0x00,0x00,0x00,0x00,0x00,0x00,0x00,0x00,0x00,0x00,0x00,0x00,0x00,0x00,0x00,
  0x41,0x00,0x00,0x00,0x00,0x00,0x00,0x00,0x00,0x00,0x00,0x00,0x00,0x00,0x00,0x00,0x00,0x00,0x00,0x00,0x00,0x00,0x00,0x00,
  0x00,0x00,0x00,0x00,0x00,0x00,0x00,0x00,0x00,0x00,0x00,0x00,0x00,0x00,0x00,0x00,0x00,0x00,0x00,0x00,0x00,0x00,0x00,0x00,
  0x00,0x00,0x00,0x00,0x00,0x00,0x00,0x00,0x00,0x00,0x00,0x00,0x00,0x00,0x00,0x00,0x00,0x00,0x00,0x00,0x00,0x00,0x00,0x00,
  0x00,0x00,0x00,0x00,0x00,0x00,0x00,0x00,0x00,0x00,0x00,0x00,0x00,0x00,0x00,0x00,0x00,0x00,0x00,0x00,0x00,0x00,0x00,0x00,
  0x00,0x00,0x00,0x00,0x00,0x00,0x00,0x00,0x00,0x00,0x00,0x00,0x00,0x00,0x00,0x00,0x00,0x00,0x00,0x00,0x00,0x00,0x00,0x00,
  0x00,0x00,0x00,0x00,0x00,0x00,0x00,0x00,0x00,0x00,0x00,0x00,0x00,0x00,0x00,0x00,0x00,0x00,0x00,0x00,0x00,0x00,0x00,0x00,
  0x00,0x00,0x00,0x00,0x00,0x00,0x00,0x00,0x00,0x00,0x00,0x00,0x00,0x00,0x00,0x00,0x00,0x00,0x00,0x00,0x00,0x00,0x00,0x00,
  0x00,0x00,0x00,0x00,0x00,0x00,0x00,0x00,0x00,0x00,0x00,0x00,0x00,0x00,0x00,0x00,0x00,0x00,0x00,0x00,0x00,0x00,0x00,0x00,
  0x00,0x00,0xa2,0x00,0xb4,0x04,0xb8,0x05,0xa7,0x01,0x00,0x00,0x00,0x00,0x00,0x00,0x00,0x00,0x00,0x00,0x00,0x00,0x00,0x00,
  0x00,0x00,0x00,0x00,0x00,0x00,0x00,0x00,0x00,0x00,0x00,0x00,0x00,0x00,0x00,0x00,0x00,0x00,0x00,0x08,0x4b,0x80,0x93,0xe0,
  0x94,0xe8,0x94,0xe8,0x94,0xe8,0x95,0xf0,0x94,0xf0,0x94,0xe8,0x94,0xe8,0x94,0xf0,0x94,0xe8,0x94,0xe8,0x94,0xe8,0x94,0xf0,
  0x94,0xe8,0x72,0xd8,0x29,0x68,0x02,0x18,0x4a,0x78,0x94,0xe0,0x94,0xe8,0x94,0xe8,0x94,0xe8,0x94,0xf0,0x94,0xe8,0x94,0xe8,
  0x94,0xe8,0x94,0xf0,0x94,0xf0,0x94,0xe8,0x94,0xe8,0x94,0xf0,0x94,0xf0,0x94,0xe8,0x94,0xe8,0x4a,0x70,0x00,0x00,0x25,0x38,
  0x94,0xe8,0x95,0xf8,0x94,0xf0,0x94,0xe8,0x94,0xe8,0x94,0xf0,0x94,0xf0,0x94,0xf0,0x94,0xf0,0x94,0xf0,0x94,0xf0,0x94,0xf0,
  0x94,0xf0,0x95,0xf8,0x70,0xc0,0x02,0x18,0x00,0x00,0x00,0x00,0x00,0x00,0x00,0x00,0x00,0x00,0x00,0x00,0x00,0x00,0x00,0x00,
  0x00,0x00,0x00,0x00,0x00,0x00,0x66,0x01,0x73,0x04,0x78,0x05,0xd9,0x05,0xfa,0x05,0x77,0x05,0xb0,0x03,0xe4,0x00,0x00,0x00,
  0x00,0x00,0x00,0x00,0x00,0x00,0x00,0x00,0x00,0x00,0x00,0x00,0x00,0x00,0x00,0x00,0x00,0x00,0x00,0x00,0x00,0x00,0x00,0x00,
  0x00,0x00,0x00,0x00,0x00,0x00,0x00,0x00,0x00,0x00,0x00,0x00,0x00,0x00,0x00,0x00,0x00,0x00,0x00,0x00,0x00,0x00,0x00,0x00,
  0x00,0x00,0x00,0x00,0x00,0x00,0x00,0x00,0x00,0x00,0x00,0x00,0x00,0x00,0x00,0x00,0x00,0x00,0x00,0x00,0x00,0x00,0x00,0x00,
  0x00,0x00,0x00,0x00,0x00,0x00,0x00,0x00,0x00,0x00,0x00,0x00,0x00,0x00,0x00,0x00,0x00,0x00,0x00,0x00,0x00,0x00,0x00,0x00,
  0x00,0x00,0x00,0x00,0x00,0x00,0x00,0x00,0x00,0x00,0x00,0x00,0x00,0x00,0x00,0x00,0x00,0x00,0x00,0x00,0x00,0x00,0x00,0x00,
  0x00,0x00,0x00,0x00,0x00,0x00,0x00,0x00,0x00,0x00,0x00,0x00,0x00,0x00,0x00,0x00,0x00,0x00,0x00,0x00,0x00,0x00,0x00,0x00,
  0x00,0x00,0x00,0x00,0x00,0x00,0x00,0x00,0x00,0x00,0x00,0x00,0x00,0x00,0x00,0x00,0x00,0x00,0x00,0x00,0x00,0x00,0x00,0x00,
  0x00,0x00,0x00,0x00,0x00,0x00,0x00,0x00,0x00,0x00,0x00,0x00,0x00,0x00,0x00,0x00,0x00,0x00,0x00,0x00,0x00,0x00,0x00,0x00,
  0x00,0x00,0x00,0x00,0x00,0x00,0x00,0x00,0x00,0x00,0x00,0x00,0x00,0x00,0x00,0x00,0x00,0x00,0x4a,0x02,0x52,0x04,0x6a,0x02,
  0x16,0x05,0xe4,0x00,0x00,0x00,0x00,0x00,0x00,0x00,0x00,0x00,0x00,0x00,0x00,0x00,0x00,0x00,0x20,0x00,0x82,0x00,0x00,0x00,
  0x00,0x00,0x20,0x00,0xa3,0x00,0x00,0x00,0x00,0x00,0x27,0x58,0x72,0xd0,0x94,0xe8,0x94,0xe8,0x94,0xe8,0x94,0xe8,0x95,0xf0,
  0x94,0xf0,0x94,0xe8,0x94,0xe8,0x94,0xf0,0x95,0xf8,0x94,0xe8,0x94,0xe8,0x94,0xe8,0x95,0xf0,0x4d,0x98,0x03,0x20,0x27,0x58,
  0x72,0xd0,0x94,0xe8,0x94,0xf0,0x95,0xf0,0x94,0xe8,0x94,0xe8,0x94,0xe8,0x94,0xe8,0x94,0xe8,0x94,0xe8,0x94,0xe8,0x94,0xe8,
  0x94,0xe8,0x94,0xf0,0x94,0xf0,0x94,0xf0,0x4e,0xa0,0x02,0x18,0x00,0x00,0x25,0x38,0x94,0xe8,0x95,0xf8,0x94,0xf0,0x94,0xe8,
  0x94,0xe8,0x94,0xe8,0x94,0xf0,0x94,0xf0,0x94,0xf0,0x94,0xe8,0x94,0xe8,0x94,0xe8,0x94,0xe8,0x95,0xf8,0x70,0xc0,0x02,0x18,
  0x00,0x00,0x00,0x00,0x00,0x00,0x00,0x00,0x00,0x00,0x00,0x00,0x00,0x00,0x00,0x00,0x00,0x00,0x00,0x00,0x66,0x01,0x57,0x05,
  0x5b,0x06,0x1a,0x06,0x3b,0x06,0x3b,0x06,0xfa,0x05,0x3b,0x06,0x73,0x04,0x62,0x00,0x00,0x00,0x00,0x00,0x00,0x00,0x00,0x00,
  0x00,0x00,0x00,0x00,0x00,0x00,0x00,0x00,0x00,0x00,0x00,0x00,0x00,0x00,0x00,0x00,0x00,0x00,0x00,0x00,0x00,0x00,0x00,0x00,
  0x00,0x00,0x00,0x00,0x00,0x00,0x00,0x00,0x00,0x00,0x00,0x00,0x00,0x00,0x00,0x00,0x00,0x00,0x00,0x00,0x00,0x00,0x00,0x00,
  0x00,0x00,0x00,0x00,0x00,0x00,0x00,0x00,0x00,0x00,0x00,0x00,0x00,0x00,0x00,0x00,0x00,0x00,0x00,0x00,0x00,0x00,0x00,0x00,
  0x00,0x00,0x00,0x00,0x00,0x00,0x00,0x00,0x00,0x00,0x00,0x00,0x00,0x00,0x00,0x00,0x00,0x00,0x00,0x00,0x00,0x00,0x00,0x00,
  0x00,0x00,0x00,0x00,0x00,0x00,0x00,0x00,0x00,0x00,0x00,0x00,0x00,0x00,0x00,0x00,0x00,0x00,0x00,0x00,0x00,0x00,0x00,0x00,
  0x00,0x00,0x00,0x00,0x00,0x00,0x00,0x00,0x00,0x00,0x00,0x00,0x00,0x00,0x00,0x00,0x00,0x00,0x00,0x00,0x00,0x00,0x00,0x00,
  0x00,0x00,0x00,0x00,0x00,0x00,0x00,0x00,0x00,0x00,0x00,0x00,0x00,0x00,0x00,0x00,0x00,0x00,0x00,0x00,0x00,0x00,0x20,0x00,
  0x04,0x01,0x04,0x01,0x04,0x01,0xe4,0x00,0xe4,0x00,0xe4,0x00,0xe4,0x00,0xe4,0x00,0xe4,0x00,0xe4,0x00,0xe4,0x00,0xe4,0x00,
  0xe4,0x00,0xe4,0x00,0xe4,0x00,0xe4,0x00,0xe4,0x00,0x2d,0x03,0xec,0x02,0x41,0x00,0x78,0x05,0xf5,0x04,0x32,0x04,0x52,0x04,
  0x53,0x04,0x53,0x04,0x53,0x04,0x53,0x04,0x52,0x04,0x73,0x04,0xb4,0x04,0x94,0x04,0x52,0x04,0xd5,0x04,0x4e,0x03,0x20,0x00,
  0x02,0x18,0x6f,0xb0,0x94,0xf0,0x94,0xe8,0x94,0xf0,0x94,0xe8,0x94,0xe8,0x94,0xf0,0x94,0xf0,0x94,0xe8,0x94,0xe8,0x94,0xf0,
  0x95,0xf8,0x94,0xe8,0x94,0xe8,0x95,0xf0,0x71,0xc8,0x04,0x30,0x00,0x00,0x4c,0x90,0x94,0xe8,0x95,0xf0,0x94,0xf0,0x95,0xf0,
  0x94,0xf0,0x94,0xe8,0x94,0xe8,0x94,0xf0,0x94,0xf0,0x94,0xe8,0x94,0xe8,0x94,0xf0,0x94,0xe8,0x94,0xe8,0x94,0xf0,0x72,0xd8,
  0x05,0x38,0x00,0x00,0x00,0x00,0x25,0x38,0x94,0xe8,0x95,0xf8,0x94,0xf0,0x94,0xe8,0x94,0xe8,0x94,0xe8,0x94,0xe8,0x94,0xe8,
  0x94,0xe8,0x94,0xe8,0x94,0xe8,0x94,0xe8,0x94,0xe8,0x95,0xf8,0x70,0xb8,0x01,0x10,0x00,0x00,0x00,0x00,0x00,0x00,0x00,0x00,
  0x00,0x00,0x00,0x00,0x00,0x00,0x00,0x00,0x00,0x00,0xa3,0x00,0x93,0x04,0x5b,0x06,0x98,0x05,0xfa,0x05,0xb8,0x05,0x77,0x05,
  0xb9,0x05,0xd9,0x05,0x1a,0x06,0xaf,0x03,0x20,0x00,0x00,0x00,0x00,0x00,0x00,0x00,0x00,0x00,0x00,0x00,0x00,0x00,0x00,0x00,
  0x00,0x00,0x00,0x00,0x00,0x00,0x00,0x00,0x00,0x00,0x00,0x00,0x00,0x00,0x00,0x00,0x00,0x00,0x00,0x00,0x00,0x00,0x00,0x00,
  0x00,0x00,0x00,0x00,0x00,0x00,0x00,0x00,0x00,0x00,0x00,0x00,0x00,0x00,0x00,0x00,0x00,0x00,0x00,0x00,0x00,0x00,0x00,0x00,
  0x00,0x00,0x00,0x00,0x00,0x00,0x00,0x00,0x00,0x00,0x00,0x00,0x00,0x00,0x00,0x00,0x00,0x00,0x00,0x00,0x00,0x00,0x00,0x00,
  0x00,0x00,0x00,0x00,0x00,0x00,0x00,0x00,0x00,0x00,0x00,0x00,0x00,0x00,0x00,0x00,0x00,0x00,0x00,0x00,0x00,0x00,0x00,0x00,
  0x00,0x00,0x00,0x00,0x00,0x00,0x00,0x00,0x00,0x00,0x00,0x00,0x00,0x00,0x00,0x00,0x00,0x00,0x00,0x00,0x00,0x00,0x00,0x00,
  0x20,0x00,0x00,0x00,0x00,0x00,0x00,0x00,0x00,0x00,0x00,0x00,0x00,0x00,0x00,0x00,0x00,0x00,0x00,0x00,0x00,0x00,0x82,0x00,
  0xe8,0x01,0x29,0x02,0x29,0x02,0x29,0x02,0x09,0x02,0x29,0x02,0x09,0x02,0x8f,0x03,0x36,0x05,0x16,0x05,0x36,0x05,0x36,0x05,
  0x16,0x05,0x16,0x05,0x16,0x05,0x16,0x05,0x16,0x05,0x16,0x05,0x16,0x05,0x16,0x05,0x16,0x05,0x16,0x05,0x16,0x05,0x16,0x05,
  0x16,0x05,0xb9,0x05,0xcc,0x02,0xa3,0x00,0x16,0x05,0x77,0x05,0x77,0x05,0x77,0x05,0x77,0x05,0x78,0x05,0x78,0x05,0x77,0x05,
  0x57,0x05,0x77,0x05,0x78,0x05,0x78,0x05,0x98,0x05,0x57,0x05,0xc3,0x00,0x01,0x10,0x4b,0x80,0x93,0xe0,0x95,0xf0,0x95,0xf0,
  0x94,0xf0,0x94,0xe8,0x94,0xe8,0x94,0xf0,0x94,0xe8,0x94,0xe8,0x94,0xe8,0x94,0xf0,0x95,0xf0,0x94,0xe8,0x94,0xf0,0x95,0xf0,
  0x4d,0x98,0x03,0x28,0x02,0x18,0x25,0x40,0x4b,0x80,0x71,0xc8,0x94,0xe8,0x94,0xf0,0x95,0xf0,0x95,0xf0,0x95,0xf0,0x94,0xf0,
  0x94,0xe8,0x94,0xe8,0x94,0xe8,0x94,0xe8,0x94,0xe8,0x94,0xe8,0x93,0xe0,0x29,0x68,0x00,0x00,0x00,0x00,0x00,0x00,0x25,0x38,
  0x93,0xe0,0x95,0xf0,0x94,0xe8,0x94,0xe8,0x94,0xe8,0x94,0xe8,0x94,0xe8,0x94,0xe8,0x94,0xe8,0x94,0xe8,0x94,0xe8,0x94,0xe8,
  0x94,0xe8,0x95,0xf8,0x70,0xb8,0x01,0x10,0x20,0x00,0xc8,0x01,0xab,0x02,0xac,0x02,0x6a,0x02,0x6a,0x02,0x6a,0x02,0x4a,0x02,
  0x6a,0x02,0xaf,0x03,0xb9,0x05,0xd9,0x05,0xfa,0x05,0x32,0x04,0xc8,0x01,0xc7,0x01,0x53,0x04,0xd9,0x05,0xf9,0x05,0x77,0x05,
  0x04,0x01,0x00,0x00,0x00,0x00,0x00,0x00,0x00,0x00,0x00,0x00,0x00,0x00,0x00,0x00,0x00,0x00,0x00,0x00,0x00,0x00,0x00,0x00,
  0x00,0x00,0x00,0x00,0x00,0x00,0x00,0x00,0x00,0x00,0x00,0x00,0x00,0x00,0x00,0x00,0x00,0x00,0x00,0x00,0x00,0x00,0x00,0x00,
  0x00,0x00,0x00,0x00,0x00,0x00,0x00,0x00,0x00,0x00,0x00,0x00,0x00,0x00,0x00,0x00,0x00,0x00,0x00,0x00,0x00,0x00,0x00,0x00,
  0x00,0x00,0x00,0x00,0x00,0x00,0x00,0x00,0x00,0x00,0x00,0x00,0x00,0x00,0x00,0x00,0x00,0x00,0x00,0x00,0x00,0x00,0x00,0x00,
  0x00,0x00,0x00,0x00,0x00,0x00,0x00,0x00,0x00,0x00,0x00,0x00,0x00,0x00,0x00,0x00,0x00,0x00,0x00,0x00,0x00,0x00,0x00,0x00,
  0x00,0x00,0x00,0x00,0x00,0x00,0x00,0x00,0x00,0x00,0x82,0x00,0x6e,0x03,0x73,0x04,0x94,0x04,0x93,0x04,0xaf,0x03,0x24,0x01,
  0x00,0x00,0x00,0x00,0x00,0x00,0x00,0x00,0x00,0x00,0x00,0x00,0x29,0x02,0xd5,0x04,0x77,0x05,0x77,0x05,0x57,0x05,0x77,0x05,
  0x77,0x05,0x78,0x05,0x98,0x05,0x57,0x05,0x16,0x05,0x16,0x05,0x16,0x05,0x16,0x05,0x36,0x05,0x36,0x05,0x36,0x05,0x16,0x05,
  0x36,0x05,0x16,0x05,0x36,0x05,0x36,0x05,0x36,0x05,0x36,0x05,0x36,0x05,0x36,0x05,0x16,0x05,0xb9,0x05,0xac,0x02,0xa3,0x00,
  0x16,0x05,0x36,0x05,0x16,0x05,0x16,0x05,0x16,0x05,0x36,0x05,0x36,0x05,0x36,0x05,0x36,0x05,0x36,0x05,0x16,0x05,0x16,0x05,
  0xb9,0x05,0x29,0x02,0x00,0x00,0x26,0x48,0x72,0xd8,0x94,0xe8,0x94,0xf0,0x95,0xf0,0x94,0xf0,0x94,0xe8,0x94,0xe8,0x94,0xf0,
  0x94,0xe8,0x94,0xe8,0x94,0xe8,0x95,0xf0,0x94,0xf0,0x94,0xf0,0x94,0xf0,0x94,0xf0,0x94,0xe0,0x70,0xc0,0x4a,0x78,0x25,0x38,
  0x02,0x20,0x03,0x28,0x2a,0x78,0x71,0xc8,0x94,0xe8,0x94,0xf0,0x94,0xf0,0x94,0xe8,0x94,0xf0,0x94,0xe8,0x94,0xe8,0x94,0xe8,
  0x94,0xe8,0x94,0xe8,0x4d,0xa0,0x01,0x08,0x00,0x00,0x00,0x00,0x00,0x00,0x25,0x40,0x73,0xe0,0x94,0xe8,0x94,0xe8,0x95,0xf0,
  0x94,0xf0,0x94,0xe8,0x94,0xf0,0x94,0xf0,0x94,0xf0,0x94,0xe8,0x94,0xe8,0x94,0xe8,0x94,0xe8,0x95,0xf8,0x70,0xc0,0x01,0x18,
  0x41,0x00,0xd5,0x04,0xbd,0x06,0x3b,0x06,0x3b,0x06,0x5b,0x06,0x3b,0x06,0xfa,0x05,0x3b,0x06,0x1a,0x06,0xd9,0x05,0x1a,0x06,
  0xf5,0x04,0x04,0x01,0x00,0x00,0x00,0x00,0x25,0x01,0x16,0x05,0x3b,0x06,0xd9,0x05,0xa7,0x01,0x00,0x00,0x00,0x00,0x00,0x00,
  0x00,0x00,0x00,0x00,0x00,0x00,0x00,0x00,0x00,0x00,0x00,0x00,0x00,0x00,0x00,0x00,0x00,0x00,0x00,0x00,0x00,0x00,0x00,0x00,
  0x00,0x00,0x00,0x00,0x00,0x00,0x00,0x00,0x00,0x00,0x00,0x00,0x00,0x00,0x00,0x00,0x00,0x00,0x00,0x00,0x00,0x00,0x00,0x00,
  0x00,0x00,0x00,0x00,0x00,0x00,0x00,0x00,0x00,0x00,0x00,0x00,0x00,0x00,0x00,0x00,0x00,0x00,0x00,0x00,0x00,0x00,0x00,0x00,
  0x00,0x00,0x00,0x00,0x00,0x00,0x00,0x00,0x00,0x00,0x00,0x00,0x00,0x00,0x00,0x00,0x00,0x00,0x00,0x00,0x00,0x00,0x00,0x00,
  0x00,0x00,0x00,0x00,0x00,0x00,0x00,0x00,0x00,0x00,0x00,0x00,0x00,0x00,0x00,0x00,0x00,0x00,0x00,0x00,0x00,0x00,0x00,0x00,
  0x04,0x01,0xf5,0x04,0x57,0x05,0x37,0x05,0x77,0x05,0x77,0x05,0x57,0x05,0x16,0x05,0x86,0x01,0x00,0x00,0x00,0x00,0x00,0x00,
  0x00,0x00,0x00,0x00,0x0d,0x03,0x77,0x05,0xb8,0x05,0xb8,0x05,0x98,0x05,0x98,0x05,0x98,0x05,0x98,0x05,0x98,0x05,0x77,0x05,
  0x57,0x05,0x57,0x05,0x36,0x05,0x36,0x05,0x57,0x05,0x57,0x05,0x57,0x05,0x57,0x05,0x57,0x05,0x57,0x05,0x57,0x05,0x57,0x05,
  0x57,0x05,0x57,0x05,0x57,0x05,0x57,0x05,0x36,0x05,0xb8,0x05,0xab,0x02,0x82,0x00,0x16,0x05,0x36,0x05,0x15,0x05,0x16,0x05,
  0x16,0x05,0x16,0x05,0x16,0x05,0x16,0x05,0x57,0x05,0x57,0x05,0xf5,0x04,0x98,0x05,0x8f,0x03,0x00,0x00,0x23,0x28,0x70,0xb8,
  0x94,0xe8,0x94,0xe8,0x94,0xe8,0x94,0xf0,0x94,0xe8,0x94,0xe8,0x94,0xf0,0x94,0xf0,0x94,0xe8,0x94,0xe8,0x94,0xe8,0x95,0xf0,
  0x94,0xe8,0x94,0xe8,0x94,0xf0,0x95,0xf0,0x95,0xf8,0x94,0xe8,0x73,0xe0,0x71,0xc0,0x4b,0x88,0x04,0x30,0x01,0x08,0x24,0x38,
  0x4d,0x98,0x93,0xe0,0x94,0xf0,0x94,0xe8,0x94,0xe8,0x94,0xe8,0x94,0xe8,0x94,0xe8,0x95,0xf0,0x71,0xc8,0x25,0x40,0x00,0x00,
  0x00,0x00,0x00,0x00,0x00,0x00,0x25,0x40,0x94,0xe8,0x94,0xe8,0x94,0xe8,0x95,0xf0,0x94,0xf0,0x94,0xe8,0x94,0xf0,0x94,0xf0,
  0x94,0xf0,0x94,0xe8,0x94,0xf0,0x94,0xe8,0x94,0xe8,0x95,0xf8,0x71,0xc0,0x02,0x18,0x40,0x00,0xf5,0x04,0xbd,0x06,0x5c,0x06,
  0x3b,0x06,0x7c,0x06,0x5c,0x06,0x1a,0x06,0x7c,0x06,0x5b,0x06,0xfa,0x05,0x3b,0x06,0x32,0x04,0x20,0x00,0x00,0x00,0x00,0x00,
  0x20,0x00,0xb4,0x04,0x5b,0x06,0xfa,0x05,0xe8,0x01,0x00,0x00,0x00,0x00,0x00,0x00,0x00,0x00,0x00,0x00,0x00,0x00,0x00,0x00,
  0x00,0x00,0x00,0x00,0x00,0x00,0x00,0x00,0x00,0x00,0x00,0x00,0x00,0x00,0x00,0x00,0x00,0x00,0x00,0x00,0x00,0x00,0x00,0x00,
  0x00,0x00,0x00,0x00,0x00,0x00,0x00,0x00,0x00,0x00,0x00,0x00,0x00,0x00,0x00,0x00,0x00,0x00,0x00,0x00,0x00,0x00,0x00,0x00,
  0x00,0x00,0x00,0x00,0x00,0x00,0x00,0x00,0x00,0x00,0x00,0x00,0x00,0x00,0x00,0x00,0x00,0x00,0x00,0x00,0x00,0x00,0x00,0x00,
  0x00,0x00,0x00,0x00,0x00,0x00,0x00,0x00,0x00,0x00,0x00,0x00,0x00,0x00,0x00,0x00,0x00,0x00,0x00,0x00,0x00,0x00,0x00,0x00,
  0x00,0x00,0x00,0x00,0x00,0x00,0x00,0x00,0x00,0x00,0x00,0x00,0x00,0x00,0x82,0x00,0xd5,0x04,0x98,0x05,0xf5,0x04,0x57,0x05,
  0xf5,0x04,0x36,0x05,0x16,0x05,0x16,0x05,0xf5,0x04,0x04,0x01,0x00,0x00,0x00,0x00,0x00,0x00,0x00,0x00,0x00,0x00,0x25,0x01,
  0xec,0x02,0xac,0x02,0xcc,0x02,0xcc,0x02,0xcc,0x02,0xcc,0x02,0xab,0x02,0xf1,0x03,0xf6,0x04,0xf5,0x04,0xf5,0x04,0xf5,0x04,
  0xf5,0x04,0xf5,0x04,0xf5,0x04,0xf5,0x04,0xf5,0x04,0xf5,0x04,0xf5,0x04,0xf5,0x04,0xf5,0x04,0xf5,0x04,0xf5,0x04,0xf5,0x04,
  0xf5,0x04,0xb9,0x05,0xcc,0x02,0xc3,0x00,0x16,0x05,0x57,0x05,0x57,0x05,0x98,0x05,0xb8,0x05,0x77,0x05,0x57,0x05,0x98,0x05,
  0x98,0x05,0x98,0x05,0xb9,0x05,0xf5,0x04,0x82,0x00,0x00,0x08,0x4c,0x88,0x94,0xf0,0x94,0xe8,0x94,0xe8,0x94,0xe8,0x94,0xe8,
  0x94,0xe8,0x94,0xf0,0x94,0xf0,0x94,0xe8,0x94,0xe8,0x94,0xe8,0x94,0xf0,0x94,0xe8,0x94,0xe8,0x94,0xe8,0x94,0xe8,0x94,0xf0,
  0x94,0xf0,0x94,0xf0,0x95,0xf0,0x95,0xf0,0x95,0xf0,0x70,0xc0,0x28,0x60,0x03,0x20,0x03,0x28,0x29,0x68,0x71,0xc8,0x94,0xe8,
  0x94,0xf0,0x94,0xf0,0x94,0xf0,0x94,0xe8,0x93,0xe0,0x4a,0x78,0x01,0x08,0x00,0x00,0x00,0x00,0x00,0x00,0x00,0x00,0x25,0x40,
  0x94,0xe8,0x94,0xf0,0x94,0xe8,0x94,0xf0,0x94,0xf0,0x94,0xe8,0x94,0xf0,0x94,0xf0,0x94,0xe8,0x94,0xe8,0x94,0xf0,0x94,0xe8,
  0x94,0xe8,0x95,0xf8,0x71,0xc0,0x02,0x18,0x20,0x00,0x90,0x03,0x36,0x05,0xd4,0x04,0x73,0x04,0xb4,0x04,0xb4,0x04,0x94,0x04,
  0xd5,0x04,0x57,0x05,0x1a,0x06,0x1a,0x06,0x77,0x05,0x4a,0x02,0x41,0x00,0x41,0x00,0xab,0x02,0xb8,0x05,0xfa,0x05,0xb9,0x05,
  0x46,0x01,0x00,0x00,0x00,0x00,0x00,0x00,0x00,0x00,0x00,0x00,0x00,0x00,0x00,0x00,0x00,0x00,0x00,0x00,0x00,0x00,0x00,0x00,
  0x00,0x00,0x00,0x00,0x00,0x00,0x00,0x00,0x00,0x00,0x00,0x00,0x00,0x00,0x00,0x00,0x00,0x00,0x00,0x00,0x00,0x00,0x00,0x00,
  0x00,0x00,0x00,0x00,0x00,0x00,0x00,0x00,0x00,0x00,0x00,0x00,0x00,0x00,0x00,0x00,0x00,0x00,0x00,0x00,0x00,0x00,0x00,0x00,
  0x00,0x00,0x00,0x00,0x00,0x00,0x00,0x00,0x00,0x00,0x00,0x00,0x00,0x00,0x00,0x00,0x00,0x00,0x00,0x00,0x00,0x00,0x00,0x00,
  0x00,0x00,0x00,0x00,0x00,0x00,0x00,0x00,0x00,0x00,0x00,0x00,0x00,0x00,0x00,0x00,0x00,0x00,0x00,0x00,0x00,0x00,0x00,0x00,
  0x00,0x00,0x00,0x00,0x00,0x00,0x8b,0x02,0xb8,0x05,0x36,0x05,0x16,0x05,0x29,0x02,0xe4,0x00,0x4a,0x02,0x16,0x05,0x16,0x05,
  0x98,0x05,0x4e,0x03,0x00,0x00,0x00,0x00,0x00,0x00,0x00,0x00,0x00,0x00,0x00,0x00,0x00,0x00,0x00,0x00,0x00,0x00,0x00,0x00,
  0x00,0x00,0x00,0x00,0x00,0x00,0x21,0x00,0xc3,0x00,0xc3,0x00,0xc3,0x00,0xc3,0x00,0xc3,0x00,0xc3,0x00,0xc3,0x00,0xc3,0x00,
  0xc3,0x00,0xc3,0x00,0xc3,0x00,0xa3,0x00,0xc3,0x00,0xc3,0x00,0xc3,0x00,0xc3,0x00,0xc3,0x00,0x8f,0x03,0x0d,0x03,0x41,0x00,
  0x36,0x05,0x36,0x05,0x73,0x04,0x94,0x04,0xb4,0x04,0x53,0x04,0x73,0x04,0x73,0x04,0x53,0x04,0x73,0x04,0xb4,0x04,0x87,0x01,
  0x00,0x00,0x48,0x60,0x72,0xd8,0x94,0xe8,0x94,0xe8,0x94,0xf0,0x94,0xe8,0x94,0xe8,0x94,0xe8,0x94,0xf0,0x94,0xe8,0x94,0xe8,
  0x94,0xf0,0x95,0xf0,0x94,0xf0,0x94,0xe8,0x94,0xe8,0x94,0xe8,0x94,0xe8,0x94,0xe8,0x94,0xe8,0x94,0xe8,0x94,0xf0,0x94,0xf0,
  0x94,0xf0,0x95,0xf0,0x93,0xe0,0x4d,0xa0,0x26,0x48,0x02,0x18,0x25,0x40,0x4e,0xa8,0x94,0xe8,0x95,0xf0,0x94,0xf0,0x94,0xe0,
  0x4e,0xa0,0x02,0x18,0x00,0x00,0x00,0x00,0x00,0x00,0x00,0x00,0x00,0x00,0x25,0x40,0x94,0xe8,0x94,0xf0,0x94,0xe8,0x94,0xe8,
  0x94,0xe8,0x94,0xe8,0x94,0xf0,0x94,0xe8,0x94,0xe8,0x94,0xe8,0x94,0xe8,0x94,0xe8,0x94,0xe8,0x95,0xf8,0x70,0xc0,0x02,0x18,
  0x00,0x00,0x21,0x00,0x62,0x00,0x41,0x00,0x41,0x00,0x41,0x00,0x61,0x00,0x61,0x00,0x61,0x00,0x86,0x01,0x77,0x05,0x3a,0x06,
  0xfa,0x05,0x98,0x05,0x32,0x04,0x12,0x04,0xd9,0x05,0xd9,0x05,0xfa,0x05,0x53,0x04,0x21,0x00,0x00,0x00,0x00,0x00,0x00,0x00,
  0x00,0x00,0x00,0x00,0x00,0x00,0x00,0x00,0x00,0x00,0x00,0x00,0x00,0x00,0x00,0x00,0x00,0x00,0x00,0x00,0x00,0x00,0x00,0x00,
  0x00,0x00,0x00,0x00,0x00,0x00,0x00,0x00,0x00,0x00,0x00,0x00,0x00,0x00,0x00,0x00,0x00,0x00,0x00,0x00,0x00,0x00,0x00,0x00,
  0x00,0x00,0x00,0x00,0x00,0x00,0x00,0x00,0x00,0x00,0x00,0x00,0x00,0x00,0x00,0x00,0x00,0x00,0x00,0x00,0x00,0x00,0x00,0x00,
  0x00,0x00,0x00,0x00,0x00,0x00,0x00,0x00,0x00,0x00,0x00,0x00,0x00,0x00,0x00,0x00,0x00,0x00,0x00,0x00,0x00,0x00,0x00,0x00,
  0x00,0x00,0x00,0x00,0x00,0x00,0x00,0x00,0x00,0x00,0x00,0x00,0x00,0x00,0x00,0x00,0x00,0x00,0x00,0x00,0x41,0x00,0xf1,0x03,
  0x57,0x05,0x77,0x05,0xcc,0x02,0x00,0x00,0x00,0x00,0x00,0x00,0x29,0x02,0x77,0x05,0x78,0x05,0x32,0x04,0x00,0x00,0x00,0x00,
  0x00,0x00,0x00,0x00,0x00,0x00,0x00,0x00,0x00,0x00,0x00,0x00,0x00,0x00,0x00,0x00,0x00,0x00,0x00,0x00,0x00,0x00,0x00,0x00,
  0x00,0x00,0x00,0x00,0x00,0x00,0x00,0x00,0x00,0x00,0x00,0x00,0x00,0x00,0x00,0x00,0x00,0x00,0x00,0x00,0x00,0x00,0x00,0x00,
  0x00,0x00,0x00,0x00,0x00,0x00,0x00,0x00,0x00,0x00,0x6a,0x02,0x11,0x04,0x04,0x01,0x98,0x05,0xe8,0x01,0x00,0x00,0x20,0x00,
  0x00,0x00,0x00,0x00,0x00,0x00,0x00,0x00,0x00,0x00,0x00,0x00,0x00,0x00,0x00,0x00,0x03,0x20,0x70,0xc0,0x94,0xe8,0x94,0xe8,
  0x94,0xe8,0x94,0xf0,0x94,0xf0,0x94,0xf0,0x94,0xe8,0x94,0xe8,0x94,0xe8,0x94,0xe8,0x94,0xf0,0x94,0xf0,0x94,0xe8,0x94,0xe8,
  0x94,0xe8,0x94,0xf0,0x94,0xf0,0x94,0xf0,0x94,0xe8,0x94,0xe8,0x94,0xe8,0x94,0xe8,0x94,0xe8,0x94,0xf0,0x95,0xf0,0x94,0xf0,
  0x72,0xd8,0x4a,0x70,0x00,0x00,0x01,0x10,0x4c,0x88,0x94,0xe8,0x95,0xf0,0x72,0xd0,0x26,0x40,0x00,0x00,0x00,0x00,0x00,0x00,
  0x00,0x00,0x00,0x00,0x00,0x00,0x25,0x40,0x93,0xe8,0x94,0xf0,0x94,0xe8,0x94,0xe8,0x94,0xe8,0x94,0xe8,0x94,0xe8,0x94,0xe8,
  0x94,0xe8,0x94,0xe8,0x94,0xe8,0x94,0xe8,0x94,0xe8,0x95,0xf0,0x70,0xc0,0x02,0x18,0x00,0x00,0x00,0x00,0x00,0x00,0x00,0x00,
  0x00,0x00,0x00,0x00,0x00,0x00,0x00,0x00,0x00,0x00,0x00,0x00,0x6a,0x02,0x1a,0x06,0x1a,0x06,0xd9,0x05,0xd9,0x05,0xfa,0x05,
  0xd9,0x05,0x3b,0x06,0x77,0x05,0x46,0x01,0x00,0x00,0x00,0x00,0x00,0x00,0x00,0x00,0x00,0x00,0x00,0x00,0x00,0x00,0x00,0x00,
  0x00,0x00,0x00,0x00,0x00,0x00,0x00,0x00,0x00,0x00,0x00,0x00,0x00,0x00,0x00,0x00,0x00,0x00,0x00,0x00,0x00,0x00,0x00,0x00,
  0x00,0x00,0x00,0x00,0x00,0x00,0x00,0x00,0x00,0x00,0x00,0x00,0x00,0x00,0x00,0x00,0x00,0x00,0x00,0x00,0x00,0x00,0x00,0x00,
  0x00,0x00,0x00,0x00,0x00,0x00,0x00,0x00,0x00,0x00,0x00,0x00,0x00,0x00,0x00,0x00,0x00,0x00,0x00,0x00,0x00,0x00,0x00,0x00,
  0x00,0x00,0x00,0x00,0x00,0x00,0x00,0x00,0x00,0x00,0x00,0x00,0x00,0x00,0x00,0x00,0x00,0x00,0x00,0x00,0x00,0x00,0x00,0x00,
  0x00,0x00,0x00,0x00,0x00,0x00,0x00,0x00,0x00,0x00,0x00,0x00,0x61,0x00,0x32,0x04,0xf5,0x04,0x78,0x05,0x09,0x02,0x00,0x00,
  0x41,0x00,0x00,0x00,0xe4,0x00,0x77,0x05,0x77,0x05,0x52,0x04,0x00,0x00,0x00,0x00,0x00,0x00,0x00,0x00,0x00,0x00,0x00,0x00,
  0x00,0x00,0x00,0x00,0x00,0x00,0x00,0x00,0x00,0x00,0x00,0x00,0x00,0x00,0x00,0x00,0x00,0x00,0x00,0x00,0x00,0x00,0x00,0x00,
  0x00,0x00,0x00,0x00,0x00,0x00,0x00,0x00,0x00,0x00,0x00,0x00,0x00,0x00,0x00,0x00,0x00,0x00,0x00,0x00,0x00,0x00,0x00,0x00,
  0x00,0x00,0x82,0x00,0x11,0x04,0x37,0x05,0x8b,0x02,0x00,0x00,0x00,0x00,0x00,0x00,0x00,0x00,0x00,0x00,0x00,0x00,0x00,0x00,
  0x00,0x00,0x00,0x00,0x00,0x00,0x01,0x08,0x4c,0x88,0x94,0xe8,0x94,0xf0,0x94,0xf0,0x94,0xe8,0x94,0xe8,0x94,0xe8,0x94,0xf0,
  0x94,0xe8,0x94,0xe8,0x94,0xe8,0x94,0xf0,0x94,0xf0,0x94,0xe8,0x94,0xe8,0x94,0xe8,0x94,0xe8,0x94,0xe8,0x94,0xe8,0x94,0xf0,
  0x94,0xf0,0x94,0xf0,0x94,0xe8,0x94,0xe8,0x94,0xe8,0x94,0xf0,0x95,0xf0,0x94,0xf0,0x94,0xf0,0x93,0xe0,0x4b,0x80,0x02,0x18,
  0x03,0x28,0x4c,0x88,0x72,0xd0,0x29,0x70,0x00,0x00,0x00,0x00,0x00,0x00,0x00,0x00,0x00,0x00,0x00,0x00,0x00,0x00,0x25,0x40,
  0x73,0xe0,0x95,0xf0,0x94,0xe8,0x94,0xe8,0x94,0xe8,0x94,0xe8,0x94,0xe8,0x94,0xe8,0x94,0xe8,0x94,0xe8,0x94,0xe8,0x94,0xe8,
  0x94,0xe8,0x95,0xf0,0x71,0xc0,0x02,0x18,0x00,0x00,0x00,0x00,0x00,0x00,0x00,0x00,0x00,0x00,0x00,0x00,0x00,0x00,0x00,0x00,
  0x00,0x00,0x00,0x00,0x00,0x00,0x8b,0x02,0x77,0x05,0x1a,0x06,0x1a,0x06,0x1a,0x06,0xd9,0x05,0xf5,0x04,0xe8,0x01,0x00,0x00,
  0x00,0x00,0x00,0x00,0x00,0x00,0x00,0x00,0x00,0x00,0x00,0x00,0x00,0x00,0x00,0x00,0x00,0x00,0x00,0x00,0x00,0x00,0x00,0x00,
  0x00,0x00,0x00,0x00,0x00,0x00,0x00,0x00,0x00,0x00,0x00,0x00,0x00,0x00,0x00,0x00,0x00,0x00,0x00,0x00,0x00,0x00,0x00,0x00,
  0x00,0x00,0x00,0x00,0x00,0x00,0x00,0x00,0x00,0x00,0x00,0x00,0x00,0x00,0x00,0x00,0x00,0x00,0x00,0x00,0x00,0x00,0x00,0x00,
  0x00,0x00,0x00,0x00,0x00,0x00,0x00,0x00,0x00,0x00,0x00,0x00,0x00,0x00,0x00,0x00,0x00,0x00,0x00,0x00,0x00,0x00,0x00,0x00,
  0x00,0x00,0x00,0x00,0x00,0x00,0x00,0x00,0x00,0x00,0x00,0x00,0x00,0x00,0x00,0x00,0x00,0x00,0x00,0x00,0x00,0x00,0x00,0x00,
  0x00,0x00,0x00,0x00,0x20,0x00,0x8f,0x03,0x57,0x05,0x77,0x05,0xb0,0x03,0x00,0x00,0x00,0x00,0x21,0x00,0x6e,0x03,0x57,0x05,
  0x57,0x05,0x32,0x04,0x00,0x00,0x00,0x00,0x00,0x00,0x00,0x00,0x00,0x00,0x00,0x00,0x00,0x00,0x00,0x00,0x00,0x00,0x00,0x00,
  0x00,0x00,0x00,0x00,0x00,0x00,0x00,0x00,0x00,0x00,0x00,0x00,0x00,0x00,0x00,0x00,0x00,0x00,0x00,0x00,0x00,0x00,0x00,0x00,
  0x00,0x00,0x00,0x00,0x00,0x00,0x00,0x00,0x00,0x00,0x00,0x00,0x00,0x00,0x00,0x00,0x00,0x00,0x00,0x00,0x61,0x00,0x25,0x01,
  0x00,0x00,0x00,0x00,0x00,0x00,0x00,0x00,0x00,0x00,0x00,0x00,0x00,0x00,0x00,0x00,0x00,0x00,0x00,0x00,0x00,0x00,0x27,0x50,
  0x73,0xe0,0x94,0xf0,0x94,0xf0,0x94,0xf0,0x94,0xe8,0x94,0xe8,0x94,0xe8,0x94,0xe8,0x94,0xf0,0x94,0xf0,0x94,0xf0,0x94,0xe8,
  0x94,0xe8,0x94,0xe8,0x94,0xf0,0x94,0xf0,0x94,0xf0,0x94,0xe8,0x94,0xe8,0x94,0xe8,0x94,0xf0,0x94,0xf0,0x94,0xe8,0x94,0xe8,
  0x94,0xe8,0x94,0xe8,0x94,0xf0,0x94,0xf0,0x94,0xe8,0x94,0xe8,0x94,0xe8,0x4d,0x90,0x04,0x30,0x03,0x20,0x25,0x38,0x01,0x08,
  0x00,0x00,0x00,0x00,0x00,0x00,0x00,0x00,0x00,0x00,0x00,0x00,0x00,0x00,0x25,0x40,0x73,0xe0,0x95,0xf0,0x94,0xf0,0x94,0xe8,
  0x94,0xe8,0x94,0xe8,0x94,0xe8,0x94,0xf0,0x94,0xe8,0x94,0xe8,0x94,0xe8,0x94,0xe8,0x94,0xf0,0x95,0xf8,0x71,0xc0,0x03,0x28,
  0x00,0x00,0x00,0x00,0x00,0x00,0x00,0x00,0x00,0x00,0x00,0x00,0x00,0x00,0x00,0x00,0x00,0x00,0x00,0x00,0x00,0x00,0x00,0x00,
  0x45,0x01,0xab,0x02,0x2e,0x03,0x0d,0x03,0x6a,0x02,0xe4,0x00,0x00,0x00,0x00,0x00,0x00,0x00,0x00,0x00,0x00,0x00,0x00,0x00,
  0x00,0x00,0x41,0x00,0xe8,0x01,0xf1,0x03,0x4a,0x02,0x4a,0x02,0x6a,0x02,0x49,0x02,0x49,0x02,0x29,0x02,0x66,0x01,0xc3,0x00,
  0x00,0x00,0x00,0x00,0x00,0x00,0x00,0x00,0x00,0x00,0x00,0x00,0x00,0x00,0x00,0x00,0x00,0x00,0x00,0x00,0x00,0x00,0x00,0x00,
  0x00,0x00,0x00,0x00,0x00,0x00,0x00,0x00,0x00,0x00,0x00,0x00,0x00,0x00,0x00,0x00,0x00,0x00,0x00,0x00,0x00,0x00,0x00,0x00,
  0x00,0x00,0x00,0x00,0x00,0x00,0x00,0x00,0x00,0x00,0x00,0x00,0x00,0x00,0x00,0x00,0x00,0x00,0x00,0x00,0x00,0x00,0x00,0x00,
  0x00,0x00,0x00,0x00,0x00,0x00,0x00,0x00,0x00,0x00,0x00,0x00,0x00,0x00,0x00,0x00,0x00,0x00,0x00,0x00,0x00,0x00,0x29,0x02,
  0x98,0x05,0x16,0x05,0x77,0x05,0x8f,0x03,0x4a,0x02,0xb0,0x03,0x57,0x05,0xf5,0x04,0x77,0x05,0xcc,0x02,0x00,0x00,0x00,0x00,
  0x00,0x00,0x00,0x00,0x00,0x00,0x00,0x00,0x00,0x00,0x00,0x00,0x00,0x00,0x00,0x00,0x00,0x00,0x00,0x00,0x00,0x00,0x00,0x00,
  0x00,0x00,0x00,0x00,0x00,0x00,0x00,0x00,0x00,0x00,0x00,0x00,0x00,0x00,0x00,0x00,0x00,0x00,0x00,0x00,0x00,0x00,0x00,0x00,
  0x00,0x00,0x00,0x00,0x00,0x00,0x00,0x00,0x00,0x00,0x00,0x00,0x00,0x00,0x00,0x00,0x00,0x00,0x00,0x00,0x00,0x00,0x00,0x00,
  0x00,0x00,0x00,0x00,0x00,0x00,0x00,0x00,0x00,0x00,0x00,0x00,0x04,0x30,0x71,0xc0,0x94,0xe8,0x94,0xe8,0x95,0xf0,0x94,0xe8,
  0x94,0xf0,0x94,0xf0,0x95,0xf0,0x95,0xf0,0x95,0xf0,0x94,0xf0,0x94,0xe8,0x94,0xe8,0x94,0xf0,0x94,0xf0,0x94,0xf0,0x94,0xf0,
  0x94,0xf0,0x94,0xe8,0x94,0xe8,0x94,0xe8,0x94,0xf0,0x94,0xe8,0x94,0xe8,0x94,0xf0,0x95,0xf0,0x94,0xf0,0x94,0xe8,0x94,0xf0,
  0x94,0xe8,0x94,0xe8,0x94,0xe8,0x95,0xf0,0x4d,0x90,0x03,0x20,0x00,0x00,0x00,0x00,0x00,0x00,0x00,0x00,0x00,0x00,0x00,0x00,
  0x00,0x00,0x00,0x00,0x00,0x00,0x25,0x40,0x94,0xe8,0x95,0xf0,0x95,0xf0,0x95,0xf0,0x94,0xe8,0x94,0xe8,0x94,0xe8,0x94,0xf0,
  0x94,0xe8,0x94,0xe8,0x94,0xe8,0x94,0xe8,0x94,0xf0,0x95,0xf8,0x70,0xc0,0x02,0x18,0x00,0x00,0x00,0x00,0x00,0x00,0x00,0x00,
  0x00,0x00,0x00,0x00,0x00,0x00,0x00,0x00,0x00,0x00,0x00,0x00,0x00,0x00,0x00,0x00,0x00,0x00,0x00,0x00,0x00,0x00,0x00,0x00,
  0x00,0x00,0x00,0x00,0x00,0x00,0x00,0x00,0x20,0x00,0xa7,0x01,0xc7,0x01,0x86,0x01,0xec,0x02,0x32,0x04,0x57,0x05,0xfa,0x05,
  0xd9,0x05,0xd9,0x05,0xb9,0x05,0x98,0x05,0xb9,0x05,0x78,0x05,0xb8,0x05,0x6f,0x03,0x62,0x00,0x00,0x00,0x00,0x00,0x00,0x00,
  0x00,0x00,0x00,0x00,0x00,0x00,0x00,0x00,0x00,0x00,0x00,0x00,0x00,0x00,0x00,0x00,0x00,0x00,0x00,0x00,0x00,0x00,0x00,0x00,
  0x00,0x00,0x00,0x00,0x00,0x00,0x00,0x00,0x00,0x00,0x00,0x00,0x00,0x00,0x00,0x00,0x00,0x00,0x00,0x00,0x00,0x00,0x00,0x00,
  0x00,0x00,0x00,0x00,0x00,0x00,0x00,0x00,0x00,0x00,0x00,0x00,0x00,0x00,0x00,0x00,0x00,0x00,0x00,0x00,0x00,0x00,0x00,0x00,
  0x00,0x00,0x00,0x00,0x00,0x00,0x00,0x00,0x00,0x00,0x00,0x00,0x00,0x00,0x00,0x00,0x53,0x04,0x98,0x05,0xd5,0x04,0x57,0x05,
  0x78,0x05,0x57,0x05,0xf5,0x04,0x16,0x05,0x16,0x05,0xa3,0x00,0x00,0x00,0x20,0x00,0x00,0x00,0x00,0x00,0x00,0x00,0x00,0x00,
  0x00,0x00,0x00,0x00,0x00,0x00,0x00,0x00,0x00,0x00,0x00,0x00,0x00,0x00,0x00,0x00,0x00,0x00,0x00,0x00,0x00,0x00,0x00,0x00,
  0x00,0x00,0x00,0x00,0x00,0x00,0x00,0x00,0x00,0x00,0x00,0x00,0x00,0x00,0x00,0x00,0x00,0x00,0x00,0x00,0x00,0x00,0x00,0x00,
  0x00,0x00,0x00,0x00,0x00,0x00,0x00,0x00,0x00,0x00,0x00,0x00,0x00,0x00,0x00,0x00,0x00,0x00,0x00,0x00,0x00,0x00,0x00,0x00,
  0x00,0x00,0x00,0x08,0x4b,0x80,0x94,0xe8,0x94,0xe0,0x94,0xf0,0x94,0xf0,0x94,0xf0,0x94,0xe8,0x94,0xf0,0x94,0xf0,0x94,0xe8,
  0x94,0xe8,0x94,0xf0,0x94,0xf0,0x94,0xe8,0x94,0xe8,0x94,0xe8,0x94,0xe8,0x94,0xe8,0x94,0xe8,0x94,0xe8,0x94,0xe8,0x94,0xf0,
  0x95,0xf0,0x94,0xf0,0x94,0xe8,0x94,0xf0,0x94,0xf0,0x94,0xe8,0x94,0xf0,0x94,0xf0,0x94,0xe8,0x94,0xe8,0x94,0xe8,0x94,0xe8,
  0x94,0xf0,0x4d,0x98,0x03,0x28,0x00,0x00,0x00,0x00,0x00,0x00,0x00,0x00,0x00,0x00,0x00,0x00,0x00,0x00,0x00,0x00,0x26,0x40,
  0x94,0xe8,0x95,0xf0,0x94,0xf0,0x95,0xf0,0x94,0xe8,0x94,0xe8,0x94,0xe8,0x94,0xf0,0x94,0xe8,0x94,0xe8,0x94,0xe8,0x94,0xe8,
  0x94,0xf0,0x95,0xf8,0x70,0xc0,0x02,0x18,0x00,0x00,0x41,0x00,0x61,0x00,0x20,0x00,0x20,0x00,0x20,0x00,0x20,0x00,0x41,0x00,
  0x41,0x00,0x41,0x00,0x21,0x00,0x20,0x00,0x20,0x00,0x41,0x00,0x41,0x00,0x61,0x00,0x41,0x00,0x20,0x00,0x20,0x00,0x20,0x00,
  0x45,0x01,0x36,0x05,0xb9,0x05,0x98,0x05,0xd9,0x05,0xb8,0x05,0x57,0x05,0x57,0x05,0x57,0x05,0x77,0x05,0x77,0x05,0x78,0x05,
  0x98,0x05,0x98,0x05,0x78,0x05,0x16,0x05,0x53,0x04,0x52,0x04,0xf1,0x03,0x04,0x01,0x00,0x00,0x00,0x00,0x00,0x00,0x00,0x00,
  0x00,0x00,0x00,0x00,0x00,0x00,0x00,0x00,0x00,0x00,0x00,0x00,0x00,0x00,0x00,0x00,0x00,0x00,0x00,0x00,0x00,0x00,0x00,0x00,
  0x00,0x00,0x00,0x00,0x00,0x00,0x00,0x00,0x00,0x00,0x00,0x00,0x00,0x00,0x00,0x00,0x00,0x00,0x00,0x00,0x00,0x00,0x00,0x00,
  0x00,0x00,0x00,0x00,0x00,0x00,0x00,0x00,0x00,0x00,0x00,0x00,0x00,0x00,0x00,0x00,0x00,0x00,0x00,0x00,0x00,0x00,0x00,0x00,
  0x00,0x00,0x00,0x00,0x00,0x00,0x00,0x00,0xc3,0x00,0xf1,0x03,0x98,0x05,0x98,0x05,0x77,0x05,0x78,0x05,0x78,0x05,0x16,0x05,
  0x77,0x05,0x8f,0x03,0x00,0x00,0x00,0x00,0x00,0x00,0x00,0x00,0x00,0x00,0x00,0x00,0x00,0x00,0x00,0x00,0x00,0x00,0x00,0x00,
  0x00,0x00,0x00,0x00,0x00,0x00,0x00,0x00,0x00,0x00,0x00,0x00,0x00,0x00,0x00,0x00,0x00,0x00,0x00,0x00,0x00,0x00,0x00,0x00,
  0x00,0x00,0x00,0x00,0x00,0x00,0x00,0x00,0x00,0x00,0x00,0x00,0x00,0x00,0x00,0x00,0x00,0x00,0x00,0x00,0x00,0x00,0x00,0x00,
  0x00,0x00,0x00,0x00,0x00,0x00,0x00,0x00,0x00,0x00,0x00,0x00,0x00,0x00,0x00,0x00,0x00,0x00,0x28,0x60,0x73,0xd8,0x94,0xe8,
  0x94,0xe8,0x94,0xf0,0x94,0xf0,0x95,0xf0,0x95,0xf0,0x94,0xf0,0x93,0xe0,0x72,0xd0,0x71,0xc0,0x70,0xc0,0x71,0xc8,0x93,0xe0,
  0x94,0xe8,0x95,0xf0,0x94,0xf0,0x94,0xe8,0x94,0xe8,0x94,0xf0,0x95,0xf0,0x95,0xf0,0x94,0xe8,0x95,0xf0,0x94,0xf0,0x94,0xe8,
  0x94,0xe8,0x94,0xf0,0x94,0xf0,0x94,0xe8,0x94,0xe8,0x94,0xe8,0x94,0xf0,0x94,0xe8,0x94,0xe8,0x94,0xf0,0x4d,0x98,0x02,0x18,
  0x00,0x00,0x00,0x00,0x00,0x00,0x00,0x00,0x00,0x00,0x00,0x00,0x00,0x00,0x25,0x40,0x94,0xe8,0x94,0xf0,0x94,0xe8,0x94,0xf0,
  0x94,0xe8,0x94,0xe8,0x94,0xe8,0x94,0xf0,0x94,0xe8,0x94,0xe8,0x94,0xe8,0x94,0xe8,0x94,0xf0,0x95,0xf8,0x70,0xc0,0x02,0x10,
  0x00,0x00,0x8f,0x03,0x36,0x05,0x93,0x04,0x93,0x04,0x73,0x04,0x73,0x04,0x94,0x04,0x73,0x04,0x52,0x04,0x32,0x04,0x32,0x04,
  0x32,0x04,0x52,0x04,0x53,0x04,0x52,0x04,0x32,0x04,0x32,0x04,0x12,0x04,0x32,0x04,0xd5,0x04,0xb9,0x05,0xf9,0x05,0xd9,0x05,
  0x77,0x05,0x37,0x05,0x78,0x05,0x77,0x05,0x77,0x05,0x98,0x05,0x98,0x05,0x77,0x05,0x57,0x05,0x77,0x05,0x98,0x05,0xb8,0x05,
  0xd9,0x05,0xf9,0x05,0x78,0x05,0x86,0x01,0x00,0x00,0x00,0x00,0x00,0x00,0x00,0x00,0x00,0x00,0x00,0x00,0x00,0x00,0x00,0x00,
  0x00,0x00,0x00,0x00,0x00,0x00,0x00,0x00,0x00,0x00,0x00,0x00,0x00,0x00,0x00,0x00,0x00,0x00,0x00,0x00,0x00,0x00,0x00,0x00,
  0x00,0x00,0x00,0x00,0x00,0x00,0x00,0x00,0x00,0x00,0x00,0x00,0x00,0x00,0x00,0x00,0x00,0x00,0x00,0x00,0x00,0x00,0x00,0x00,
  0x00,0x00,0x00,0x00,0x00,0x00,0x00,0x00,0x00,0x00,0x00,0x00,0x00,0x00,0x00,0x00,0x00,0x00,0x00,0x00,0x00,0x00,0x00,0x00,
  0x00,0x00,0x00,0x00,0x49,0x02,0x2e,0x03,0xf1,0x03,0x2d,0x03,0x8f,0x03,0x98,0x05,0x16,0x05,0x77,0x05,0xd0,0x03,0xc3,0x00,
  0x62,0x00,0x82,0x00,0x82,0x00,0x82,0x00,0x82,0x00,0x62,0x00,0x82,0x00,0x82,0x00,0x82,0x00,0x82,0x00,0x82,0x00,0x82,0x00,
  0x82,0x00,0x82,0x00,0x82,0x00,0x82,0x00,0x82,0x00,0x82,0x00,0x82,0x00,0x62,0x00,0x82,0x00,0x82,0x00,0x82,0x00,0x61,0x00,
  0x00,0x00,0x00,0x00,0x00,0x00,0x00,0x00,0x00,0x00,0x00,0x00,0x00,0x00,0x00,0x00,0x00,0x00,0x00,0x00,0x00,0x00,0x00,0x00,
  0x00,0x00,0x00,0x00,0x00,0x00,0x00,0x00,0x03,0x28,0x70,0xc0,0x94,0xe8,0x94,0xe8,0x94,0xe8,0x94,0xf0,0x94,0xf0,0x93,0xe0,
  0x70,0xb8,0x4b,0x88,0x27,0x58,0x26,0x40,0x04,0x30,0x04,0x28,0x25,0x38,0x28,0x58,0x4c,0x88,0x6f,0xb0,0x72,0xd8,0x94,0xe8,
  0x94,0xe8,0x94,0xf0,0x95,0xf0,0x95,0xf0,0x94,0xe8,0x94,0xf0,0x94,0xf0,0x94,0xe8,0x94,0xe8,0x94,0xf0,0x95,0xf0,0x94,0xe8,
  0x94,0xe8,0x94,0xf0,0x95,0xf0,0x94,0xf0,0x94,0xe8,0x95,0xf0,0x73,0xe0,0x29,0x68,0x00,0x00,0x00,0x00,0x00,0x00,0x00,0x00,
  0x00,0x00,0x00,0x00,0x00,0x00,0x25,0x40,0x94,0xe8,0x94,0xe8,0x93,0xe0,0x94,0xe8,0x94,0xe8,0x94,0xe8,0x94,0xe8,0x94,0xf0,
  0x94,0xe8,0x94,0xe8,0x94,0xe8,0x94,0xe8,0x94,0xf0,0x95,0xf8,0x70,0xc0,0x01,0x18,0x20,0x00,0xb4,0x04,0xdd,0x06,0x5b,0x06,
  0x7c,0x06,0x5b,0x06,0x5b,0x06,0x5b,0x06,0x1a,0x06,0x3b,0x06,0x3b,0x06,0x3b,0x06,0x3b,0x06,0xfa,0x05,0xfa,0x05,0xfa,0x05,
  0xfa,0x05,0xfa,0x05,0x1a,0x06,0x1a,0x06,0xd9,0x05,0xb9,0x05,0xd9,0x05,0xd9,0x05,0x57,0x05,0x57,0x05,0x77,0x05,0xb8,0x05,
  0x57,0x05,0x78,0x05,0x98,0x05,0x78,0x05,0x57,0x05,0x78,0x05,0x78,0x05,0x98,0x05,0x57,0x05,0x77,0x05,0x16,0x05,0xc7,0x01,
  0x00,0x00,0x00,0x00,0x00,0x00,0x00,0x00,0x00,0x00,0x00,0x00,0x00,0x00,0x00,0x00,0x00,0x00,0x00,0x00,0x00,0x00,0x00,0x00,
  0x00,0x00,0x00,0x00,0x00,0x00,0x00,0x00,0x00,0x00,0x00,0x00,0x00,0x00,0x00,0x00,0x00,0x00,0x00,0x00,0x00,0x00,0x00,0x00,
  0x00,0x00,0x00,0x00,0x00,0x00,0x00,0x00,0x00,0x00,0x00,0x00,0x00,0x00,0x00,0x00,0x00,0x00,0x00,0x00,0x00,0x00,0x00,0x00,
  0x00,0x00,0x00,0x00,0x00,0x00,0x00,0x00,0x00,0x00,0x00,0x00,0x00,0x00,0x00,0x00,0x00,0x00,0x00,0x00,0x00,0x00,0x00,0x00,
  0x20,0x00,0x00,0x00,0x00,0x00,0x4e,0x03,0x98,0x05,0xd5,0x04,0x57,0x05,0xb4,0x04,0x52,0x04,0x73,0x04,0x73,0x04,0x73,0x04,
  0x53,0x04,0x52,0x04,0x73,0x04,0x73,0x04,0x73,0x04,0x73,0x04,0x73,0x04,0x73,0x04,0x73,0x04,0x73,0x04,0x73,0x04,0x73,0x04,
  0x73,0x04,0x73,0x04,0x73,0x04,0x73,0x04,0x73,0x04,0x73,0x04,0x73,0x04,0xd4,0x04,0x09,0x02,0x00,0x00,0x20,0x00,0x00,0x00,
  0x00,0x00,0x00,0x00,0x00,0x00,0x00,0x00,0x00,0x00,0x00,0x00,0x00,0x00,0x00,0x00,0x00,0x00,0x00,0x00,0x00,0x00,0x00,0x00,
  0x28,0x58,0x4e,0xa0,0x4e,0xa8,0x6f,0xb0,0x6f,0xb0,0x6f,0xb0,0x6e,0xa8,0x49,0x68,0x01,0x10,0x00,0x00,0x00,0x00,0x00,0x00,
  0x00,0x00,0x00,0x00,0x00,0x00,0x00,0x00,0x00,0x00,0x02,0x20,0x27,0x58,0x4d,0x98,0x93,0xd8,0x94,0xf0,0x94,0xf0,0x94,0xf0,
  0x94,0xe8,0x94,0xe8,0x94,0xe8,0x94,0xf0,0x94,0xe8,0x94,0xf0,0x94,0xf0,0x94,0xf0,0x94,0xf0,0x95,0xf0,0x95,0xf0,0x95,0xf0,
  0x94,0xe8,0x94,0xe8,0x94,0xe8,0x71,0xd0,0x26,0x48,0x00,0x00,0x00,0x00,0x00,0x00,0x00,0x00,0x00,0x00,0x00,0x00,0x25,0x40,
  0x94,0xe8,0x94,0xf0,0x94,0xe8,0x94,0xe8,0x94,0xe8,0x94,0xe8,0x94,0xe8,0x94,0xf0,0x94,0xe8,0x94,0xe8,0x94,0xe8,0x94,0xe8,
  0x94,0xf0,0x95,0xf8,0x70,0xc0,0x01,0x18,0x20,0x00,0x52,0x04,0x1a,0x06,0xb8,0x05,0xd9,0x05,0xd9,0x05,0xb9,0x05,0xd9,0x05,
  0x98,0x05,0xd9,0x05,0xf9,0x05,0xd9,0x05,0xb8,0x05,0x98,0x05,0x98,0x05,0x98,0x05,0x98,0x05,0xb8,0x05,0xb9,0x05,0xb8,0x05,
  0x37,0x05,0x78,0x05,0xd9,0x05,0xb8,0x05,0x57,0x05,0x57,0x05,0x98,0x05,0x98,0x05,0x57,0x05,0x36,0x05,0x78,0x05,0x98,0x05,
  0x98,0x05,0x77,0x05,0x57,0x05,0x77,0x05,0x36,0x05,0x77,0x05,0xf5,0x04,0xe8,0x01,0x00,0x00,0x00,0x00,0x00,0x00,0x00,0x00,
  0x00,0x00,0x00,0x00,0x00,0x00,0x00,0x00,0x00,0x00,0x00,0x00,0x00,0x00,0x00,0x00,0x00,0x00,0x00,0x00,0x00,0x00,0x00,0x00,
  0x00,0x00,0x00,0x00,0x00,0x00,0x00,0x00,0x00,0x00,0x00,0x00,0x00,0x00,0x00,0x00,0x00,0x00,0x00,0x00,0x00,0x00,0x00,0x00,
  0x00,0x00,0x00,0x00,0x00,0x00,0x00,0x00,0x00,0x00,0x00,0x00,0x00,0x00,0x00,0x00,0x00,0x00,0x00,0x00,0x00,0x00,0x00,0x00,
  0x00,0x00,0x00,0x00,0x00,0x00,0x00,0x00,0x00,0x00,0x00,0x00,0x00,0x00,0x20,0x00,0x00,0x00,0x00,0x00,0x00,0x00,0x00,0x00,
  0x4e,0x03,0x98,0x05,0x16,0x05,0x37,0x05,0x16,0x05,0x36,0x05,0x36,0x05,0x36,0x05,0x36,0x05,0x36,0x05,0x36,0x05,0x36,0x05,
  0x36,0x05,0x36,0x05,0x36,0x05,0x36,0x05,0x36,0x05,0x36,0x05,0x36,0x05,0x36,0x05,0x36,0x05,0x36,0x05,0x36,0x05,0x57,0x05,
  0x57,0x05,0x36,0x05,0x36,0x05,0x57,0x05,0xb8,0x05,0x08,0x02,0x00,0x00,0x00,0x00,0x00,0x00,0x00,0x00,0x00,0x00,0x00,0x00,
  0x00,0x00,0x00,0x00,0x00,0x00,0x00,0x00,0x00,0x00,0x00,0x00,0x00,0x00,0x00,0x00,0x00,0x08,0x02,0x18,0x02,0x18,0x02,0x18,
  0x02,0x20,0x01,0x08,0x00,0x00,0x00,0x00,0x00,0x00,0x00,0x00,0x00,0x00,0x00,0x00,0x00,0x00,0x00,0x00,0x00,0x00,0x00,0x00,
  0x00,0x00,0x00,0x00,0x00,0x00,0x01,0x10,0x28,0x58,0x72,0xd0,0x95,0xf0,0x94,0xe8,0x94,0xe8,0x94,0xf0,0x94,0xf0,0x94,0xe8,
  0x94,0xe8,0x94,0xe8,0x94,0xf0,0x94,0xe8,0x94,0xe8,0x94,0xf0,0x94,0xf0,0x94,0xf0,0x94,0xe8,0x94,0xe8,0x94,0xe8,0x94,0xe8,
  0x6f,0xb0,0x02,0x20,0x00,0x00,0x00,0x00,0x00,0x00,0x00,0x00,0x00,0x00,0x25,0x40,0x94,0xe8,0x95,0xf0,0x94,0xe8,0x94,0xf0,
  0x94,0xe8,0x94,0xe8,0x94,0xe8,0x94,0xf0,0x94,0xe8,0x94,0xe8,0x94,0xe8,0x94,0xe8,0x94,0xf0,0x95,0xf8,0x70,0xc0,0x01,0x10,
  0x20,0x00,0x94,0x04,0x7c,0x06,0x3b,0x06,0x5b,0x06,0x3b,0x06,0x3b,0x06,0x3b,0x06,0xfa,0x05,0xfa,0x05,0xf9,0x05,0xfa,0x05,
  0xfa,0x05,0xf9,0x05,0xf9,0x05,0xd9,0x05,0xd9,0x05,0xd9,0x05,0xb9,0x05,0xb8,0x05,0x57,0x05,0x78,0x05,0x98,0x05,0x77,0x05,
  0x57,0x05,0x98,0x05,0x98,0x05,0x98,0x05,0x98,0x05,0x78,0x05,0x78,0x05,0x78,0x05,0x57,0x05,0x36,0x05,0x57,0x05,0x77,0x05,
  0x78,0x05,0xd9,0x05,0x77,0x05,0x08,0x02,0x00,0x00,0x00,0x00,0x00,0x00,0x00,0x00,0x00,0x00,0x00,0x00,0x00,0x00,0x00,0x00,
  0x00,0x00,0x00,0x00,0x00,0x00,0x00,0x00,0x00,0x00,0x00,0x00,0x00,0x00,0x00,0x00,0x00,0x00,0x00,0x00,0x00,0x00,0x00,0x00,
  0x00,0x00,0x00,0x00,0x00,0x00,0x00,0x00,0x00,0x00,0x00,0x00,0x00,0x00,0x00,0x00,0x00,0x00,0x00,0x00,0x00,0x00,0x00,0x00,
  0x00,0x00,0x00,0x00,0x00,0x00,0x00,0x00,0x00,0x00,0x00,0x00,0x00,0x00,0x00,0x00,0x00,0x00,0x00,0x00,0x00,0x00,0x00,0x00,
  0x00,0x00,0x00,0x00,0x00,0x00,0x00,0x00,0x00,0x00,0x00,0x00,0x00,0x00,0x00,0x00,0x00,0x00,0x6f,0x03,0x98,0x05,0x36,0x05,
  0x36,0x05,0x36,0x05,0x57,0x05,0x36,0x05,0x37,0x05,0x57,0x05,0x37,0x05,0x37,0x05,0x36,0x05,0x36,0x05,0x37,0x05,0x37,0x05,
  0x37,0x05,0x37,0x05,0x37,0x05,0x57,0x05,0x57,0x05,0x36,0x05,0x37,0x05,0x57,0x05,0x57,0x05,0x57,0x05,0x57,0x05,0xf5,0x04,
  0x57,0x05,0x78,0x05,0xa7,0x01,0x00,0x00,0x00,0x00,0x00,0x00,0x00,0x00,0x00,0x00,0x00,0x00,0x00,0x00,0x00,0x00,0x00,0x00,
  0x00,0x00,0x00,0x00,0x00,0x00,0x00,0x00,0x00,0x00,0x00,0x00,0x00,0x00,0x00,0x00,0x00,0x00,0x00,0x00,0x00,0x00,0x00,0x00,
  0x00,0x00,0x00,0x00,0x00,0x00,0x00,0x00,0x00,0x00,0x00,0x00,0x00,0x00,0x00,0x00,0x00,0x00,0x00,0x00,0x00,0x00,0x00,0x00,
  0x00,0x00,0x26,0x48,0x71,0xc8,0x95,0xf0,0x94,0xf0,0x94,0xf0,0x94,0xf0,0x94,0xe8,0x94,0xe8,0x94,0xe8,0x94,0xe8,0x94,0xe8,
  0x94,0xe8,0x94,0xe8,0x94,0xf0,0x95,0xf0,0x94,0xe8,0x94,0xe8,0x94,0xf0,0x94,0xf0,0x94,0xe8,0x4a,0x78,0x01,0x08,0x00,0x00,
  0x00,0x00,0x00,0x00,0x00,0x00,0x25,0x40,0x94,0xe8,0x95,0xf0,0x94,0xf0,0x94,0xf0,0x94,0xe8,0x94,0xe8,0x94,0xe8,0x94,0xf0,
  0x94,0xe8,0x94,0xe8,0x94,0xe8,0x94,0xe8,0x94,0xf0,0x95,0xf8,0x71,0xc0,0x03,0x28,0x00,0x00,0xa7,0x01,0x29,0x02,0x86,0x01,
  0x49,0x02,0x4a,0x02,0x4a,0x02,0x4a,0x02,0x4a,0x02,0x29,0x02,0x49,0x02,0xa7,0x01,0x66,0x01,0x86,0x01,0x66,0x01,0x66,0x01,
  0x66,0x01,0x66,0x01,0x29,0x02,0x29,0x02,0x0d,0x03,0x98,0x05,0x1a,0x06,0xd9,0x05,0xfa,0x05,0xb8,0x05,0x77,0x05,0x78,0x05,
  0x77,0x05,0x98,0x05,0x77,0x05,0x57,0x05,0x37,0x05,0x36,0x05,0x36,0x05,0x16,0x05,0xb4,0x04,0xd5,0x04,0xb4,0x04,0x25,0x01,
  0x00,0x00,0x00,0x00,0x00,0x00,0x00,0x00,0x00,0x00,0x00,0x00,0x00,0x00,0x00,0x00,0x00,0x00,0x00,0x00,0x00,0x00,0x00,0x00,
  0x00,0x00,0x00,0x00,0x00,0x00,0x00,0x00,0x00,0x00,0x00,0x00,0x00,0x00,0x00,0x00,0x00,0x00,0x00,0x00,0x00,0x00,0x00,0x00,
  0x00,0x00,0x00,0x00,0x00,0x00,0x00,0x00,0x00,0x00,0x00,0x00,0x00,0x00,0x00,0x00,0x00,0x00,0x00,0x00,0x00,0x00,0x00,0x00,
  0x00,0x00,0x00,0x00,0x00,0x00,0x00,0x00,0x00,0x00,0x00,0x00,0x00,0x00,0x00,0x00,0x00,0x00,0x00,0x00,0x00,0x00,0x82,0x00,
  0x20,0x00,0x00,0x00,0x00,0x00,0x00,0x00,0x00,0x00,0x00,0x00,0xa7,0x01,0xc8,0x01,0xe8,0x01,0xe8,0x01,0xe8,0x01,0xc8,0x01,
  0xe8,0x01,0xc8,0x01,0xc8,0x01,0xc8,0x01,0xc8,0x01,0xc8,0x01,0xc8,0x01,0xc8,0x01,0xc8,0x01,0xc8,0x01,0xc8,0x01,0xc8,0x01,
  0xc8,0x01,0xc8,0x01,0xe8,0x01,0xe8,0x01,0xe8,0x01,0xc8,0x01,0xcc,0x02,0x78,0x05,0xf5,0x04,0x98,0x05,0x36,0x05,0x24,0x01,
  0x00,0x00,0x00,0x00,0x00,0x00,0x00,0x00,0x00,0x00,0x00,0x00,0x00,0x00,0x00,0x00,0x00,0x00,0x00,0x00,0x00,0x00,0x00,0x00,
  0x00,0x00,0x00,0x00,0x00,0x00,0x00,0x00,0x00,0x00,0x00,0x00,0x00,0x00,0x00,0x00,0x00,0x00,0x00,0x00,0x00,0x00,0x00,0x00,
  0x00,0x00,0x00,0x00,0x00,0x00,0x00,0x00,0x00,0x00,0x00,0x00,0x00,0x00,0x00,0x00,0x00,0x00,0x00,0x00,0x26,0x48,0x72,0xd8,
  0x94,0xe8,0x94,0xf0,0x94,0xe8,0x94,0xe8,0x94,0xe8,0x94,0xe8,0x94,0xe8,0x94,0xe8,0x94,0xf0,0x94,0xe8,0x94,0xf0,0x95,0xf0,
  0x94,0xe8,0x94,0xe8,0x94,0xf0,0x95,0xf8,0x94,0xe8,0x71,0xc8,0x24,0x30,0x00,0x00,0x00,0x00,0x00,0x00,0x00,0x00,0x25,0x40,
  0x94,0xe8,0x95,0xf0,0x94,0xe8,0x94,0xf0,0x94,0xe8,0x94,0xe8,0x94,0xe8,0x94,0xf0,0x94,0xe8,0x94,0xe8,0x94,0xe8,0x94,0xe8,
  0x94,0xf0,0x95,0xf8,0x70,0xc0,0x03,0x28,0x00,0x00,0x00,0x00,0x00,0x00,0x00,0x00,0x00,0x00,0x00,0x00,0x00,0x00,0x00,0x00,
  0x00,0x00,0x00,0x00,0x00,0x00,0x00,0x00,0x00,0x00,0x00,0x00,0x00,0x00,0x00,0x00,0x00,0x00,0x00,0x00,0x00,0x00,0x00,0x00,
  0xe4,0x00,0x4e,0x03,0xb0,0x03,0x0d,0x03,0x73,0x04,0xd5,0x04,0x36,0x05,0x98,0x05,0x77,0x05,0x57,0x05,0x98,0x05,0x57,0x05,
  0x98,0x05,0x78,0x05,0xb9,0x05,0xf1,0x03,0x25,0x01,0x25,0x01,0x04,0x01,0x20,0x00,0x00,0x00,0x00,0x00,0x00,0x00,0x00,0x00,
  0x00,0x00,0x00,0x00,0x00,0x00,0x00,0x00,0x00,0x00,0x00,0x00,0x00,0x00,0x00,0x00,0x00,0x00,0x00,0x00,0x00,0x00,0x00,0x00,
  0x00,0x00,0x00,0x00,0x00,0x00,0x00,0x00,0x00,0x00,0x00,0x00,0x00,0x00,0x00,0x00,0x00,0x00,0x00,0x00,0x00,0x00,0x00,0x00,
  0x00,0x00,0x00,0x00,0x00,0x00,0x00,0x00,0x00,0x00,0x00,0x00,0x00,0x00,0x00,0x00,0x00,0x00,0x00,0x00,0x41,0x00,0x25,0x01,
  0x25,0x01,0x45,0x01,0x45,0x01,0x45,0x01,0x45,0x01,0x45,0x01,0xec,0x02,0xd5,0x04,0xb0,0x03,0x41,0x00,0x00,0x00,0x00,0x00,
  0x00,0x00,0x00,0x00,0x00,0x00,0x00,0x00,0x00,0x00,0x00,0x00,0x00,0x00,0x00,0x00,0x00,0x00,0x00,0x00,0x00,0x00,0x00,0x00,
  0x00,0x00,0x00,0x00,0x00,0x00,0x00,0x00,0x00,0x00,0x00,0x00,0x00,0x00,0x00,0x00,0x00,0x00,0x00,0x00,0x00,0x00,0x00,0x00,
  0x00,0x00,0x00,0x00,0x00,0x00,0x2d,0x03,0xb9,0x05,0xd5,0x04,0x77,0x05,0xd5,0x04,0x82,0x00,0x00,0x00,0x00,0x00,0x00,0x00,
  0x00,0x00,0x00,0x00,0x00,0x00,0x00,0x00,0x00,0x00,0x00,0x00,0x00,0x00,0x00,0x00,0x00,0x00,0x00,0x00,0x00,0x00,0x00,0x00,
  0x00,0x00,0x00,0x00,0x00,0x00,0x00,0x00,0x00,0x00,0x00,0x00,0x00,0x00,0x00,0x00,0x00,0x00,0x00,0x00,0x00,0x00,0x00,0x00,
  0x00,0x00,0x00,0x00,0x00,0x00,0x00,0x00,0x00,0x00,0x00,0x00,0x00,0x00,0x28,0x60,0x73,0xe0,0x94,0xf0,0x94,0xf0,0x94,0xe8,
  0x94,0xf0,0x95,0xf0,0x95,0xf0,0x95,0xf0,0x94,0xf0,0x94,0xe8,0x94,0xe8,0x94,0xe8,0x95,0xf0,0x94,0xf0,0x94,0xe8,0x95,0xf0,
  0x94,0xe8,0x93,0xe0,0x4b,0x78,0x00,0x00,0x00,0x00,0x00,0x00,0x00,0x00,0x25,0x40,0x94,0xe8,0x94,0xf0,0x94,0xe8,0x94,0xe8,
  0x94,0xe8,0x94,0xe8,0x94,0xe8,0x94,0xf0,0x94,0xe8,0x94,0xe8,0x94,0xe8,0x94,0xe8,0x94,0xe8,0x95,0xf8,0x70,0xc0,0x01,0x10,
  0x00,0x00,0x00,0x00,0x00,0x00,0x00,0x00,0x00,0x00,0x00,0x00,0x00,0x00,0x00,0x00,0x00,0x00,0x00,0x00,0x00,0x00,0x00,0x00,
  0x00,0x00,0x00,0x00,0x00,0x00,0x00,0x00,0x00,0x00,0x00,0x00,0x00,0x00,0x00,0x00,0x00,0x00,0x00,0x00,0x00,0x00,0x00,0x00,
  0x41,0x00,0xa2,0x00,0xac,0x02,0xb4,0x04,0x2e,0x03,0x0d,0x03,0x2d,0x03,0x2e,0x03,0x4e,0x03,0x8f,0x03,0x6f,0x03,0x29,0x02,
  0x00,0x00,0x00,0x00,0x00,0x00,0x00,0x00,0x00,0x00,0x00,0x00,0x00,0x00,0x00,0x00,0x61,0x00,0x86,0x01,0xe8,0x01,0xc7,0x01,
  0x25,0x01,0x20,0x00,0x00,0x00,0x00,0x00,0x00,0x00,0x00,0x00,0x00,0x00,0x00,0x00,0x00,0x00,0x00,0x00,0x00,0x00,0x00,0x00,
  0x00,0x00,0x00,0x00,0x00,0x00,0x00,0x00,0x00,0x00,0x00,0x00,0x00,0x00,0x00,0x00,0x00,0x00,0x00,0x00,0x00,0x00,0x00,0x00,
  0x00,0x00,0x00,0x00,0x00,0x00,0x00,0x00,0x00,0x00,0x00,0x00,0x2d,0x03,0x98,0x05,0xf5,0x04,0x36,0x05,0x36,0x05,0x16,0x05,
  0x36,0x05,0x16,0x05,0x57,0x05,0x37,0x05,0xb9,0x05,0x4a,0x02,0x00,0x00,0x00,0x00,0x00,0x00,0x00,0x00,0x00,0x00,0x00,0x00,
  0x00,0x00,0x00,0x00,0x00,0x00,0x00,0x00,0x00,0x00,0x00,0x00,0x00,0x00,0x00,0x00,0x00,0x00,0x00,0x00,0x00,0x00,0x00,0x00,
  0x00,0x00,0x00,0x00,0x00,0x00,0x00,0x00,0x00,0x00,0x00,0x00,0x00,0x00,0x00,0x00,0x00,0x00,0x00,0x00,0x00,0x00,0x00,0x00,
  0xb0,0x03,0x98,0x05,0xf5,0x04,0xd9,0x05,0x11,0x04,0x20,0x00,0x00,0x00,0x00,0x00,0x00,0x00,0x00,0x00,0x00,0x00,0x00,0x00,
  0x00,0x00,0x00,0x00,0x00,0x00,0x00,0x00,0x00,0x00,0x00,0x00,0x00,0x00,0x00,0x00,0x00,0x00,0x00,0x00,0x00,0x00,0x03,0x28,
  0x29,0x68,0x27,0x58,0x01,0x08,0x00,0x00,0x00,0x00,0x00,0x00,0x00,0x00,0x00,0x00,0x25,0x38,0x4a,0x70,0x29,0x68,0x02,0x18,
  0x00,0x00,0x00,0x00,0x00,0x00,0x02,0x10,0x4f,0xa8,0x94,0xe8,0x95,0xf0,0x94,0xf0,0x94,0xe8,0x94,0xe8,0x95,0xf0,0x94,0xf0,
  0x94,0xe8,0x94,0xe8,0x94,0xe8,0x93,0xe0,0x94,0xe8,0x94,0xf0,0x94,0xe8,0x94,0xe8,0x94,0xf0,0x94,0xf0,0x71,0xc0,0x03,0x28,
  0x00,0x00,0x00,0x00,0x00,0x00,0x26,0x40,0x94,0xe8,0x95,0xf0,0x94,0xe8,0x94,0xe8,0x94,0xe8,0x94,0xe8,0x94,0xf0,0x94,0xf0,
  0x94,0xf0,0x94,0xe8,0x94,0xe8,0x94,0xe8,0x94,0xe8,0x95,0xf8,0x70,0xc0,0x02,0x10,0x00,0x00,0x00,0x00,0x00,0x00,0x00,0x00,
  0x00,0x00,0x00,0x00,0x00,0x00,0x00,0x00,0x00,0x00,0x00,0x00,0x00,0x00,0x00,0x00,0x00,0x00,0x00,0x00,0x00,0x00,0x00,0x00,
  0x00,0x00,0x00,0x00,0x00,0x00,0x00,0x00,0x00,0x00,0x00,0x00,0x00,0x00,0x00,0x00,0x00,0x00,0x00,0x00,0x00,0x00,0x00,0x00,
  0x00,0x00,0x00,0x00,0x00,0x00,0x00,0x00,0x00,0x00,0x00,0x00,0x00,0x00,0x00,0x00,0x00,0x00,0x00,0x00,0x00,0x00,0x00,0x00,
  0x00,0x00,0x00,0x00,0x00,0x00,0xe8,0x01,0x93,0x04,0x36,0x05,0x57,0x05,0x36,0x05,0xd5,0x04,0x6e,0x03,0x04,0x01,0x00,0x00,
  0x00,0x00,0x00,0x00,0x00,0x00,0x00,0x00,0x00,0x00,0x00,0x00,0x00,0x00,0x00,0x00,0x00,0x00,0x00,0x00,0x00,0x00,0x00,0x00,
  0x00,0x00,0x00,0x00,0x00,0x00,0x00,0x00,0x00,0x00,0x00,0x00,0x00,0x00,0x00,0x00,0x00,0x00,0x00,0x00,0x00,0x00,0x00,0x00,
  0x00,0x00,0x00,0x00,0x6f,0x03,0xb8,0x05,0x36,0x05,0x36,0x05,0x36,0x05,0x36,0x05,0x36,0x05,0x16,0x05,0x16,0x05,0x16,0x05,
  0x16,0x05,0x78,0x05,0x09,0x02,0x00,0x00,0x00,0x00,0x00,0x00,0x00,0x00,0x00,0x00,0x00,0x00,0x00,0x00,0x00,0x00,0x00,0x00,
  0x00,0x00,0x00,0x00,0x00,0x00,0x00,0x00,0x00,0x00,0x00,0x00,0x00,0x00,0x00,0x00,0x00,0x00,0x00,0x00,0x00,0x00,0x00,0x00,
  0x00,0x00,0x00,0x00,0x00,0x00,0x00,0x00,0x00,0x00,0x00,0x00,0x00,0x00,0x00,0x00,0x61,0x00,0xd5,0x04,0x98,0x05,0x16,0x05,
  0xb9,0x05,0x8f,0x03,0x00,0x00,0x00,0x00,0x00,0x00,0x00,0x00,0x00,0x00,0x00,0x00,0x00,0x00,0x00,0x00,0x00,0x00,0x00,0x00,
  0x00,0x00,0x00,0x00,0x00,0x00,0x00,0x00,0x00,0x00,0x00,0x00,0x05,0x38,0x6f,0xb0,0x93,0xe0,0x73,0xe0,0x4c,0x88,0x01,0x08,
  0x00,0x00,0x00,0x00,0x00,0x00,0x03,0x20,0x70,0xb8,0x94,0xe8,0x73,0xe0,0x4d,0xa0,0x02,0x18,0x00,0x00,0x00,0x00,0x00,0x00,
  0x28,0x60,0x73,0xd8,0x94,0xf0,0x94,0xe8,0x94,0xe8,0x94,0xe8,0x94,0xf0,0x94,0xf0,0x94,0xe8,0x94,0xf0,0x95,0xf0,0x94,0xf0,
  0x94,0xf0,0x94,0xe8,0x94,0xe8,0x94,0xe8,0x94,0xf0,0x94,0xf0,0x94,0xe8,0x4b,0x80,0x00,0x00,0x00,0x00,0x00,0x00,0x25,0x40,
  0x94,0xe0,0x95,0xf8,0x94,0xf0,0x94,0xe8,0x94,0xe8,0x94,0xe8,0x94,0xf0,0x94,0xf0,0x94,0xf0,0x94,0xe8,0x94,0xe8,0x94,0xe8,
  0x94,0xe8,0x95,0xf0,0x70,0xc0,0x03,0x28,0x00,0x00,0x00,0x00,0x00,0x00,0x00,0x00,0x00,0x00,0x00,0x00,0x00,0x00,0x00,0x00,
  0x00,0x00,0x00,0x00,0x00,0x00,0x00,0x00,0x00,0x00,0x00,0x00,0x00,0x00,0x00,0x00,0x00,0x00,0x00,0x00,0x00,0x00,0x00,0x00,
  0x00,0x00,0x00,0x00,0x00,0x00,0x00,0x00,0x00,0x00,0x20,0x00,0x00,0x00,0x00,0x00,0x00,0x00,0x00,0x00,0x00,0x00,0x00,0x00,
  0x00,0x00,0x00,0x00,0x00,0x00,0x00,0x00,0x00,0x00,0x00,0x00,0x00,0x00,0x00,0x00,0x00,0x00,0x00,0x00,0x08,0x02,0x57,0x05,
  0x16,0x05,0x36,0x05,0x98,0x05,0x57,0x05,0xd5,0x04,0x57,0x05,0xf1,0x03,0x61,0x00,0x00,0x00,0x00,0x00,0x00,0x00,0x00,0x00,
  0x00,0x00,0x00,0x00,0x00,0x00,0x00,0x00,0x00,0x00,0x00,0x00,0x00,0x00,0x00,0x00,0x00,0x00,0x00,0x00,0x00,0x00,0x00,0x00,
  0x00,0x00,0x00,0x00,0xa7,0x01,0xf1,0x03,0xd0,0x03,0xd0,0x03,0xf1,0x03,0xd0,0x03,0xd1,0x03,0xd0,0x03,0x93,0x04,0x37,0x05,
  0x16,0x05,0xf5,0x04,0xf5,0x04,0x16,0x05,0x16,0x05,0x16,0x05,0x16,0x05,0x16,0x05,0x16,0x05,0x37,0x05,0x57,0x05,0x6f,0x03,
  0x25,0x01,0x61,0x00,0x00,0x00,0x00,0x00,0x08,0x02,0xd5,0x04,0x2e,0x03,0x00,0x00,0x00,0x00,0x00,0x00,0x00,0x00,0x00,0x00,
  0x00,0x00,0x00,0x00,0x00,0x00,0x00,0x00,0x00,0x00,0x00,0x00,0x00,0x00,0x00,0x00,0x00,0x00,0x00,0x00,0x00,0x00,0x00,0x00,
  0x00,0x00,0x00,0x00,0x00,0x00,0x00,0x00,0x00,0x00,0x45,0x01,0x36,0x05,0x77,0x05,0xf5,0x04,0xb9,0x05,0x2d,0x03,0x00,0x00,
  0x00,0x00,0x00,0x00,0x00,0x00,0x00,0x00,0x00,0x00,0x00,0x00,0x00,0x00,0x00,0x00,0x00,0x00,0x00,0x00,0x00,0x00,0x00,0x00,
  0x00,0x00,0x00,0x00,0x4b,0x80,0x95,0xf0,0x94,0xe8,0x94,0xe8,0x72,0xd0,0x26,0x48,0x00,0x00,0x00,0x00,0x00,0x00,0x4a,0x78,
  0x94,0xe8,0x94,0xf0,0x95,0xf0,0x94,0xe8,0x26,0x48,0x00,0x00,0x00,0x00,0x00,0x00,0x01,0x10,0x70,0xb8,0x95,0xf0,0x94,0xe8,
  0x94,0xe8,0x94,0xe8,0x94,0xe8,0x94,0xe8,0x94,0xf0,0x95,0xf8,0x95,0xf8,0x95,0xf0,0x94,0xf0,0x94,0xe8,0x94,0xe8,0x94,0xe8,
  0x94,0xf0,0x94,0xf0,0x94,0xf0,0x71,0xc8,0x03,0x20,0x00,0x00,0x00,0x00,0x25,0x38,0x93,0xe0,0x95,0xf0,0x94,0xf0,0x94,0xf0,
  0x94,0xe8,0x94,0xe8,0x94,0xf0,0x94,0xf0,0x94,0xf0,0x94,0xe8,0x94,0xe8,0x94,0xe8,0x94,0xe8,0x95,0xf0,0x70,0xc0,0x02,0x18,
  0x00,0x00,0x00,0x00,0x00,0x00,0x00,0x00,0x00,0x00,0x00,0x00,0x00,0x00,0x00,0x00,0x00,0x00,0x00,0x00,0x00,0x00,0x00,0x00,
  0x00,0x00,0x00,0x00,0x00,0x00,0x00,0x00,0x00,0x00,0x00,0x00,0x00,0x00,0x00,0x00,0x00,0x00,0x00,0x00,0x00,0x00,0x00,0x00,
  0x00,0x00,0x00,0x00,0x00,0x00,0x00,0x00,0x00,0x00,0x00,0x00,0x00,0x00,0x00,0x00,0x00,0x00,0x00,0x00,0x00,0x00,0x00,0x00,
  0x00,0x00,0x00,0x00,0x00,0x00,0x00,0x00,0x00,0x00,0x45,0x01,0xb4,0x04,0x36,0x05,0xf5,0x04,0x16,0x05,0x94,0x04,0xb4,0x04,
  0x15,0x05,0x15,0x05,0x57,0x05,0xac,0x02,0x00,0x00,0x00,0x00,0x00,0x00,0x00,0x00,0x00,0x00,0x00,0x00,0x00,0x00,0x00,0x00,
  0x00,0x00,0x00,0x00,0x00,0x00,0x00,0x00,0x00,0x00,0x00,0x00,0x00,0x00,0x00,0x00,0x00,0x00,0x00,0x00,0x8f,0x03,0x3b,0x06,
  0xd9,0x05,0x1a,0x06,0xf9,0x05,0xf9,0x05,0xf9,0x05,0xd9,0x05,0x57,0x05,0x16,0x05,0xf5,0x04,0xf5,0x04,0x16,0x05,0x36,0x05,
  0x16,0x05,0x16,0x05,0x16,0x05,0x16,0x05,0x36,0x05,0x16,0x05,0x16,0x05,0x78,0x05,0x57,0x05,0x32,0x04,0x2e,0x03,0x8f,0x03,
  0xf5,0x04,0xb8,0x05,0xf5,0x04,0x8b,0x02,0xe8,0x01,0x66,0x01,0x24,0x01,0x61,0x00,0x00,0x00,0x00,0x00,0xa3,0x00,0x4e,0x03,
  0x25,0x01,0x00,0x00,0x00,0x00,0x00,0x00,0x00,0x00,0x00,0x00,0x00,0x00,0x00,0x00,0x00,0x00,0x00,0x00,0x00,0x00,0x00,0x00,
  0x00,0x00,0x00,0x00,0xe8,0x01,0x36,0x05,0x57,0x05,0x36,0x05,0x98,0x05,0xab,0x02,0x00,0x00,0x00,0x00,0x00,0x00,0x00,0x00,
  0x00,0x00,0x00,0x00,0x00,0x00,0x00,0x00,0x00,0x00,0x00,0x00,0x00,0x00,0x00,0x00,0x00,0x00,0x00,0x00,0x4a,0x78,0x95,0xf0,
  0x93,0xe0,0x94,0xe8,0x72,0xd0,0x26,0x48,0x00,0x00,0x00,0x00,0x00,0x00,0x4b,0x80,0x94,0xe8,0x94,0xe8,0x94,0xe8,0x93,0xe0,
  0x25,0x40,0x00,0x00,0x00,0x00,0x00,0x00,0x00,0x00,0x4d,0x98,0x95,0xf8,0x94,0xf0,0x94,0xe0,0x94,0xe8,0x94,0xe8,0x94,0xe8,
  0x95,0xf8,0x95,0xf8,0x94,0xf0,0x94,0xe8,0x94,0xe8,0x94,0xf0,0x94,0xe8,0x94,0xe8,0x94,0xe8,0x94,0xf0,0x94,0xf0,0x94,0xe8,
  0x28,0x60,0x00,0x00,0x00,0x00,0x25,0x38,0x93,0xe0,0x94,0xf0,0x94,0xe8,0x94,0xf0,0x94,0xe8,0x94,0xe8,0x94,0xf0,0x94,0xf0,
  0x94,0xf0,0x94,0xe8,0x94,0xe8,0x94,0xe8,0x94,0xe8,0x95,0xf0,0x70,0xb8,0x02,0x10,0x00,0x00,0xa7,0x01,0x0d,0x03,0x6a,0x02,
  0x6a,0x02,0x8b,0x02,0xcc,0x02,0x8b,0x02,0x6a,0x02,0x8b,0x02,0x8b,0x02,0x8b,0x02,0x8b,0x02,0x8b,0x02,0x8b,0x02,0x8b,0x02,
  0x8b,0x02,0x6a,0x02,0x6a,0x02,0x6a,0x02,0x6a,0x02,0x6a,0x02,0x6a,0x02,0x6a,0x02,0x6a,0x02,0x6a,0x02,0x6a,0x02,0x6a,0x02,
  0x6a,0x02,0x6a,0x02,0x6a,0x02,0x6a,0x02,0x6a,0x02,0x6a,0x02,0x6a,0x02,0x6a,0x02,0x6a,0x02,0x6a,0x02,0x6a,0x02,0x4a,0x02,
  0x6a,0x02,0x11,0x04,0x36,0x05,0xf5,0x04,0x16,0x05,0x8b,0x02,0xa3,0x00,0x86,0x01,0xf1,0x03,0x16,0x05,0x16,0x05,0x73,0x04,
  0x00,0x00,0x00,0x00,0x00,0x00,0x00,0x00,0x00,0x00,0x00,0x00,0x00,0x00,0x00,0x00,0x00,0x00,0x00,0x00,0x00,0x00,0x00,0x00,
  0x00,0x00,0x00,0x00,0x00,0x00,0x00,0x00,0x00,0x00,0x00,0x00,0x82,0x00,0xe8,0x01,0xe8,0x01,0xc7,0x01,0xc7,0x01,0xc7,0x01,
  0xc8,0x01,0xc7,0x01,0xd1,0x03,0x57,0x05,0xf5,0x04,0x16,0x05,0x16,0x05,0x36,0x05,0x37,0x05,0x16,0x05,0xf5,0x04,0x16,0x05,
  0x36,0x05,0x16,0x05,0x36,0x05,0x16,0x05,0x16,0x05,0x36,0x05,0x57,0x05,0x36,0x05,0x15,0x05,0x36,0x05,0x16,0x05,0x78,0x05,
  0x78,0x05,0x57,0x05,0x16,0x05,0xd4,0x04,0x52,0x04,0x11,0x04,0xd5,0x04,0x3b,0x06,0x0d,0x03,0x04,0x01,0x04,0x01,0xe4,0x00,
  0x04,0x01,0x04,0x01,0x04,0x01,0x04,0x01,0x04,0x01,0x04,0x01,0x25,0x01,0x25,0x01,0x25,0x01,0x04,0x01,0xe4,0x00,0x6f,0x03,
  0xb9,0x05,0x57,0x05,0x36,0x05,0x77,0x05,0x2e,0x03,0xab,0x02,0xcc,0x02,0xcc,0x02,0xcc,0x02,0xcc,0x02,0xec,0x02,0xed,0x02,
  0x82,0x00,0x00,0x00,0x00,0x00,0x00,0x00,0x00,0x00,0x00,0x00,0x25,0x38,0x71,0xc8,0x95,0xf0,0x94,0xe8,0x4d,0xa0,0x01,0x10,
  0x00,0x00,0x00,0x00,0x00,0x00,0x03,0x20,0x6f,0xb8,0x94,0xf0,0x94,0xe8,0x4d,0x98,0x01,0x10,0x00,0x00,0x00,0x00,0x00,0x00,
  0x00,0x00,0x4a,0x78,0x94,0xe8,0x94,0xf0,0x94,0xe8,0x94,0xf0,0x94,0xf0,0x94,0xe8,0x95,0xf0,0x94,0xf0,0x94,0xe8,0x94,0xe8,
  0x94,0xe8,0x94,0xf0,0x94,0xe8,0x94,0xe8,0x94,0xe8,0x94,0xf0,0x94,0xf0,0x95,0xf0,0x4f,0xb0,0x02,0x18,0x00,0x00,0x25,0x38,
  0x93,0xe8,0x95,0xf0,0x94,0xe8,0x94,0xe8,0x94,0xe8,0x94,0xe8,0x94,0xf0,0x94,0xf0,0x94,0xf0,0x94,0xe8,0x94,0xe8,0x94,0xe8,
  0x94,0xe8,0x95,0xf0,0x70,0xc0,0x02,0x18,0x20,0x00,0x53,0x04,0x5b,0x06,0xf9,0x05,0xd9,0x05,0xfa,0x05,0x1a,0x06,0x1a,0x06,
  0x1a,0x06,0xfa,0x05,0xfa,0x05,0xf9,0x05,0xf9,0x05,0xf9,0x05,0xd9,0x05,0xd9,0x05,0xd9,0x05,0xd9,0x05,0xd9,0x05,0xd9,0x05,
  0xb9,0x05,0xb9,0x05,0xb9,0x05,0xb9,0x05,0xb8,0x05,0xb9,0x05,0xb9,0x05,0xb8,0x05,0xb8,0x05,0xb8,0x05,0x98,0x05,0x98,0x05,
  0x98,0x05,0x98,0x05,0x98,0x05,0x98,0x05,0x98,0x05,0x98,0x05,0x78,0x05,0x78,0x05,0x78,0x05,0x37,0x05,0x36,0x05,0x57,0x05,
  0x2e,0x03,0x00,0x00,0x00,0x00,0x00,0x00,0x45,0x01,0xb4,0x04,0x77,0x05,0xb4,0x04,0xe4,0x00,0x00,0x00,0x00,0x00,0x00,0x00,
  0x00,0x00,0x00,0x00,0x00,0x00,0x00,0x00,0x00,0x00,0x00,0x00,0x00,0x00,0x00,0x00,0x00,0x00,0x00,0x00,0x00,0x00,0x00,0x00,
  0x00,0x00,0x00,0x00,0x00,0x00,0x00,0x00,0x00,0x00,0x00,0x00,0x00,0x00,0x00,0x00,0x00,0x00,0x00,0x00,0x4e,0x03,0x98,0x05,
  0x16,0x05,0x16,0x05,0x36,0x05,0x36,0x05,0x36,0x05,0x16,0x05,0xf5,0x04,0xf5,0x04,0x16,0x05,0x36,0x05,0x36,0x05,0x16,0x05,
  0x16,0x05,0x16,0x05,0x16,0x05,0xf5,0x04,0x16,0x05,0x36,0x05,0x36,0x05,0x16,0x05,0x37,0x05,0x36,0x05,0x37,0x05,0x57,0x05,
  0x77,0x05,0x78,0x05,0x57,0x05,0x16,0x05,0x16,0x05,0x36,0x05,0x16,0x05,0x16,0x05,0x16,0x05,0x16,0x05,0x16,0x05,0x16,0x05,
  0x16,0x05,0x16,0x05,0x36,0x05,0x57,0x05,0x36,0x05,0x36,0x05,0x16,0x05,0xf5,0x04,0x57,0x05,0x57,0x05,0x36,0x05,0x36,0x05,
  0x78,0x05,0x98,0x05,0xb8,0x05,0xb9,0x05,0xd9,0x05,0xd9,0x05,0xfa,0x05,0x1a,0x06,0xa7,0x01,0x00,0x00,0x00,0x00,0x00,0x00,
  0x00,0x00,0x00,0x00,0x00,0x00,0x25,0x38,0x29,0x68,0x28,0x60,0x03,0x28,0x00,0x00,0x00,0x00,0x00,0x00,0x00,0x00,0x00,0x00,
  0x03,0x20,0x29,0x68,0x28,0x60,0x02,0x18,0x00,0x00,0x00,0x00,0x00,0x00,0x00,0x00,0x00,0x00,0x29,0x68,0x73,0xd8,0x94,0xe8,
  0x94,0xe8,0x95,0xf0,0x95,0xf0,0x94,0xf0,0x94,0xe8,0x94,0xe8,0x94,0xe8,0x94,0xe8,0x94,0xf0,0x94,0xf0,0x94,0xf0,0x94,0xe8,
  0x94,0xe8,0x94,0xe8,0x94,0xf0,0x95,0xf0,0x72,0xd8,0x27,0x50,0x00,0x00,0x26,0x40,0x94,0xe8,0x95,0xf0,0x94,0xe8,0x94,0xf0,
  0x94,0xe8,0x94,0xe8,0x94,0xf0,0x94,0xf0,0x94,0xf0,0x94,0xe8,0x94,0xe8,0x94,0xe8,0x94,0xe8,0x95,0xf0,0x70,0xc0,0x02,0x18,
  0x20,0x00,0x94,0x04,0x9c,0x06,0x1a,0x06,0xfa,0x05,0x1a,0x06,0x5b,0x06,0x5b,0x06,0x7c,0x06,0x3b,0x06,0x1a,0x06,0x1a,0x06,
  0x1a,0x06,0x1a,0x06,0xfa,0x05,0xfa,0x05,0xfa,0x05,0xfa,0x05,0x1a,0x06,0x1a,0x06,0xfa,0x05,0xfa,0x05,0xfa,0x05,0xfa,0x05,
  0xfa,0x05,0xfa,0x05,0xfa,0x05,0xfa,0x05,0xf9,0x05,0xf9,0x05,0xd9,0x05,0xd9,0x05,0xd9,0x05,0xd9,0x05,0xd9,0x05,0xd9,0x05,
  0xb9,0x05,0xb9,0x05,0xb9,0x05,0xb9,0x05,0xb8,0x05,0x57,0x05,0x36,0x05,0x77,0x05,0x4e,0x03,0x20,0x00,0x00,0x00,0x00,0x00,
  0x45,0x01,0xd4,0x04,0x77,0x05,0xb4,0x04,0xe4,0x00,0x00,0x00,0x00,0x00,0x00,0x00,0x00,0x00,0x00,0x00,0x00,0x00,0x00,0x00,
  0x00,0x00,0x00,0x00,0x00,0x00,0x00,0x00,0x00,0x00,0x00,0x00,0x00,0x00,0x00,0x00,0x00,0x00,0x00,0x00,0x00,0x00,0x20,0x00,
  0x20,0x00,0x20,0x00,0x20,0x00,0x20,0x00,0x20,0x00,0x20,0x00,0x4e,0x03,0x98,0x05,0x16,0x05,0x16,0x05,0x16,0x05,0x16,0x05,
  0x16,0x05,0x16,0x05,0x16,0x05,0xf5,0x04,0x16,0x05,0x16,0x05,0x36,0x05,0x16,0x05,0x36,0x05,0x36,0x05,0x16,0x05,0x36,0x05,
  0x16,0x05,0x16,0x05,0x16,0x05,0x16,0x05,0x16,0x05,0x16,0x05,0x16,0x05,0x16,0x05,0x16,0x05,0x16,0x05,0xf5,0x04,0x16,0x05,
  0x37,0x05,0x36,0x05,0x57,0x05,0x57,0x05,0x57,0x05,0x77,0x05,0x77,0x05,0x78,0x05,0x98,0x05,0x98,0x05,0x98,0x05,0x78,0x05,
  0x78,0x05,0x98,0x05,0x98,0x05,0x98,0x05,0x98,0x05,0x98,0x05,0x98,0x05,0x78,0x05,0x78,0x05,0x98,0x05,0xb8,0x05,0xd9,0x05,
  0xd9,0x05,0xd9,0x05,0xfa,0x05,0x1a,0x06,0x86,0x01,0x00,0x00,0x00,0x00,0x00,0x00,0x02,0x20,0x02,0x18,0x00,0x00,0x00,0x00,
  0x00,0x00,0x00,0x00,0x00,0x00,0x00,0x00,0x00,0x00,0x00,0x00,0x00,0x00,0x00,0x00,0x00,0x00,0x00,0x00,0x00,0x00,0x00,0x00,
  0x00,0x00,0x02,0x18,0x02,0x18,0x00,0x00,0x00,0x00,0x28,0x60,0x72,0xd8,0x93,0xe0,0x73,0xe0,0x6f,0xb0,0x4c,0x88,0x4e,0xa0,
  0x72,0xd0,0x94,0xe8,0x94,0xe8,0x94,0xe8,0x94,0xf0,0x94,0xf0,0x94,0xf0,0x94,0xe8,0x94,0xe8,0x94,0xf0,0x94,0xe8,0x94,0xe8,
  0x94,0xf0,0x29,0x68,0x00,0x00,0x26,0x40,0x94,0xe8,0x95,0xf0,0x94,0xf0,0x94,0xe8,0x94,0xe8,0x94,0xe8,0x94,0xf0,0x94,0xf0,
  0x94,0xf0,0x94,0xe8,0x94,0xe8,0x94,0xe8,0x94,0xe8,0x95,0xf8,0x70,0xc0,0x02,0x18,0x20,0x00,0xed,0x02,0x73,0x04,0xf1,0x03,
  0xd1,0x03,0xd0,0x03,0xd1,0x03,0xd1,0x03,0x6f,0x03,0x4e,0x03,0xb0,0x03,0xb0,0x03,0xb0,0x03,0xb0,0x03,0xb0,0x03,0xb0,0x03,
  0xb0,0x03,0xb0,0x03,0x2e,0x03,0x2e,0x03,0x2e,0x03,0x2e,0x03,0x2e,0x03,0x2e,0x03,0x2e,0x03,0x2e,0x03,0x2d,0x03,0x2d,0x03,
  0x2d,0x03,0x2d,0x03,0x4e,0x03,0x4e,0x03,0x0d,0x03,0x0d,0x03,0x0d,0x03,0x0d,0x03,0x0d,0x03,0x0d,0x03,0x0d,0x03,0x0d,0x03,
  0x0d,0x03,0x32,0x04,0x16,0x05,0x77,0x05,0xf5,0x04,0x29,0x02,0x61,0x00,0xa3,0x00,0xb0,0x03,0x57,0x05,0x57,0x05,0x32,0x04,
  0x00,0x00,0x00,0x00,0x00,0x00,0x00,0x00,0x00,0x00,0x00,0x00,0x00,0x00,0x00,0x00,0x00,0x00,0x00,0x00,0x00,0x00,0x00,0x00,
  0x00,0x00,0x00,0x00,0x00,0x00,0x00,0x00,0x00,0x00,0x00,0x00,0x00,0x00,0x00,0x00,0x00,0x00,0x00,0x00,0x00,0x00,0x00,0x00,
  0x00,0x00,0x00,0x00,0x2d,0x03,0x98,0x05,0x16,0x05,0x16,0x05,0x16,0x05,0x16,0x05,0x16,0x05,0x16,0x05,0x16,0x05,0x36,0x05,
  0x16,0x05,0xf5,0x04,0x16,0x05,0x16,0x05,0x36,0x05,0x16,0x05,0x16,0x05,0xf5,0x04,0x16,0x05,0x36,0x05,0x16,0x05,0x16,0x05,
  0xf5,0x04,0x16,0x05,0xf5,0x04,0x36,0x05,0x36,0x05,0x36,0x05,0x36,0x05,0xf5,0x04,0x36,0x05,0x57,0x05,0x36,0x05,0x36,0x05,
  0x57,0x05,0x36,0x05,0x36,0x05,0x16,0x05,0x16,0x05,0xf5,0x04,0xd5,0x04,0xd5,0x04,0xd5,0x04,0xb4,0x04,0xb4,0x04,0xd4,0x04,
  0xd5,0x04,0xd5,0x04,0xd5,0x04,0xd5,0x04,0xd5,0x04,0xf5,0x04,0xf5,0x04,0xf5,0x04,0x15,0x05,0x15,0x05,0x37,0x05,0x98,0x05,
  0x66,0x01,0x00,0x00,0x00,0x00,0x02,0x18,0x6f,0xb8,0x2a,0x70,0x00,0x00,0x00,0x00,0x00,0x00,0x00,0x00,0x00,0x00,0x00,0x00,
  0x00,0x00,0x00,0x00,0x00,0x00,0x00,0x00,0x00,0x00,0x00,0x00,0x00,0x00,0x00,0x00,0x02,0x10,0x4d,0xa0,0x4b,0x80,0x00,0x00,
  0x00,0x00,0x29,0x68,0x73,0xe0,0x94,0xe8,0x4e,0xa0,0x02,0x20,0x00,0x00,0x01,0x10,0x29,0x70,0x73,0xd8,0x94,0xe8,0x94,0xe8,
  0x94,0xe8,0x94,0xf0,0x94,0xf0,0x94,0xe8,0x94,0xe8,0x94,0xe8,0x94,0xe8,0x93,0xe0,0x95,0xf0,0x4a,0x78,0x00,0x00,0x25,0x38,
  0x93,0xe0,0x94,0xf0,0x94,0xf0,0x94,0xf0,0x94,0xe8,0x94,0xe8,0x94,0xf0,0x94,0xf0,0x94,0xf0,0x94,0xf0,0x94,0xe8,0x94,0xe8,
  0x94,0xe8,0x95,0xf8,0x70,0xb8,0x01,0x10,0x00,0x00,0x00,0x00,0x40,0x00,0x00,0x00,0x00,0x00,0x00,0x00,0x00,0x00,0x00,0x00,
  0x00,0x00,0x00,0x00,0x00,0x00,0x00,0x00,0x00,0x00,0x00,0x00,0x00,0x00,0x00,0x00,0x00,0x00,0x00,0x00,0x00,0x00,0x00,0x00,
  0x00,0x00,0x00,0x00,0x00,0x00,0x00,0x00,0x00,0x00,0x00,0x00,0x00,0x00,0x00,0x00,0x00,0x00,0x00,0x00,0x00,0x00,0x00,0x00,
  0x00,0x00,0x00,0x00,0x00,0x00,0x00,0x00,0x00,0x00,0x00,0x00,0x00,0x00,0x00,0x00,0x00,0x00,0x66,0x01,0xd5,0x04,0x78,0x05,
  0x78,0x05,0xf5,0x04,0xd0,0x03,0x52,0x04,0x57,0x05,0x57,0x05,0x57,0x05,0xcc,0x02,0x00,0x00,0x00,0x00,0x00,0x00,0x00,0x00,
  0x00,0x00,0x00,0x00,0x00,0x00,0x00,0x00,0x00,0x00,0x00,0x00,0x00,0x00,0x00,0x00,0x00,0x00,0x00,0x00,0x00,0x00,0x00,0x00,
  0x00,0x00,0x00,0x00,0x20,0x00,0x04,0x01,0x04,0x01,0x04,0x01,0x04,0x01,0x25,0x01,0x25,0x01,0x25,0x01,0xf1,0x03,0x98,0x05,
  0x16,0x05,0x16,0x05,0x16,0x05,0x16,0x05,0x16,0x05,0x16,0x05,0x16,0x05,0x36,0x05,0x16,0x05,0x16,0x05,0x36,0x05,0xf5,0x04,
  0x57,0x05,0x98,0x05,0x98,0x05,0x98,0x05,0x37,0x05,0xd5,0x04,0x36,0x05,0x57,0x05,0x77,0x05,0x77,0x05,0x77,0x05,0x57,0x05,
  0x16,0x05,0x36,0x05,0x77,0x05,0xfa,0x05,0x4e,0x03,0x66,0x01,0x66,0x01,0x45,0x01,0x45,0x01,0x25,0x01,0x04,0x01,0xe4,0x00,
  0xe4,0x00,0xc3,0x00,0x20,0x00,0x20,0x00,0x20,0x00,0x20,0x00,0x20,0x00,0x20,0x00,0x20,0x00,0x20,0x00,0x20,0x00,0x20,0x00,
  0x20,0x00,0x20,0x00,0x20,0x00,0x20,0x00,0x20,0x00,0x20,0x00,0x61,0x00,0x04,0x01,0x00,0x00,0x00,0x00,0x00,0x00,0x00,0x00,
  0x4e,0xa0,0x28,0x60,0x00,0x00,0x00,0x00,0x00,0x00,0x00,0x00,0x00,0x00,0x00,0x00,0x00,0x00,0x00,0x00,0x00,0x00,0x00,0x00,
  0x00,0x00,0x00,0x00,0x00,0x00,0x00,0x00,0x00,0x00,0x4d,0xa0,0x28,0x60,0x00,0x00,0x01,0x08,0x4b,0x80,0x94,0xf0,0x94,0xe8,
  0x27,0x58,0x00,0x00,0x00,0x00,0x00,0x00,0x01,0x08,0x6f,0xb0,0x95,0xf8,0x94,0xe8,0x94,0xe8,0x94,0xe8,0x94,0xe8,0x94,0xf0,
  0x94,0xe8,0x94,0xe8,0x94,0xf0,0x94,0xe8,0x95,0xf8,0x4c,0x88,0x01,0x08,0x25,0x40,0x93,0xe0,0x95,0xf8,0x94,0xf0,0x94,0xf0,
  0x94,0xe8,0x94,0xe8,0x94,0xf0,0x94,0xf0,0x94,0xf0,0x94,0xf0,0x94,0xe8,0x94,0xe8,0x94,0xe8,0x95,0xf8,0x70,0xc0,0x05,0x38,
  0x02,0x18,0x02,0x18,0x02,0x18,0x01,0x10,0x01,0x10,0x02,0x18,0x02,0x18,0x01,0x10,0x21,0x08,0x00,0x00,0x00,0x00,0x00,0x00,
  0x00,0x00,0x00,0x00,0x00,0x00,0x00,0x00,0x00,0x00,0x00,0x00,0x00,0x00,0x00,0x00,0x00,0x00,0x00,0x00,0x00,0x00,0x00,0x00,
  0x00,0x00,0x00,0x00,0x00,0x00,0x00,0x00,0x00,0x00,0x00,0x00,0x00,0x00,0x00,0x00,0x00,0x00,0x00,0x00,0x00,0x00,0x00,0x00,
  0x00,0x00,0x00,0x00,0x00,0x00,0x00,0x00,0x00,0x00,0x00,0x00,0x8b,0x02,0x77,0x05,0x36,0x05,0x16,0x05,0x36,0x05,0x16,0x05,
  0xf5,0x04,0x57,0x05,0x11,0x04,0x82,0x00,0x00,0x00,0x00,0x00,0x00,0x00,0x00,0x00,0x00,0x00,0x00,0x00,0x00,0x00,0x00,0x00,
  0x00,0x00,0x00,0x00,0x00,0x00,0x00,0x00,0x00,0x00,0x00,0x00,0x00,0x00,0x00,0x00,0x00,0x00,0x00,0x00,0xec,0x02,0xf9,0x05,
  0x78,0x05,0xb8,0x05,0x98,0x05,0x98,0x05,0xb8,0x05,0x98,0x05,0x36,0x05,0x16,0x05,0x16,0x05,0x16,0x05,0x16,0x05,0x16,0x05,
  0x16,0x05,0x36,0x05,0x36,0x05,0x16,0x05,0x16,0x05,0x15,0x05,0x16,0x05,0x98,0x05,0x94,0x04,0xd0,0x03,0x0d,0x03,0xaf,0x03,
  0xf5,0x04,0xd9,0x05,0xf5,0x04,0x6a,0x02,0x66,0x01,0x45,0x01,0x25,0x01,0x24,0x01,0xe4,0x00,0xe4,0x00,0x86,0x01,0xd0,0x03,
  0x66,0x01,0x00,0x00,0x00,0x00,0x00,0x00,0x00,0x00,0x00,0x00,0x00,0x00,0x00,0x00,0x00,0x00,0x00,0x00,0x00,0x00,0x00,0x00,
  0x00,0x00,0x00,0x00,0x00,0x00,0x00,0x00,0x00,0x00,0x00,0x00,0x00,0x00,0x00,0x00,0x00,0x00,0x00,0x00,0x00,0x00,0x00,0x00,
  0x00,0x00,0x00,0x00,0x00,0x00,0x00,0x00,0x00,0x00,0x00,0x00,0x00,0x00,0x00,0x00,0x4b,0x80,0x4a,0x78,0x01,0x08,0x00,0x00,
  0x00,0x00,0x00,0x00,0x00,0x00,0x00,0x00,0x00,0x00,0x00,0x00,0x00,0x00,0x00,0x00,0x00,0x00,0x00,0x00,0x00,0x00,0x00,0x00,
  0x03,0x28,0x4d,0x98,0x25,0x40,0x00,0x00,0x00,0x00,0x4c,0x88,0x95,0xf8,0x73,0xe0,0x03,0x28,0x00,0x00,0x00,0x00,0x00,0x00,
  0x01,0x10,0x70,0xb8,0x96,0xf8,0x94,0xe8,0x94,0xf0,0x94,0xe8,0x94,0xf0,0x94,0xf0,0x94,0xe8,0x94,0xe8,0x94,0xe8,0x94,0xe8,
  0x95,0xf0,0x71,0xc8,0x4d,0x98,0x6f,0xb0,0x93,0xe0,0x94,0xf0,0x94,0xe8,0x94,0xe8,0x94,0xe8,0x94,0xe8,0x94,0xf0,0x94,0xf0,
  0x94,0xf0,0x94,0xf0,0x94,0xe8,0x94,0xe8,0x94,0xf0,0x94,0xf0,0x94,0xe0,0x71,0xc0,0x70,0xc0,0x71,0xc0,0x71,0xc0,0x70,0xb8,
  0x70,0xb8,0x70,0xc0,0x71,0xc0,0x70,0xb8,0x4d,0x98,0x02,0x18,0x00,0x00,0x00,0x00,0x00,0x00,0x00,0x00,0x00,0x00,0x00,0x00,
  0x00,0x00,0x00,0x00,0x00,0x00,0x00,0x00,0x00,0x00,0x00,0x00,0x00,0x00,0x00,0x00,0x00,0x00,0x00,0x00,0x00,0x00,0x00,0x00,
  0x00,0x00,0x00,0x00,0x00,0x00,0x00,0x00,0x00,0x00,0x00,0x00,0x00,0x00,0x00,0x00,0x00,0x00,0x00,0x00,0x00,0x00,0x00,0x00,
  0x00,0x00,0x00,0x00,0x00,0x00,0x6a,0x02,0x73,0x04,0x37,0x05,0x77,0x05,0x36,0x05,0x94,0x04,0x4e,0x03,0x45,0x01,0x00,0x00,
  0x00,0x00,0x00,0x00,0x00,0x00,0x00,0x00,0x00,0x00,0x00,0x00,0x00,0x00,0x00,0x00,0x00,0x00,0x00,0x00,0x00,0x00,0x00,0x00,
  0x00,0x00,0x00,0x00,0x00,0x00,0x00,0x00,0x00,0x00,0x00,0x00,0xe8,0x01,0xf1,0x03,0xf1,0x03,0x6f,0x03,0xd0,0x03,0xd0,0x03,
  0x2e,0x03,0x4e,0x03,0x94,0x04,0x36,0x05,0x16,0x05,0x16,0x05,0xf5,0x04,0x16,0x05,0x36,0x05,0x36,0x05,0x16,0x05,0x16,0x05,
  0x16,0x05,0x16,0x05,0x57,0x05,0x0d,0x03,0xa2,0x00,0x00,0x00,0x00,0x00,0x00,0x00,0x45,0x01,0x93,0x04,0x4e,0x03,0x00,0x00,
  0x00,0x00,0x00,0x00,0x00,0x00,0x00,0x00,0x00,0x00,0x00,0x00,0x00,0x00,0x00,0x00,0x00,0x00,0x00,0x00,0x00,0x00,0x00,0x00,
  0x00,0x00,0x00,0x00,0x00,0x00,0x00,0x00,0x00,0x00,0x00,0x00,0x00,0x00,0x00,0x00,0x00,0x00,0x00,0x00,0x00,0x00,0x00,0x00,
  0x00,0x00,0x00,0x00,0x00,0x00,0x00,0x00,0x00,0x00,0x00,0x00,0x00,0x00,0x00,0x00,0x00,0x00,0x00,0x00,0x00,0x00,0x00,0x00,
  0x00,0x00,0x00,0x00,0x00,0x00,0x00,0x00,0x25,0x40,0x4e,0xa8,0x04,0x38,0x00,0x00,0x00,0x00,0x00,0x00,0x00,0x00,0x00,0x00,
  0x00,0x00,0x00,0x00,0x00,0x00,0x00,0x00,0x00,0x00,0x00,0x00,0x00,0x00,0x00,0x00,0x29,0x68,0x4c,0x90,0x02,0x18,0x00,0x00,
  0x01,0x10,0x6f,0xa8,0x95,0xf8,0x6e,0xa8,0x01,0x10,0x00,0x00,0x00,0x00,0x00,0x00,0x02,0x18,0x4e,0xa8,0x94,0xe8,0x94,0xe8,
  0x94,0xe8,0x94,0xf0,0x94,0xf0,0x94,0xe8,0x94,0xe8,0x94,0xe8,0x94,0xe8,0x94,0xe8,0x94,0xe8,0x95,0xf0,0x95,0xf8,0x95,0xf0,
  0x94,0xe8,0x94,0xe8,0x94,0xe8,0x94,0xe8,0x94,0xe8,0x94,0xe8,0x94,0xf0,0x94,0xf0,0x94,0xf0,0x94,0xf0,0x94,0xe8,0x94,0xe8,
  0x94,0xf0,0x94,0xe8,0x95,0xf0,0x95,0xf8,0x95,0xf0,0x95,0xf8,0x95,0xf8,0x95,0xf0,0x95,0xf8,0x95,0xf8,0x95,0xf8,0x95,0xf0,
  0x72,0xd0,0x26,0x40,0x00,0x00,0x00,0x00,0x00,0x00,0x00,0x00,0x00,0x00,0x00,0x00,0x00,0x00,0x00,0x00,0x00,0x00,0x00,0x00,
  0x00,0x00,0x00,0x00,0x00,0x00,0x00,0x00,0x00,0x00,0x00,0x00,0x00,0x00,0x00,0x00,0x00,0x00,0x00,0x00,0x00,0x00,0x00,0x00,
  0x00,0x00,0x00,0x00,0x00,0x00,0x00,0x00,0x00,0x00,0x00,0x00,0x00,0x00,0x00,0x00,0x00,0x00,0x00,0x00,0x00,0x00,0x00,0x00,
  0x24,0x01,0x49,0x02,0x8b,0x02,0x6a,0x02,0x86,0x01,0x20,0x00,0x00,0x00,0x00,0x00,0x00,0x00,0x00,0x00,0x00,0x00,0x00,0x00,
  0x00,0x00,0x00,0x00,0x00,0x00,0x00,0x00,0x00,0x00,0x00,0x00,0x00,0x00,0x00,0x00,0x00,0x00,0x00,0x00,0x00,0x00,0x00,0x00,
  0x00,0x00,0x00,0x00,0x00,0x00,0x00,0x00,0x20,0x00,0x00,0x00,0x00,0x00,0x00,0x00,0x00,0x00,0x00,0x00,0xd0,0x03,0xb9,0x05,
  0x16,0x05,0x16,0x05,0x36,0x05,0x37,0x05,0x57,0x05,0x57,0x05,0x16,0x05,0x16,0x05,0x16,0x05,0x57,0x05,0x09,0x02,0x00,0x00,
  0x00,0x00,0x00,0x00,0x00,0x00,0x00,0x00,0x00,0x00,0x20,0x00,0x20,0x00,0x00,0x00,0x00,0x00,0x00,0x00,0x00,0x00,0x00,0x00,
  0x00,0x00,0x00,0x00,0x00,0x00,0x00,0x00,0x00,0x00,0x00,0x00,0x00,0x00,0x00,0x00,0x00,0x00,0x00,0x00,0x00,0x00,0x00,0x00,
  0x00,0x00,0x00,0x00,0x00,0x00,0x00,0x00,0x00,0x00,0x00,0x00,0x00,0x00,0x00,0x00,0x00,0x00,0x00,0x00,0x00,0x00,0x00,0x00,
  0x00,0x00,0x00,0x00,0x00,0x00,0x00,0x00,0x00,0x00,0x00,0x00,0x00,0x00,0x00,0x00,0x00,0x00,0x00,0x00,0x00,0x00,0x00,0x00,
  0x00,0x00,0x4c,0x88,0x4c,0x90,0x00,0x00,0x00,0x00,0x00,0x00,0x00,0x00,0x00,0x00,0x00,0x00,0x00,0x00,0x00,0x00,0x00,0x00,
  0x00,0x00,0x00,0x00,0x00,0x00,0x02,0x18,0x6f,0xb0,0x27,0x50,0x00,0x00,0x00,0x00,0x27,0x58,0x72,0xd0,0x6f,0xa8,0x03,0x28,
  0x00,0x00,0x00,0x00,0x00,0x00,0x00,0x00,0x00,0x00,0x03,0x20,0x29,0x70,0x72,0xd0,0x94,0xe8,0x94,0xf0,0x94,0xe8,0x94,0xe8,
  0x95,0xf0,0x95,0xf0,0x94,0xe8,0x94,0xe8,0x94,0xe8,0x94,0xe8,0x94,0xe8,0x94,0xe8,0x94,0xe8,0x94,0xe8,0x94,0xe8,0x94,0xe8,
  0x94,0xe8,0x94,0xe8,0x94,0xe8,0x94,0xe8,0x94,0xe8,0x94,0xe8,0x94,0xe8,0x94,0xe8,0x94,0xe8,0x94,0xe8,0x94,0xe8,0x94,0xe8,
  0x94,0xe8,0x94,0xe8,0x94,0xe8,0x94,0xe8,0x94,0xe8,0x94,0xe8,0x94,0xe8,0x94,0xe8,0x71,0xc8,0x25,0x40,0x00,0x00,0x00,0x00,
  0x00,0x00,0x00,0x00,0x00,0x00,0x00,0x00,0x00,0x00,0x00,0x00,0x00,0x00,0x00,0x00,0x00,0x00,0x00,0x00,0x00,0x00,0x00,0x00,
  0x00,0x00,0x00,0x00,0x00,0x00,0x00,0x00,0x00,0x00,0x00,0x00,0x00,0x00,0x00,0x00,0x00,0x00,0x00,0x00,0x00,0x00,0x00,0x00,
  0x00,0x00,0x00,0x00,0x00,0x00,0x00,0x00,0x00,0x00,0x00,0x00,0x00,0x00,0x00,0x00,0x00,0x00,0x00,0x00,0x00,0x00,0x00,0x00,
  0x00,0x00,0x00,0x00,0x00,0x00,0x00,0x00,0x00,0x00,0x00,0x00,0x00,0x00,0x00,0x00,0x00,0x00,0x00,0x00,0x00,0x00,0x00,0x00,
  0x00,0x00,0x00,0x00,0x00,0x00,0x00,0x00,0x00,0x00,0x00,0x00,0x00,0x00,0x00,0x00,0x00,0x00,0x00,0x00,0x00,0x00,0x00,0x00,
  0x00,0x00,0x00,0x00,0x00,0x00,0x00,0x00,0x00,0x00,0x00,0x00,0xcc,0x02,0xf5,0x04,0x73,0x04,0x93,0x04,0x94,0x04,0x94,0x04,
  0x94,0x04,0x93,0x04,0x16,0x05,0x57,0x05,0x1a,0x06,0xec,0x02,0x00,0x00,0x00,0x00,0x00,0x00,0x00,0x00,0x00,0x00,0x00,0x00,
  0x00,0x00,0x00,0x00,0x00,0x00,0x00,0x00,0x00,0x00,0x00,0x00,0x00,0x00,0x00,0x00,0x00,0x00,0x00,0x00,0x00,0x00,0x00,0x00,
  0x00,0x00,0x00,0x00,0x00,0x00,0x00,0x00,0x00,0x00,0x00,0x00,0x00,0x00,0x00,0x00,0x00,0x00,0x00,0x00,0x00,0x00,0x00,0x00,
  0x00,0x00,0x00,0x00,0x00,0x00,0x00,0x00,0x00,0x00,0x00,0x00,0x00,0x00,0x00,0x00,0x00,0x00,0x00,0x00,0x00,0x00,0x00,0x00,
  0x00,0x00,0x00,0x00,0x00,0x00,0x00,0x00,0x00,0x00,0x00,0x00,0x00,0x00,0x00,0x00,0x00,0x00,0x24,0x38,0x6f,0xa8,0x28,0x60,
  0x00,0x00,0x00,0x00,0x00,0x00,0x00,0x00,0x00,0x00,0x00,0x00,0x00,0x00,0x00,0x00,0x00,0x00,0x00,0x00,0x01,0x10,0x4b,0x88,
  0x4c,0x88,0x01,0x10,0x00,0x00,0x01,0x10,0x4c,0x88,0x29,0x68,0x01,0x10,0x00,0x00,0x00,0x00,0x00,0x00,0x00,0x00,0x00,0x00,
  0x00,0x00,0x00,0x00,0x00,0x00,0x28,0x60,0x94,0xe8,0x95,0xf0,0x94,0xf0,0x94,0xe8,0x94,0xf0,0x94,0xf0,0x94,0xe8,0x94,0xe8,
  0x94,0xe8,0x94,0xe8,0x94,0xe8,0x94,0xe8,0x94,0xe8,0x94,0xe8,0x94,0xe8,0x94,0xe8,0x94,0xe8,0x94,0xe8,0x94,0xe8,0x94,0xe8,
  0x94,0xe8,0x94,0xe8,0x94,0xe8,0x94,0xe8,0x94,0xe8,0x94,0xe8,0x94,0xe8,0x94,0xe8,0x94,0xf0,0x94,0xe8,0x94,0xe8,0x94,0xf0,
  0x94,0xe8,0x94,0xe8,0x94,0xe8,0x94,0xe8,0x72,0xd0,0x04,0x30,0x00,0x00,0x00,0x00,0x00,0x00,0x00,0x00,0x00,0x00,0x00,0x00,
  0x00,0x00,0x00,0x00,0x00,0x00,0x00,0x00,0x00,0x00,0x00,0x00,0x00,0x00,0x00,0x00,0x00,0x00,0x00,0x00,0x00,0x00,0x00,0x00,
  0x00,0x00,0x00,0x00,0x00,0x00,0x00,0x00,0x00,0x00,0x00,0x00,0x00,0x00,0x00,0x00,0x00,0x00,0x00,0x00,0x00,0x00,0x00,0x00,
  0x00,0x00,0x00,0x00,0x00,0x00,0x00,0x00,0x00,0x00,0x00,0x00,0x00,0x00,0x00,0x00,0x00,0x00,0x00,0x00,0x00,0x00,0x00,0x00,
  0x00,0x00,0x00,0x00,0x00,0x00,0x00,0x00,0x00,0x00,0x00,0x00,0x00,0x00,0x00,0x00,0x00,0x00,0x00,0x00,0x00,0x00,0x00,0x00,
  0x00,0x00,0x00,0x00,0x00,0x00,0x00,0x00,0x00,0x00,0x00,0x00,0x00,0x00,0x00,0x00,0x00,0x00,0x00,0x00,0x00,0x00,0x00,0x00,
  0x00,0x00,0x00,0x00,0x00,0x00,0xa3,0x00,0x82,0x00,0x82,0x00,0x82,0x00,0xa2,0x00,0xa2,0x00,0x82,0x00,0x8b,0x02,0x94,0x04,
  0xd0,0x03,0x61,0x00,0x00,0x00,0x00,0x00,0x00,0x00,0x00,0x00,0x00,0x00,0x00,0x00,0x00,0x00,0x00,0x00,0x00,0x00,0x00,0x00,
  0x00,0x00,0x00,0x00,0x00,0x00,0x00,0x00,0x00,0x00,0x00,0x00,0x00,0x00,0x00,0x00,0x00,0x00,0x00,0x00,0x00,0x00,0x00,0x00,
  0x00,0x00,0x00,0x00,0x00,0x00,0x00,0x00,0x00,0x00,0x00,0x00,0x00,0x00,0x00,0x00,0x00,0x00,0x00,0x00,0x00,0x00,0x00,0x00,
  0x00,0x00,0x00,0x00,0x00,0x00,0x00,0x00,0x00,0x00,0x00,0x00,0x00,0x00,0x00,0x00,0x00,0x00,0x00,0x00,0x00,0x00,0x00,0x00,
  0x00,0x00,0x00,0x00,0x00,0x00,0x00,0x00,0x00,0x00,0x00,0x08,0x26,0x50,0x6e,0xa8,0x29,0x70,0x01,0x10,0x00,0x00,0x00,0x00,
  0x00,0x00,0x00,0x00,0x00,0x00,0x00,0x00,0x00,0x00,0x03,0x20,0x4d,0x98,0x4d,0x98,0x01,0x10,0x00,0x00,0x00,0x00,0x00,0x00,
  0x24,0x30,0x00,0x00,0x00,0x00,0x00,0x00,0x00,0x00,0x00,0x00,0x00,0x00,0x00,0x00,0x00,0x00,0x00,0x00,0x00,0x00,0x24,0x30,
  0x93,0xe0,0x95,0xf8,0x94,0xf0,0x94,0xe8,0x94,0xe8,0x94,0xe8,0x94,0xe8,0x94,0xe8,0x94,0xe8,0x94,0xe8,0x94,0xe8,0x94,0xe8,
  0x94,0xe8,0x94,0xe8,0x94,0xe8,0x94,0xe8,0x94,0xe8,0x94,0xe8,0x94,0xe8,0x94,0xe8,0x94,0xe8,0x94,0xe8,0x94,0xe8,0x94,0xe8,
  0x94,0xe8,0x94,0xe8,0x94,0xe8,0x94,0xe8,0x94,0xf0,0x94,0xe8,0x94,0xe8,0x94,0xf0,0x94,0xe8,0x94,0xe8,0x94,0xe8,0x94,0xe8,
  0x72,0xd0,0x26,0x48,0x00,0x00,0x00,0x00,0x00,0x00,0x00,0x00,0x00,0x00,0x00,0x00,0x00,0x00,0x00,0x00,0x00,0x00,0x00,0x00,
  0x00,0x00,0x00,0x00,0x00,0x00,0x00,0x00,0x00,0x00,0x00,0x00,0x00,0x00,0x00,0x00,0x00,0x00,0x00,0x00,0x00,0x00,0x00,0x00,
  0x00,0x00,0x00,0x00,0x00,0x00,0x00,0x00,0x00,0x00,0x00,0x00,0x00,0x00,0x00,0x00,0x00,0x00,0x00,0x00,0x00,0x00,0x00,0x00,
  0x00,0x00,0x00,0x00,0x00,0x00,0x00,0x00,0x00,0x00,0x00,0x00,0x00,0x00,0x00,0x00,0x00,0x00,0x00,0x00,0x00,0x00,0x00,0x00,
  0x00,0x00,0x00,0x00,0x00,0x00,0x00,0x00,0x00,0x00,0x00,0x00,0x00,0x00,0x00,0x00,0x00,0x00,0x00,0x00,0x00,0x00,0x00,0x00,
  0x00,0x00,0x00,0x00,0x00,0x00,0x00,0x00,0x00,0x00,0x00,0x00,0x00,0x00,0x00,0x00,0x00,0x00,0x00,0x00,0x00,0x00,0x00,0x00,
  0x00,0x00,0x00,0x00,0x00,0x00,0x00,0x00,0x00,0x00,0x00,0x00,0x00,0x00,0x00,0x00,0x00,0x00,0x00,0x00,0x00,0x00,0x00,0x00,
  0x00,0x00,0x62,0x00,0x6a,0x02,0x8b,0x02,0x4a,0x02,0x6a,0x02,0x6a,0x02,0x6a,0x02,0x6a,0x02,0x6a,0x02,0x4a,0x02,0x4a,0x02,
  0x4a,0x02,0x6a,0x02,0x6a,0x02,0x6a,0x02,0x6a,0x02,0x6a,0x02,0x6a,0x02,0x6a,0x02,0x6a,0x02,0xab,0x02,0xe3,0x00,0x00,0x00,
  0x26,0x40,0x49,0x70,0x49,0x70,0x4a,0x78,0x4b,0x80,0x4b,0x80,0x4a,0x78,0x4a,0x78,0x4a,0x78,0x4a,0x78,0x4a,0x78,0x4a,0x78,
  0x4a,0x78,0x4b,0x80,0x4b,0x80,0x4b,0x88,0x28,0x68,0x02,0x18,0x00,0x00,0x00,0x00,0x00,0x00,0x00,0x00,0x00,0x00,0x00,0x00,
  0x00,0x00,0x00,0x00,0x00,0x00,0x25,0x38,0x4e,0xa0,0x4c,0x90,0x27,0x50,0x03,0x28,0x01,0x10,0x01,0x10,0x02,0x20,0x26,0x48,
  0x28,0x60,0x4e,0xa0,0x4c,0x90,0x04,0x30,0x00,0x00,0x00,0x00,0x00,0x00,0x00,0x00,0x00,0x00,0x00,0x00,0x00,0x00,0x00,0x00,
  0x00,0x00,0x01,0x10,0x03,0x20,0x00,0x08,0x00,0x00,0x00,0x00,0x01,0x08,0x4a,0x78,0x94,0xe8,0x95,0xf8,0x95,0xf0,0x94,0xe8,
  0x94,0xe8,0x94,0xe8,0x94,0xe8,0x94,0xe8,0x94,0xe8,0x94,0xe8,0x94,0xe8,0x94,0xe8,0x94,0xe8,0x94,0xe8,0x94,0xe8,0x94,0xe8,
  0x94,0xe8,0x94,0xe8,0x94,0xe8,0x94,0xe8,0x94,0xe8,0x94,0xe8,0x94,0xe8,0x94,0xe8,0x94,0xe8,0x94,0xe8,0x94,0xe8,0x94,0xe8,
  0x94,0xf0,0x94,0xe8,0x94,0xe8,0x94,0xf0,0x94,0xe8,0x94,0xe8,0x94,0xe8,0x94,0xe8,0x72,0xd0,0x26,0x48,0x20,0x00,0xc8,0x01,
  0xcc,0x02,0xab,0x02,0x8b,0x02,0x8b,0x02,0xcc,0x02,0xcc,0x02,0xab,0x02,0x8b,0x02,0x6a,0x02,0x6a,0x02,0x8b,0x02,0xcc,0x02,
  0xab,0x02,0x8b,0x02,0xab,0x02,0xab,0x02,0xab,0x02,0xa3,0x00,0x00,0x00,0x00,0x00,0x00,0x00,0x00,0x00,0x00,0x00,0x00,0x00,
  0x00,0x00,0x00,0x00,0x00,0x00,0x00,0x00,0x00,0x00,0x00,0x00,0x00,0x00,0x00,0x00,0x00,0x00,0x00,0x00,0x00,0x00,0x00,0x00,
  0x00,0x00,0x00,0x00,0x00,0x00,0x00,0x00,0x00,0x00,0x00,0x00,0x00,0x00,0x00,0x00,0x00,0x00,0x00,0x00,0x00,0x00,0x00,0x00,
  0x00,0x00,0x00,0x00,0x00,0x00,0x00,0x00,0x00,0x00,0x00,0x00,0x00,0x00,0x00,0x00,0x00,0x00,0x00,0x00,0x00,0x00,0x00,0x00,
  0x00,0x00,0x00,0x00,0x00,0x00,0x00,0x00,0x00,0x00,0x00,0x00,0x00,0x00,0x00,0x00,0x00,0x00,0x00,0x00,0x00,0x00,0x00,0x00,
  0x00,0x00,0x00,0x00,0x00,0x00,0x00,0x00,0x00,0x00,0x00,0x00,0x00,0x00,0x00,0x00,0x61,0x00,0x32,0x04,0xd9,0x05,0x77,0x05,
  0x77,0x05,0x77,0x05,0x77,0x05,0x77,0x05,0x77,0x05,0x77,0x05,0x77,0x05,0x77,0x05,0x77,0x05,0x78,0x05,0x78,0x05,0x77,0x05,
  0x78,0x05,0x78,0x05,0x78,0x05,0x78,0x05,0x57,0x05,0x1a,0x06,0xec,0x02,0x00,0x10,0x6d,0x90,0x94,0xf0,0x95,0xf0,0x95,0xf0,
  0x95,0xf8,0x96,0xf8,0x95,0xf8,0x95,0xf0,0x95,0xf8,0x96,0xf8,0x96,0xf8,0x95,0xf8,0x95,0xf8,0x95,0xf8,0x96,0xf8,0x96,0xf8,
  0x94,0xe8,0x4e,0xa8,0x27,0x50,0x00,0x00,0x00,0x00,0x00,0x00,0x00,0x00,0x00,0x00,0x00,0x00,0x00,0x00,0x00,0x00,0x00,0x00,
  0x02,0x18,0x4b,0x80,0x6f,0xb0,0x4e,0xa0,0x4c,0x90,0x4c,0x88,0x4d,0x90,0x6f,0xb0,0x4d,0x98,0x27,0x50,0x00,0x08,0x00,0x00,
  0x00,0x00,0x00,0x00,0x00,0x00,0x00,0x00,0x00,0x00,0x00,0x00,0x00,0x00,0x01,0x10,0x26,0x48,0x4d,0x98,0x4e,0xa0,0x4b,0x80,
  0x25,0x40,0x04,0x28,0x29,0x70,0x72,0xd0,0x94,0xf0,0x95,0xf0,0x95,0xf0,0x94,0xe8,0x94,0xe8,0x94,0xf0,0x94,0xe8,0x94,0xe8,
  0x94,0xe8,0x94,0xe8,0x94,0xe8,0x94,0xe8,0x94,0xe8,0x94,0xe8,0x94,0xe8,0x94,0xe8,0x94,0xe8,0x94,0xe8,0x94,0xe8,0x94,0xe8,
  0x94,0xe8,0x94,0xe8,0x94,0xe8,0x94,0xe8,0x94,0xe8,0x94,0xe8,0x94,0xe8,0x94,0xe8,0x94,0xf0,0x94,0xe8,0x94,0xe8,0x94,0xf0,
  0x94,0xe8,0x94,0xe8,0x94,0xe8,0x94,0xe8,0x72,0xd0,0x05,0x40,0x81,0x00,0x73,0x04,0xf9,0x05,0xd9,0x05,0xb8,0x05,0x98,0x05,
  0xb9,0x05,0xd9,0x05,0xb9,0x05,0x98,0x05,0x98,0x05,0x98,0x05,0x98,0x05,0x98,0x05,0x98,0x05,0x77,0x05,0x57,0x05,0x98,0x05,
  0x98,0x05,0xb0,0x03,0x00,0x00,0x00,0x00,0x00,0x00,0x00,0x00,0x00,0x00,0x00,0x00,0x00,0x00,0x00,0x00,0x00,0x00,0x00,0x00,
  0x00,0x00,0x00,0x00,0x00,0x00,0x00,0x00,0x00,0x00,0x00,0x00,0x00,0x00,0x00,0x00,0x00,0x00,0x00,0x00,0x00,0x00,0x00,0x00,
  0x00,0x00,0x00,0x00,0x00,0x00,0x00,0x00,0x00,0x00,0x00,0x00,0x00,0x00,0x00,0x00,0x00,0x00,0x00,0x00,0x00,0x00,0x00,0x00,
  0x00,0x00,0x00,0x00,0x00,0x00,0x00,0x00,0x00,0x00,0x00,0x00,0x00,0x00,0x00,0x00,0x00,0x00,0x00,0x00,0x00,0x00,0x00,0x00,
  0x00,0x00,0x00,0x00,0x00,0x00,0x00,0x00,0x00,0x00,0x00,0x00,0x00,0x00,0x00,0x00,0x00,0x00,0x00,0x00,0x00,0x00,0x00,0x00,
  0x00,0x00,0x00,0x00,0x00,0x00,0x41,0x00,0x11,0x04,0x98,0x05,0x16,0x05,0x78,0x05,0x98,0x05,0x98,0x05,0x98,0x05,0x78,0x05,
  0x98,0x05,0x78,0x05,0x78,0x05,0x98,0x05,0x98,0x05,0x98,0x05,0x98,0x05,0x98,0x05,0x98,0x05,0x98,0x05,0x98,0x05,0x98,0x05,
  0x77,0x05,0x3b,0x06,0x4e,0x03,0x00,0x18,0x6d,0x90,0x94,0xe8,0x94,0xf0,0x94,0xe8,0x94,0xf0,0x94,0xf0,0x94,0xf0,0x94,0xe8,
  0x94,0xf0,0x94,0xf0,0x94,0xf0,0x94,0xf0,0x94,0xe8,0x94,0xe8,0x94,0xe8,0x93,0xe0,0x94,0xe8,0x94,0xf0,0x72,0xd8,0x4b,0x80,
  0x01,0x10,0x00,0x00,0x00,0x08,0x00,0x00,0x00,0x00,0x00,0x00,0x00,0x00,0x00,0x00,0x00,0x00,0x01,0x08,0x02,0x20,0x03,0x28,
  0x25,0x40,0x25,0x40,0x04,0x30,0x03,0x20,0x01,0x10,0x00,0x00,0x00,0x00,0x00,0x00,0x00,0x00,0x00,0x00,0x00,0x00,0x00,0x00,
  0x00,0x00,0x00,0x00,0x26,0x48,0x4d,0xa0,0x73,0xd8,0x94,0xe8,0x94,0xe8,0x94,0xe8,0x94,0xe8,0x73,0xd8,0x94,0xe8,0x94,0xf0,
  0x94,0xe8,0x94,0xf0,0x94,0xf0,0x94,0xf0,0x94,0xf0,0x94,0xf0,0x94,0xe8,0x94,0xe8,0x94,0xe8,0x94,0xe8,0x94,0xe8,0x94,0xe8,
  0x94,0xe8,0x94,0xe8,0x94,0xe8,0x94,0xe8,0x94,0xe8,0x94,0xe8,0x94,0xe8,0x94,0xe8,0x94,0xe8,0x94,0xe8,0x94,0xe8,0x94,0xe8,
  0x94,0xe8,0x94,0xe8,0x94,0xe8,0x94,0xe8,0x94,0xf0,0x94,0xe8,0x94,0xe8,0x94,0xf0,0x94,0xe8,0x94,0xe8,0x94,0xe8,0x94,0xe8,
  0x72,0xd0,0x04,0x30,0x81,0x00,0x73,0x04,0x1a,0x06,0xfa,0x05,0xd9,0x05,0xb9,0x05,0xd9,0x05,0xfa,0x05,0xf9,0x05,0xd9,0x05,
  0xfa,0x05,0xb9,0x05,0x98,0x05,0xb8,0x05,0xb8,0x05,0x98,0x05,0xb8,0x05,0xd9,0x05,0x16,0x05,0x57,0x05,0x2e,0x03,0x61,0x00,
  0x00,0x00,0x00,0x00,0x00,0x00,0x00,0x00,0x00,0x00,0x00,0x00,0x00,0x00,0x00,0x00,0x00,0x00,0x00,0x00,0x00,0x00,0x00,0x00,
  0x00,0x00,0x00,0x00,0x00,0x00,0x00,0x00,0x00,0x00,0x00,0x00,0x00,0x00,0x00,0x00,0x00,0x00,0x00,0x00,0x00,0x00,0x00,0x00,
  0x00,0x00,0x00,0x00,0x00,0x00,0x00,0x00,0x00,0x00,0x00,0x00,0x00,0x00,0x00,0x00,0x00,0x00,0x00,0x00,0x00,0x00,0x00,0x00,
  0x00,0x00,0x00,0x00,0x00,0x00,0x00,0x00,0x00,0x00,0x00,0x00,0x00,0x00,0x00,0x00,0x00,0x00,0x00,0x00,0x00,0x00,0x00,0x00,
  0x00,0x00,0x00,0x00,0x00,0x00,0x00,0x00,0x00,0x00,0x00,0x00,0x00,0x00,0x00,0x00,0x20,0x00,0x00,0x00,0xa2,0x00,0x32,0x04,
  0x77,0x05,0x16,0x05,0x98,0x05,0x11,0x04,0xb0,0x03,0xb0,0x03,0xb0,0x03,0xb0,0x03,0xd0,0x03,0xd0,0x03,0xd0,0x03,0xb0,0x03,
  0xb0,0x03,0xb0,0x03,0xb0,0x03,0xb0,0x03,0xd0,0x03,0xb0,0x03,0xb0,0x03,0xd0,0x03,0xb0,0x03,0x32,0x04,0x49,0x02,0x00,0x00,
  0x4b,0x80,0x94,0xe8,0x94,0xf0,0x94,0xe8,0x95,0xf0,0x94,0xf0,0x94,0xe8,0x94,0xe8,0x94,0xe8,0x94,0xe8,0x94,0xf0,0x94,0xf0,
  0x94,0xe8,0x94,0xe8,0x94,0xe8,0x94,0xf0,0x94,0xe8,0x94,0xe8,0x94,0xe8,0x73,0xe0,0x70,0xb8,0x49,0x70,0x03,0x20,0x00,0x00,
  0x00,0x00,0x00,0x00,0x00,0x00,0x00,0x00,0x00,0x00,0x00,0x00,0x00,0x00,0x00,0x00,0x00,0x00,0x00,0x00,0x00,0x00,0x00,0x00,
  0x00,0x00,0x00,0x00,0x00,0x00,0x00,0x00,0x00,0x00,0x00,0x00,0x00,0x00,0x00,0x00,0x03,0x28,0x4b,0x80,0x72,0xd0,0x94,0xf0,
  0x94,0xf0,0x94,0xe8,0x94,0xe8,0x95,0xf0,0x95,0xf8,0x95,0xf8,0x94,0xf0,0x94,0xe8,0x94,0xe8,0x94,0xe8,0x94,0xe8,0x94,0xf0,
  0x94,0xf0,0x94,0xf0,0x94,0xe8,0x94,0xe8,0x94,0xe8,0x94,0xe8,0x94,0xe8,0x94,0xe8,0x94,0xe8,0x94,0xe8,0x94,0xe8,0x94,0xe8,
  0x94,0xe8,0x94,0xe8,0x94,0xe8,0x94,0xe8,0x94,0xe8,0x94,0xe8,0x94,0xe8,0x94,0xe8,0x94,0xe8,0x94,0xe8,0x94,0xe8,0x94,0xe8,
  0x94,0xf0,0x94,0xe8,0x94,0xe8,0x94,0xf0,0x94,0xe8,0x94,0xe8,0x94,0xe8,0x94,0xe8,0x72,0xd0,0x04,0x38,0x41,0x00,0xec,0x02,
  0xf1,0x03,0xb0,0x03,0x8f,0x03,0xb0,0x03,0xd0,0x03,0x11,0x04,0xd0,0x03,0xb0,0x03,0xd0,0x03,0xb0,0x03,0xb0,0x03,0xb0,0x03,
  0xb0,0x03,0x8f,0x03,0xb0,0x03,0x32,0x04,0x57,0x05,0x16,0x05,0x57,0x05,0xd0,0x03,0x25,0x01,0xc3,0x00,0xe4,0x00,0x41,0x00,
  0x00,0x00,0x00,0x00,0x00,0x00,0x00,0x00,0x00,0x00,0x00,0x00,0x00,0x00,0x00,0x00,0x00,0x00,0x00,0x00,0x00,0x00,0x00,0x00,
  0x00,0x00,0x00,0x00,0x00,0x00,0x00,0x00,0x00,0x00,0x00,0x00,0x00,0x00,0x00,0x00,0x00,0x00,0x00,0x00,0x00,0x00,0x00,0x00,
  0x00,0x00,0x00,0x00,0x00,0x00,0x00,0x00,0x00,0x00,0x00,0x00,0x00,0x00,0x00,0x00,0x00,0x00,0x00,0x00,0x00,0x00,0x00,0x00,
  0x00,0x00,0x00,0x00,0x00,0x00,0x00,0x00,0x00,0x00,0x00,0x00,0x00,0x00,0x00,0x00,0x00,0x00,0x00,0x00,0x00,0x00,0x00,0x00,
  0x00,0x00,0xa3,0x00,0x6f,0x03,0x52,0x04,0x94,0x04,0x52,0x04,0x73,0x04,0x77,0x05,0x16,0x05,0xb8,0x05,0xcc,0x02,0x00,0x00,
  0x00,0x00,0x00,0x00,0x00,0x00,0x00,0x00,0x00,0x00,0x00,0x00,0x00,0x00,0x00,0x00,0x00,0x00,0x00,0x00,0x00,0x00,0x00,0x00,
  0x00,0x00,0x00,0x00,0x00,0x00,0x00,0x00,0x00,0x00,0x00,0x00,0x00,0x00,0x00,0x00,0x4a,0x70,0x93,0xe0,0x94,0xf0,0x94,0xe8,
  0x95,0xf0,0x94,0xe8,0x94,0xe8,0x94,0xe8,0x94,0xe8,0x94,0xe8,0x94,0xf0,0x94,0xf0,0x94,0xe8,0x94,0xe8,0x94,0xf0,0x95,0xf0,
  0x94,0xf0,0x94,0xe8,0x94,0xe8,0x94,0xe8,0x95,0xf0,0x74,0xe0,0x6e,0xa0,0x26,0x50,0x00,0x00,0x00,0x00,0x00,0x00,0x00,0x00,
  0x00,0x00,0x00,0x00,0x00,0x00,0x00,0x00,0x00,0x00,0x00,0x00,0x00,0x00,0x00,0x00,0x00,0x00,0x00,0x00,0x00,0x00,0x00,0x00,
  0x00,0x00,0x00,0x00,0x02,0x18,0x29,0x68,0x70,0xb8,0x94,0xf0,0x95,0xf8,0x95,0xf0,0x94,0xf0,0x94,0xe8,0x94,0xf0,0x94,0xf0,
  0x94,0xe8,0x94,0xe8,0x94,0xe8,0x94,0xe8,0x94,0xe8,0x94,0xe8,0x94,0xe8,0x94,0xe8,0x94,0xe8,0x94,0xe8,0x94,0xe8,0x94,0xe8,
  0x94,0xe8,0x94,0xe8,0x94,0xe8,0x94,0xe8,0x94,0xe8,0x94,0xe8,0x94,0xe8,0x94,0xe8,0x94,0xe8,0x94,0xe8,0x94,0xe8,0x94,0xe8,
  0x94,0xe8,0x94,0xe8,0x94,0xe8,0x94,0xe8,0x94,0xe8,0x94,0xe8,0x94,0xe8,0x94,0xe8,0x94,0xf0,0x94,0xe8,0x94,0xe8,0x94,0xf0,
  0x94,0xe8,0x94,0xe8,0x94,0xe8,0x94,0xe8,0x72,0xd0,0x25,0x38,0x00,0x00,0x00,0x00,0x00,0x00,0x00,0x00,0x00,0x00,0x00,0x00,
  0x20,0x00,0xa3,0x00,0x00,0x00,0x00,0x00,0x00,0x00,0x00,0x00,0x00,0x00,0x00,0x00,0x00,0x00,0x00,0x00,0x00,0x00,0x82,0x00,
  0x0d,0x03,0x36,0x05,0x36,0x05,0x57,0x05,0x73,0x04,0x52,0x04,0x32,0x04,0x52,0x04,0x8f,0x03,0x45,0x01,0x20,0x00,0x00,0x00,
  0x00,0x00,0x00,0x00,0x00,0x00,0x00,0x00,0x00,0x00,0x00,0x00,0x00,0x00,0x00,0x00,0x00,0x00,0x00,0x00,0x00,0x00,0x00,0x00,
  0x00,0x00,0x00,0x00,0x00,0x00,0x00,0x00,0x00,0x00,0x00,0x00,0x00,0x00,0x00,0x00,0x00,0x00,0x00,0x00,0x00,0x00,0x00,0x00,
  0x00,0x00,0x00,0x00,0x00,0x00,0x00,0x00,0x00,0x00,0x00,0x00,0x00,0x00,0x00,0x00,0x00,0x00,0x00,0x00,0x00,0x00,0x00,0x00,
  0x00,0x00,0x00,0x00,0x00,0x00,0x00,0x00,0x00,0x00,0x00,0x00,0x00,0x00,0x00,0x00,0x86,0x01,0xf5,0x04,0xb8,0x05,0x36,0x05,
  0x37,0x05,0x77,0x05,0x57,0x05,0x16,0x05,0x57,0x05,0xab,0x02,0x00,0x00,0x00,0x00,0x00,0x00,0x00,0x00,0x00,0x00,0x00,0x00,
  0x00,0x00,0x00,0x00,0x00,0x00,0x00,0x00,0x00,0x00,0x00,0x00,0x00,0x00,0x00,0x00,0x00,0x00,0x00,0x00,0x00,0x00,0x00,0x00,
  0x00,0x00,0x00,0x00,0x00,0x00,0x00,0x00,0x27,0x58,0x73,0xd8,0x94,0xf0,0x94,0xe8,0x95,0xf0,0x94,0xf0,0x94,0xe8,0x94,0xf0,
  0x94,0xe8,0x94,0xe8,0x94,0xe8,0x94,0xe8,0x94,0xe8,0x94,0xf0,0x94,0xf0,0x94,0xe8,0x94,0xe8,0x94,0xf0,0x94,0xe8,0x95,0xf0,
  0x95,0xf0,0x95,0xf0,0x95,0xf0,0x72,0xd8,0x4b,0x80,0x03,0x28,0x00,0x00,0x00,0x00,0x00,0x00,0x00,0x00,0x00,0x00,0x00,0x00,
  0x00,0x00,0x00,0x00,0x00,0x00,0x00,0x00,0x00,0x00,0x00,0x00,0x00,0x00,0x00,0x00,0x00,0x00,0x26,0x48,0x4e,0xa8,0x93,0xe0,
  0x95,0xf0,0x95,0xf8,0x95,0xf8,0x95,0xf0,0x94,0xe8,0x94,0xf0,0x94,0xe8,0x94,0xe8,0x94,0xe8,0x94,0xe8,0x94,0xf0,0x94,0xe8,
  0x94,0xe8,0x94,0xe8,0x94,0xe8,0x94,0xe8,0x94,0xe8,0x94,0xe8,0x94,0xe8,0x94,0xe8,0x94,0xe8,0x94,0xe8,0x94,0xe8,0x94,0xe8,
  0x94,0xe8,0x94,0xe8,0x94,0xe8,0x94,0xe8,0x94,0xe8,0x94,0xe8,0x94,0xe8,0x94,0xe8,0x94,0xe8,0x94,0xe8,0x94,0xe8,0x94,0xe8,
  0x94,0xe8,0x94,0xe8,0x94,0xe8,0x94,0xe8,0x94,0xf0,0x94,0xe8,0x94,0xe8,0x94,0xf0,0x94,0xe8,0x94,0xe8,0x94,0xe8,0x94,0xe8,
  0x72,0xd0,0x03,0x20,0x00,0x00,0x00,0x00,0x00,0x00,0x00,0x00,0x00,0x00,0x00,0x00,0x00,0x00,0x00,0x00,0x00,0x00,0x00,0x00,
  0x00,0x00,0x00,0x00,0x00,0x00,0x00,0x00,0x00,0x00,0x00,0x00,0x00,0x00,0x00,0x00,0x00,0x00,0x4e,0x03,0x36,0x05,0x57,0x05,
  0x77,0x05,0x77,0x05,0x57,0x05,0x77,0x05,0x98,0x05,0xd4,0x04,0x08,0x02,0x20,0x00,0x00,0x00,0x00,0x00,0x00,0x00,0x00,0x00,
  0x00,0x00,0x00,0x00,0x00,0x00,0x00,0x00,0x00,0x00,0x00,0x00,0x00,0x00,0x00,0x00,0x00,0x00,0x00,0x00,0x00,0x00,0x00,0x00,
  0x00,0x00,0x00,0x00,0x00,0x00,0x00,0x00,0x00,0x00,0x00,0x00,0x00,0x00,0x00,0x00,0x00,0x00,0x00,0x00,0x00,0x00,0x00,0x00,
  0x00,0x00,0x00,0x00,0x00,0x00,0x00,0x00,0x00,0x00,0x00,0x00,0x00,0x00,0x00,0x00,0x00,0x00,0x00,0x00,0x00,0x00,0x00,0x00,
  0x00,0x00,0x00,0x00,0x00,0x00,0x82,0x00,0xf5,0x04,0x78,0x05,0xf5,0x04,0x77,0x05,0x57,0x05,0x77,0x05,0x16,0x05,0x36,0x05,
  0x36,0x05,0x04,0x01,0x00,0x00,0x00,0x00,0x00,0x00,0x00,0x00,0x00,0x00,0x00,0x00,0x00,0x00,0x00,0x00,0x00,0x00,0x00,0x00,
  0x00,0x00,0x00,0x00,0x00,0x00,0x00,0x00,0x00,0x00,0x00,0x00,0x00,0x00,0x00,0x00,0x00,0x00,0x00,0x00,0x00,0x00,0x00,0x00,
  0x04,0x30,0x71,0xc8,0x94,0xf0,0x94,0xe8,0x95,0xf0,0x95,0xf8,0x94,0xf0,0x94,0xe8,0x94,0xf0,0x94,0xf0,0x94,0xe8,0x94,0xe8,
  0x94,0xf0,0x94,0xf0,0x94,0xe8,0x94,0xe8,0x94,0xe8,0x94,0xf0,0x94,0xe8,0x94,0xe8,0x94,0xe8,0x95,0xf0,0x94,0xf0,0x94,0xe8,
  0x94,0xe0,0x71,0xc8,0x4b,0x78,0x02,0x18,0x00,0x00,0x00,0x00,0x00,0x00,0x00,0x00,0x00,0x00,0x00,0x00,0x00,0x00,0x04,0x30,
  0x4e,0xa0,0x28,0x60,0x01,0x08,0x04,0x30,0x4c,0x90,0x72,0xd8,0x94,0xf0,0x94,0xe8,0x94,0xe8,0x94,0xe8,0x94,0xe8,0x94,0xe8,
  0x94,0xe8,0x94,0xf0,0x95,0xf0,0x94,0xf0,0x94,0xe8,0x94,0xf0,0x94,0xf0,0x94,0xe8,0x94,0xf0,0x94,0xe8,0x94,0xe8,0x94,0xf0,
  0x94,0xf0,0x94,0xe8,0x94,0xe8,0x94,0xe8,0x94,0xe8,0x94,0xe8,0x94,0xe8,0x94,0xe8,0x94,0xe8,0x94,0xe8,0x94,0xe8,0x94,0xe8,
  0x94,0xe8,0x94,0xe8,0x94,0xe8,0x94,0xe8,0x94,0xe8,0x94,0xe8,0x94,0xe8,0x94,0xe8,0x94,0xe8,0x94,0xe8,0x94,0xe8,0x94,0xe8,
  0x94,0xf0,0x94,0xe8,0x94,0xe8,0x94,0xf0,0x94,0xe8,0x94,0xe8,0x94,0xe8,0x94,0xe8,0x72,0xd0,0x26,0x40,0x00,0x00,0x00,0x00,
  0x00,0x00,0x00,0x00,0x00,0x00,0x00,0x00,0x00,0x00,0x00,0x00,0x00,0x00,0x00,0x00,0x00,0x00,0x00,0x00,0x00,0x00,0x00,0x00,
  0x00,0x00,0x00,0x00,0x00,0x00,0x00,0x00,0x20,0x00,0xe8,0x01,0xd5,0x04,0xf5,0x04,0x36,0x05,0x78,0x05,0x77,0x05,0x36,0x05,
  0xd5,0x04,0xf5,0x04,0x73,0x04,0x87,0x01,0x00,0x00,0x00,0x00,0x00,0x00,0x00,0x00,0x00,0x00,0x00,0x00,0x00,0x00,0x00,0x00,
  0x00,0x00,0x00,0x00,0x00,0x00,0x00,0x00,0x00,0x00,0x00,0x00,0x00,0x00,0x00,0x00,0x00,0x00,0x00,0x00,0x00,0x00,0x00,0x00,
  0x00,0x00,0x00,0x00,0x00,0x00,0x00,0x00,0x00,0x00,0x00,0x00,0x00,0x00,0x00,0x00,0x00,0x00,0x00,0x00,0x00,0x00,0x00,0x00,
  0x00,0x00,0x00,0x00,0x00,0x00,0x00,0x00,0x00,0x00,0x00,0x00,0x00,0x00,0x00,0x00,0x00,0x00,0x00,0x00,0x00,0x00,0x6a,0x02,
  0x98,0x05,0x36,0x05,0x16,0x05,0x29,0x02,0x25,0x01,0x8b,0x02,0x16,0x05,0x16,0x05,0x78,0x05,0x4e,0x03,0x00,0x00,0x00,0x00,
  0x00,0x00,0x00,0x00,0x00,0x00,0x00,0x00,0x00,0x00,0x00,0x00,0x00,0x00,0x00,0x00,0x00,0x00,0x00,0x00,0x00,0x00,0x00,0x00,
  0x00,0x00,0x00,0x00,0x00,0x00,0x00,0x00,0x00,0x00,0x00,0x00,0x00,0x00,0x00,0x00,0x01,0x10,0x70,0xb8,0x94,0xf0,0x93,0xe0,
  0x94,0xf0,0x95,0xf0,0x94,0xe8,0x94,0xe8,0x94,0xe8,0x94,0xe8,0x94,0xf0,0x94,0xf0,0x94,0xe8,0x94,0xe8,0x94,0xe8,0x94,0xe8,
  0x94,0xe8,0x94,0xf0,0x94,0xe8,0x93,0xe0,0x94,0xe8,0x95,0xf0,0x94,0xe8,0x94,0xe8,0x94,0xe8,0x94,0xf0,0x94,0xe8,0x71,0xc0,
  0x49,0x70,0x02,0x18,0x00,0x00,0x00,0x00,0x00,0x00,0x00,0x00,0x00,0x00,0x01,0x08,0x29,0x68,0x6f,0xb0,0x6f,0xa8,0x71,0xc8,
  0x94,0xe8,0x94,0xe8,0x94,0xf0,0x94,0xf0,0x93,0xe0,0x93,0xe0,0x94,0xe8,0x94,0xf0,0x94,0xf0,0x94,0xf0,0x94,0xf0,0x94,0xf0,
  0x94,0xf0,0x94,0xf0,0x94,0xe8,0x94,0xe8,0x94,0xe8,0x94,0xe8,0x94,0xe8,0x94,0xf0,0x95,0xf0,0x94,0xe8,0x94,0xe8,0x94,0xf0,
  0x94,0xf0,0x94,0xf0,0x94,0xf0,0x94,0xe8,0x94,0xe8,0x94,0xe8,0x94,0xf0,0x94,0xf0,0x94,0xf0,0x94,0xf0,0x94,0xf0,0x94,0xe8,
  0x94,0xe8,0x94,0xe8,0x94,0xe8,0x94,0xe8,0x94,0xe8,0x94,0xf0,0x94,0xe8,0x94,0xe8,0x94,0xf0,0x94,0xf0,0x94,0xe8,0x94,0xe8,
  0x94,0xe8,0x94,0xe8,0x94,0xe8,0x94,0xe8,0x72,0xd0,0x26,0x40,0x00,0x00,0x00,0x00,0x00,0x00,0x00,0x00,0x00,0x00,0x00,0x00,
  0x00,0x00,0x00,0x00,0x00,0x00,0x00,0x00,0x00,0x00,0x00,0x00,0x00,0x00,0x00,0x00,0x00,0x00,0x00,0x00,0x00,0x00,0x00,0x00,
  0x00,0x00,0x4e,0x03,0x57,0x05,0xf5,0x04,0xd5,0x04,0xec,0x02,0xe8,0x01,0xab,0x02,0x94,0x04,0xf5,0x04,0x37,0x05,0x0d,0x03,
  0x00,0x00,0x00,0x00,0x00,0x00,0x00,0x00,0x00,0x00,0x00,0x00,0x00,0x00,0x00,0x00,0x00,0x00,0x00,0x00,0x00,0x00,0x00,0x00,
  0x00,0x00,0x00,0x00,0x00,0x00,0x00,0x00,0x00,0x00,0x00,0x00,0x00,0x00,0x00,0x00,0x00,0x00,0x00,0x00,0x00,0x00,0x00,0x00,
  0x00,0x00,0x00,0x00,0x00,0x00,0x00,0x00,0x00,0x00,0x00,0x00,0x00,0x00,0x00,0x00,0x00,0x00,0x00,0x00,0x00,0x00,0x00,0x00,
  0x00,0x00,0x00,0x00,0x00,0x00,0x00,0x00,0x00,0x00,0x00,0x00,0x20,0x00,0x6f,0x03,0x37,0x05,0x98,0x05,0xec,0x02,0x00,0x00,
  0x00,0x00,0x00,0x00,0x8b,0x02,0x98,0x05,0x77,0x05,0x53,0x04,0x00,0x00,0x00,0x00,0x00,0x00,0x00,0x00,0x00,0x00,0x00,0x00,
  0x00,0x00,0x00,0x00,0x00,0x00,0x00,0x00,0x00,0x00,0xc8,0x01,0xd0,0x03,0x52,0x04,0x52,0x04,0xd0,0x03,0xe8,0x01,0x00,0x00,
  0x00,0x00,0x00,0x00,0x00,0x00,0x00,0x00,0x00,0x08,0x4e,0xa0,0x94,0xf0,0x93,0xe0,0x94,0xf0,0x94,0xf0,0x94,0xe8,0x94,0xe8,
  0x94,0xe8,0x94,0xf0,0x94,0xf0,0x94,0xf0,0x94,0xe8,0x94,0xe8,0x94,0xf0,0x94,0xf0,0x94,0xe8,0x94,0xe8,0x94,0xf0,0x94,0xe8,
  0x94,0xf0,0x95,0xf0,0x95,0xf0,0x94,0xe8,0x94,0xe8,0x95,0xf0,0x94,0xe8,0x70,0xb8,0x4d,0x98,0x4c,0x88,0x25,0x40,0x01,0x08,
  0x00,0x00,0x00,0x00,0x00,0x00,0x00,0x00,0x00,0x00,0x24,0x30,0x4d,0x98,0x72,0xd8,0x94,0xe8,0x94,0xe8,0x94,0xf0,0x94,0xe8,
  0x94,0xe8,0x94,0xe8,0x94,0xe8,0x95,0xf0,0x94,0xf0,0x94,0xf0,0x94,0xf0,0x94,0xe8,0x94,0xe8,0x94,0xe8,0x94,0xe8,0x94,0xe8,
  0x94,0xe8,0x94,0xe8,0x94,0xe8,0x94,0xf0,0x94,0xf0,0x94,0xe8,0x94,0xe8,0x94,0xe8,0x94,0xf0,0x94,0xf0,0x94,0xe8,0x94,0xe8,
  0x94,0xe8,0x94,0xe8,0x94,0xf0,0x94,0xf0,0x94,0xf0,0x94,0xf0,0x94,0xf0,0x94,0xe8,0x94,0xe8,0x94,0xe8,0x94,0xe8,0x94,0xe8,
  0x94,0xe8,0x94,0xf0,0x94,0xe8,0x94,0xf0,0x94,0xf0,0x94,0xf0,0x94,0xf0,0x94,0xe8,0x94,0xe8,0x94,0xf0,0x94,0xf0,0x94,0xe8,
  0x72,0xd0,0x25,0x40,0x00,0x00,0x00,0x00,0x00,0x00,0x00,0x00,0x00,0x00,0x00,0x00,0x00,0x00,0x00,0x00,0x00,0x00,0x00,0x00,
  0x00,0x00,0x00,0x00,0x00,0x00,0x00,0x00,0x00,0x00,0x00,0x00,0x00,0x00,0x00,0x00,0x62,0x00,0x53,0x04,0x98,0x05,0x36,0x05,
  0xcc,0x02,0x20,0x00,0x00,0x00,0x00,0x00,0xec,0x02,0x16,0x05,0x77,0x05,0xf1,0x03,0x41,0x00,0x00,0x00,0x00,0x00,0x00,0x00,
  0x00,0x00,0x00,0x00,0x00,0x00,0x00,0x00,0x00,0x00,0x00,0x00,0x00,0x00,0x00,0x00,0x00,0x00,0x00,0x00,0x00,0x00,0x00,0x00,
  0x00,0x00,0x00,0x00,0x00,0x00,0x00,0x00,0x00,0x00,0x00,0x00,0x00,0x00,0x00,0x00,0x00,0x00,0x00,0x00,0x00,0x00,0x00,0x00,
  0x00,0x00,0x00,0x00,0x00,0x00,0x00,0x00,0x00,0x00,0x00,0x00,0x00,0x00,0x00,0x00,0x00,0x00,0x00,0x00,0x00,0x00,0x00,0x00,
  0x00,0x00,0x00,0x00,0x62,0x00,0x73,0x04,0x57,0x05,0x98,0x05,0xe8,0x01,0x00,0x00,0x41,0x00,0x00,0x00,0x04,0x01,0x78,0x05,
  0x98,0x05,0x52,0x04,0x00,0x00,0x00,0x00,0x00,0x00,0x00,0x00,0x00,0x00,0x00,0x00,0x00,0x00,0x00,0x00,0x00,0x00,0x00,0x00,
  0x2d,0x03,0x98,0x05,0x77,0x05,0x77,0x05,0x77,0x05,0x98,0x05,0xb8,0x05,0x4e,0x03,0x00,0x00,0x00,0x00,0x00,0x00,0x00,0x00,
  0x00,0x00,0x29,0x68,0x93,0xe0,0x94,0xe8,0x95,0xf0,0x94,0xf0,0x94,0xe8,0x94,0xe8,0x95,0xf0,0x95,0xf0,0x94,0xf0,0x94,0xe8,
  0x94,0xe8,0x94,0xf0,0x94,0xe8,0x95,0xf0,0x94,0xe8,0x94,0xe8,0x94,0xf0,0x94,0xf0,0x95,0xf8,0x95,0xf0,0x94,0xe8,0x95,0xf0,
  0x94,0xe8,0x71,0xc0,0x4a,0x70,0x01,0x10,0x01,0x08,0x29,0x70,0x6f,0xb0,0x4b,0x80,0x02,0x20,0x00,0x00,0x00,0x00,0x00,0x00,
  0x00,0x00,0x00,0x00,0x00,0x00,0x25,0x38,0x4d,0x98,0x73,0xd8,0x94,0xf0,0x94,0xe8,0x94,0xf0,0x94,0xf0,0x94,0xf0,0x94,0xe8,
  0x94,0xe8,0x94,0xf0,0x94,0xf0,0x94,0xe8,0x94,0xe8,0x94,0xf0,0x94,0xf0,0x94,0xf0,0x95,0xf0,0x95,0xf0,0x94,0xf0,0x94,0xe8,
  0x94,0xe8,0x94,0xf0,0x95,0xf0,0x94,0xe8,0x94,0xf0,0x94,0xe8,0x94,0xe8,0x94,0xf0,0x94,0xe8,0x94,0xf0,0x94,0xf0,0x94,0xe8,
  0x94,0xe8,0x94,0xf0,0x94,0xf0,0x94,0xe8,0x94,0xe8,0x94,0xe8,0x94,0xe8,0x94,0xf0,0x94,0xe8,0x94,0xe8,0x94,0xf0,0x94,0xf0,
  0x94,0xe8,0x94,0xe8,0x94,0xe8,0x95,0xf0,0x95,0xf0,0x94,0xf0,0x94,0xe8,0x94,0xe8,0x71,0xc8,0x25,0x40,0x00,0x00,0x00,0x00,
  0x00,0x00,0x00,0x00,0x00,0x00,0xc3,0x00,0xc7,0x01,0x49,0x02,0x4a,0x02,0x87,0x01,0x82,0x00,0x00,0x00,0x00,0x00,0x00,0x00,
  0x00,0x00,0x00,0x00,0x00,0x00,0x00,0x00,0xa2,0x00,0xb4,0x04,0x98,0x05,0xf5,0x04,0xa7,0x01,0x00,0x00,0x20,0x00,0x00,0x00,
  0x08,0x02,0xf5,0x04,0x57,0x05,0x53,0x04,0xe4,0x00,0x00,0x00,0x00,0x00,0x00,0x00,0x00,0x00,0x00,0x00,0x00,0x00,0x00,0x00,
  0x00,0x00,0x00,0x00,0x00,0x00,0x00,0x00,0x00,0x00,0x00,0x00,0x00,0x00,0x00,0x00,0x00,0x00,0x00,0x00,0x00,0x00,0x00,0x00,
  0x00,0x00,0x00,0x00,0x00,0x00,0x00,0x00,0x00,0x00,0x00,0x00,0x00,0x00,0x00,0x00,0x00,0x00,0x00,0x00,0x00,0x00,0x00,0x00,
  0x00,0x00,0x00,0x00,0x00,0x00,0x00,0x00,0x00,0x00,0x00,0x00,0x00,0x00,0x00,0x00,0x00,0x00,0x00,0x00,0x00,0x00,0x8f,0x03,
  0x57,0x05,0x98,0x05,0x4e,0x03,0x00,0x00,0x00,0x00,0x20,0x00,0x2e,0x03,0x78,0x05,0x98,0x05,0x32,0x04,0x00,0x00,0x00,0x00,
  0x00,0x00,0x00,0x00,0x00,0x00,0x00,0x00,0x00,0x00,0x00,0x00,0x00,0x00,0x6a,0x02,0xd9,0x05,0x36,0x05,0x78,0x05,0x78,0x05,
  0x98,0x05,0x77,0x05,0x57,0x05,0xfa,0x05,0xcc,0x02,0x00,0x00,0x00,0x00,0x00,0x00,0x00,0x00,0x24,0x30,0x71,0xc8,0x95,0xf0,
  0x94,0xf0,0x95,0xf0,0x94,0xf0,0x94,0xe8,0x94,0xe8,0x94,0xf0,0x94,0xf0,0x94,0xf0,0x94,0xe8,0x94,0xe8,0x94,0xf0,0x94,0xf0,
  0x95,0xf0,0x95,0xf0,0x95,0xf8,0x95,0xf0,0x94,0xf0,0x95,0xf0,0x94,0xe8,0x72,0xd0,0x4a,0x78,0x03,0x20,0x00,0x00,0x00,0x00,
  0x00,0x00,0x01,0x10,0x25,0x40,0x4b,0x80,0x70,0xc0,0x4a,0x70,0x03,0x20,0x00,0x00,0x00,0x00,0x00,0x00,0x00,0x00,0x00,0x00,
  0x00,0x08,0x27,0x50,0x6f,0xb0,0x94,0xf0,0x94,0xf0,0x94,0xf0,0x95,0xf8,0x95,0xf0,0x94,0xe8,0x95,0xf0,0x95,0xf0,0x94,0xe8,
  0x94,0xf0,0x94,0xf0,0x94,0xf0,0x94,0xf0,0x94,0xf0,0x94,0xf0,0x94,0xf0,0x94,0xe8,0x94,0xe8,0x94,0xf0,0x94,0xf0,0x94,0xf0,
  0x73,0xd8,0x72,0xd0,0x72,0xd0,0x73,0xd8,0x95,0xf0,0x94,0xf0,0x94,0xe8,0x94,0xe8,0x94,0xe8,0x94,0xe8,0x94,0xe8,0x94,0xe8,
  0x94,0xe8,0x94,0xe8,0x94,0xe8,0x94,0xf0,0x94,0xf0,0x94,0xe8,0x94,0xe8,0x71,0xc0,0x6f,0xa8,0x6f,0xb0,0x6f,0xb0,0x70,0xb8,
  0x6f,0xb0,0x6f,0xb0,0x6f,0xb0,0x6e,0xa0,0x4a,0x70,0x01,0x10,0x00,0x00,0x00,0x00,0x00,0x00,0x20,0x00,0x6a,0x02,0xf5,0x04,
  0x57,0x05,0x78,0x05,0x98,0x05,0x36,0x05,0xb0,0x03,0xe4,0x00,0x00,0x00,0x00,0x00,0x00,0x00,0x00,0x00,0x00,0x00,0x00,0x00,
  0x41,0x00,0x52,0x04,0x77,0x05,0x16,0x05,0x6f,0x03,0xa3,0x00,0x00,0x00,0x20,0x00,0x8f,0x03,0x36,0x05,0x37,0x05,0xb0,0x03,
  0x82,0x00,0x00,0x00,0x00,0x00,0x00,0x00,0x00,0x00,0x00,0x00,0x00,0x00,0x00,0x00,0x00,0x00,0x00,0x00,0x00,0x00,0x00,0x00,
  0x00,0x00,0x00,0x00,0x00,0x00,0x00,0x00,0x00,0x00,0x00,0x00,0x00,0x00,0x00,0x00,0x00,0x00,0x00,0x00,0x00,0x00,0x00,0x00,
  0x00,0x00,0x00,0x00,0x00,0x00,0x00,0x00,0x00,0x00,0x00,0x00,0x00,0x00,0x00,0x00,0x00,0x00,0x00,0x00,0x00,0x00,0x00,0x00,
  0x00,0x00,0x00,0x00,0x00,0x00,0x00,0x00,0x00,0x00,0x00,0x00,0x00,0x00,0xe8,0x01,0x78,0x05,0xf5,0x04,0x36,0x05,0x6e,0x03,
  0x29,0x02,0x8f,0x03,0x77,0x05,0xf5,0x04,0xb8,0x05,0xec,0x02,0x00,0x00,0x00,0x00,0x00,0x00,0x00,0x00,0x00,0x00,0x00,0x00,
  0x00,0x00,0x00,0x00,0xa3,0x00,0xf5,0x04,0x57,0x05,0x77,0x05,0x94,0x04,0xa7,0x01,0x29,0x02,0xd5,0x04,0x98,0x05,0x57,0x05,
  0x57,0x05,0x86,0x01,0x62,0x00,0x20,0x00,0x00,0x00,0x00,0x08,0x4c,0x88,0x95,0xf8,0x94,0xf0,0x94,0xf0,0x94,0xf0,0x94,0xe8,
  0x94,0xe8,0x94,0xe8,0x94,0xe8,0x94,0xe8,0x94,0xe8,0x95,0xf0,0x95,0xf0,0x94,0xe8,0x6f,0xb0,0x28,0x60,0x29,0x68,0x4e,0xa0,
  0x70,0xb8,0x6f,0xb8,0x4b,0x88,0x04,0x30,0x00,0x00,0x00,0x00,0x00,0x00,0x00,0x00,0x00,0x00,0x00,0x00,0x05,0x38,0x4c,0x90,
  0x73,0xe0,0x93,0xe0,0x6f,0xb0,0x27,0x50,0x01,0x08,0x00,0x00,0x00,0x00,0x00,0x00,0x00,0x00,0x00,0x00,0x02,0x20,0x29,0x68,
  0x4e,0xa8,0x72,0xd0,0x72,0xd0,0x4d,0x98,0x28,0x58,0x4a,0x78,0x71,0xc0,0x94,0xe8,0x94,0xe8,0x94,0xf0,0x94,0xf0,0x94,0xe8,
  0x94,0xe8,0x94,0xe8,0x94,0xe8,0x94,0xe8,0x94,0xf0,0x94,0xf0,0x94,0xf0,0x72,0xd0,0x28,0x58,0x04,0x30,0x25,0x40,0x4a,0x78,
  0x73,0xe0,0x94,0xf0,0x94,0xe8,0x94,0xe8,0x94,0xf0,0x94,0xe8,0x94,0xe8,0x94,0xe8,0x94,0xe8,0x94,0xe8,0x94,0xe8,0x94,0xf0,
  0x94,0xe8,0x95,0xf0,0x72,0xd0,0x28,0x60,0x03,0x20,0x01,0x10,0x04,0x30,0x04,0x38,0x03,0x28,0x01,0x18,0x01,0x18,0x01,0x10,
  0x00,0x00,0x00,0x00,0x00,0x00,0x00,0x00,0x00,0x00,0xab,0x02,0x57,0x05,0x77,0x05,0x57,0x05,0x98,0x05,0x98,0x05,0x57,0x05,
  0x57,0x05,0x32,0x04,0xc3,0x00,0x00,0x00,0x00,0x00,0x00,0x00,0x00,0x00,0x00,0x00,0x00,0x00,0xab,0x02,0x36,0x05,0xf5,0x04,
  0x16,0x05,0xf1,0x03,0xcc,0x02,0x6f,0x03,0xf5,0x04,0xd5,0x04,0x16,0x05,0x49,0x02,0x00,0x00,0x00,0x00,0x00,0x00,0x00,0x00,
  0x00,0x00,0x00,0x00,0x00,0x00,0x00,0x00,0x00,0x00,0x00,0x00,0x00,0x00,0x00,0x00,0x00,0x00,0x00,0x00,0x00,0x00,0x00,0x00,
  0x00,0x00,0x00,0x00,0x00,0x00,0x00,0x00,0x00,0x00,0x00,0x00,0x00,0x00,0x00,0x00,0x00,0x00,0x00,0x00,0x00,0x00,0x00,0x00,
  0x00,0x00,0x00,0x00,0x00,0x00,0x00,0x00,0x00,0x00,0x00,0x00,0x00,0x00,0x00,0x00,0x00,0x00,0x00,0x00,0x00,0x00,0x00,0x00,
  0x00,0x00,0x00,0x00,0x00,0x00,0x00,0x00,0x11,0x04,0x98,0x05,0xf5,0x04,0x98,0x05,0x77,0x05,0x77,0x05,0x36,0x05,0x98,0x05,
  0x93,0x04,0x82,0x00,0x00,0x00,0x00,0x00,0x00,0x00,0x00,0x00,0x00,0x00,0x00,0x00,0x00,0x00,0x00,0x00,0x66,0x01,0x98,0x05,
  0x57,0x05,0xd5,0x04,0xa3,0x00,0x00,0x00,0x00,0x00,0x04,0x01,0x16,0x05,0xb8,0x05,0x98,0x05,0x16,0x05,0xb4,0x04,0x16,0x05,
  0x2e,0x03,0x00,0x00,0x28,0x60,0x94,0xe8,0x94,0xe8,0x94,0xe8,0x94,0xf0,0x94,0xe8,0x94,0xf0,0x94,0xe8,0x94,0xe8,0x94,0xe8,
  0x94,0xf0,0x95,0xf8,0x95,0xf8,0x70,0xc0,0x02,0x18,0x00,0x00,0x00,0x00,0x01,0x10,0x03,0x28,0x03,0x20,0x00,0x00,0x00,0x00,
  0x00,0x00,0x00,0x00,0x00,0x00,0x00,0x00,0x02,0x18,0x29,0x68,0x70,0xb8,0x94,0xe0,0x73,0xe0,0x94,0xe8,0x95,0xf0,0x73,0xe0,
  0x4c,0x90,0x26,0x48,0x00,0x00,0x00,0x00,0x00,0x00,0x00,0x00,0x00,0x00,0x00,0x00,0x02,0x20,0x25,0x40,0x25,0x38,0x02,0x18,
  0x00,0x00,0x00,0x00,0x28,0x60,0x93,0xe0,0x94,0xe8,0x94,0xf0,0x95,0xf0,0x95,0xf0,0x94,0xf0,0x94,0xe8,0x94,0xe8,0x94,0xe8,
  0x94,0xf0,0x94,0xf0,0x94,0xe8,0x4d,0x98,0x00,0x00,0x00,0x00,0x00,0x00,0x26,0x40,0x93,0xe0,0x94,0xf0,0x94,0xe8,0x94,0xe8,
  0x94,0xf0,0x94,0xe8,0x94,0xe8,0x94,0xe8,0x94,0xe8,0x94,0xf0,0x94,0xe8,0x94,0xf0,0x94,0xe8,0x95,0xf0,0x72,0xd0,0x26,0x48,
  0x00,0x00,0x20,0x00,0x62,0x00,0x61,0x00,0x41,0x00,0x61,0x00,0x61,0x00,0x61,0x00,0x61,0x00,0x41,0x00,0x41,0x00,0x61,0x00,
  0xc8,0x01,0x16,0x05,0x77,0x05,0x16,0x05,0xf5,0x04,0x32,0x04,0x52,0x04,0x36,0x05,0x16,0x05,0x78,0x05,0x0d,0x03,0x00,0x00,
  0x00,0x00,0x00,0x00,0x00,0x00,0x00,0x00,0x00,0x00,0xa2,0x00,0x11,0x04,0x57,0x05,0x57,0x05,0x57,0x05,0x36,0x05,0x16,0x05,
  0x16,0x05,0x57,0x05,0x6f,0x03,0x41,0x00,0x00,0x00,0x00,0x00,0x00,0x00,0x00,0x00,0x00,0x00,0x00,0x00,0x00,0x00,0x00,0x00,
  0x00,0x00,0x00,0x00,0x00,0x00,0x00,0x00,0x00,0x00,0x00,0x00,0x00,0x00,0x00,0x00,0x00,0x00,0x00,0x00,0x00,0x00,0x00,0x00,
  0x00,0x00,0x00,0x00,0x00,0x00,0x00,0x00,0x00,0x00,0x00,0x00,0x00,0x00,0x00,0x00,0x00,0x00,0x00,0x00,0x00,0x00,0x00,0x00,
  0x00,0x00,0x00,0x00,0x00,0x00,0x00,0x00,0x00,0x00,0x00,0x00,0x00,0x00,0x00,0x00,0x00,0x00,0x00,0x00,0x00,0x00,0x00,0x00,
  0xa3,0x00,0x12,0x04,0x98,0x05,0x57,0x05,0x36,0x05,0x57,0x05,0x98,0x05,0x73,0x04,0xa3,0x00,0x00,0x00,0x00,0x00,0x00,0x00,
  0x00,0x00,0x00,0x00,0x00,0x00,0x00,0x00,0x00,0x00,0x00,0x00,0x87,0x01,0x98,0x05,0xb9,0x05,0xd0,0x03,0x00,0x00,0x20,0x00,
  0x20,0x00,0x00,0x00,0x32,0x04,0xfa,0x05,0x78,0x05,0xfa,0x05,0xd9,0x05,0xfa,0x05,0x1a,0x06,0x25,0x01,0x01,0x20,0x6f,0xb0,
  0x94,0xf0,0x94,0xe8,0x94,0xe8,0x94,0xf0,0x95,0xf0,0x94,0xe8,0x94,0xe8,0x94,0xf0,0x94,0xe8,0x94,0xe8,0x94,0xe8,0x4a,0x78,
  0x00,0x00,0x00,0x00,0x00,0x00,0x00,0x00,0x00,0x00,0x00,0x00,0x00,0x00,0x00,0x00,0x00,0x00,0x00,0x00,0x00,0x00,0x25,0x40,
  0x4e,0xa0,0x94,0xe8,0x95,0xf0,0x94,0xe8,0x93,0xe0,0x94,0xe8,0x94,0xf0,0x95,0xf0,0x95,0xf0,0x71,0xc8,0x4a,0x70,0x03,0x28,
  0x01,0x10,0x00,0x00,0x00,0x00,0x00,0x00,0x00,0x00,0x00,0x00,0x00,0x00,0x00,0x00,0x00,0x00,0x00,0x00,0x25,0x38,0x71,0xc0,
  0x94,0xe8,0x94,0xe8,0x95,0xf0,0x95,0xf0,0x94,0xf0,0x94,0xe8,0x94,0xe8,0x94,0xe8,0x94,0xe8,0x94,0xe8,0x73,0xd8,0x28,0x58,
  0x00,0x00,0x00,0x00,0x00,0x00,0x26,0x48,0x94,0xf0,0x95,0xf0,0x94,0xe8,0x94,0xf0,0x94,0xf0,0x94,0xe8,0x94,0xe8,0x94,0xe8,
  0x94,0xe8,0x94,0xe8,0x94,0xe8,0x94,0xe8,0x94,0xe8,0x95,0xf0,0x72,0xd0,0x27,0x50,0x20,0x00,0xec,0x02,0x53,0x04,0xf1,0x03,
  0xd0,0x03,0xf1,0x03,0x11,0x04,0xd0,0x03,0x11,0x04,0xf1,0x03,0xd0,0x03,0xf1,0x03,0x93,0x04,0x57,0x05,0x57,0x05,0x16,0x05,
  0x08,0x02,0x61,0x00,0xa3,0x00,0x4e,0x03,0x57,0x05,0x77,0x05,0x93,0x04,0xa2,0x00,0x00,0x00,0x00,0x00,0x00,0x00,0x00,0x00,
  0x00,0x00,0x00,0x00,0x04,0x01,0x32,0x04,0x57,0x05,0x36,0x05,0xd5,0x04,0xd5,0x04,0x57,0x05,0x32,0x04,0x45,0x01,0x00,0x00,
  0x00,0x00,0x00,0x00,0x00,0x00,0x00,0x00,0x00,0x00,0x00,0x00,0x00,0x00,0x00,0x00,0x00,0x00,0x00,0x00,0x00,0x00,0x00,0x00,
  0x00,0x00,0x00,0x00,0x00,0x00,0x00,0x00,0x00,0x00,0x00,0x00,0x00,0x00,0x00,0x00,0x00,0x00,0x00,0x00,0x00,0x00,0x00,0x00,
  0x00,0x00,0x00,0x00,0x00,0x00,0x00,0x00,0x00,0x00,0x00,0x00,0x00,0x00,0x00,0x00,0x00,0x00,0x00,0x00,0x00,0x00,0x00,0x00,
  0x00,0x00,0x00,0x00,0x00,0x00,0x00,0x00,0x00,0x00,0x00,0x00,0x00,0x00,0x00,0x00,0x00,0x00,0x00,0x00,0x09,0x02,0x8f,0x03,
  0x11,0x04,0xb0,0x03,0x6a,0x02,0x41,0x00,0x00,0x00,0x00,0x00,0x00,0x00,0x00,0x00,0x00,0x00,0x00,0x00,0x00,0x00,0x00,0x00,
  0x00,0x00,0x00,0x00,0x66,0x01,0x98,0x05,0x57,0x05,0xd5,0x04,0x04,0x01,0x00,0x00,0x00,0x00,0x46,0x01,0x57,0x05,0x57,0x05,
  0x98,0x05,0x98,0x05,0x77,0x05,0x57,0x05,0xfa,0x05,0x4e,0x03,0x00,0x00,0x27,0x50,0x93,0xe0,0x94,0xf0,0x94,0xe8,0x94,0xe8,
  0x94,0xf0,0x94,0xe8,0x94,0xe8,0x94,0xe8,0x94,0xe8,0x94,0xe8,0x94,0xf0,0x4c,0x88,0x00,0x00,0x00,0x00,0x00,0x00,0x00,0x00,
  0x00,0x00,0x00,0x00,0x00,0x00,0x00,0x00,0x00,0x08,0x25,0x38,0x4d,0x98,0x73,0xe0,0x95,0xf0,0x95,0xf0,0x94,0xe8,0x94,0xe8,
  0x94,0xf0,0x94,0xf0,0x94,0xf0,0x95,0xf0,0x94,0xe8,0x94,0xe8,0x94,0xe8,0x71,0xc8,0x49,0x70,0x02,0x18,0x00,0x00,0x00,0x00,
  0x00,0x00,0x00,0x00,0x00,0x00,0x00,0x00,0x00,0x00,0x00,0x00,0x25,0x40,0x71,0xc8,0x94,0xe8,0x94,0xe8,0x95,0xf0,0x95,0xf0,
  0x94,0xe8,0x94,0xe8,0x94,0xe8,0x94,0xe8,0x94,0xf0,0x95,0xf8,0x70,0xb8,0x01,0x10,0x00,0x00,0x00,0x00,0x00,0x00,0x27,0x50,
  0x95,0xf0,0x95,0xf8,0x94,0xe8,0x94,0xe8,0x94,0xe8,0x94,0xe8,0x94,0xe8,0x94,0xe8,0x94,0xe8,0x94,0xe8,0x94,0xe8,0x94,0xf0,
  0x94,0xf0,0x95,0xf0,0x72,0xd0,0x06,0x48,0x20,0x00,0xf1,0x03,0xfa,0x05,0x77,0x05,0x57,0x05,0x98,0x05,0x98,0x05,0x57,0x05,
  0x98,0x05,0x98,0x05,0x77,0x05,0x57,0x05,0x78,0x05,0x77,0x05,0x78,0x05,0xb0,0x03,0xc3,0x00,0x00,0x00,0x00,0x00,0xe3,0x00,
  0xb4,0x04,0x77,0x05,0xd5,0x04,0xe4,0x00,0x00,0x00,0x00,0x00,0x00,0x00,0x00,0x00,0x00,0x00,0x00,0x00,0x00,0x00,0xa2,0x00,
  0x08,0x02,0x4e,0x03,0xf1,0x03,0x6f,0x03,0xe8,0x01,0xc3,0x00,0x00,0x00,0x00,0x00,0x00,0x00,0x00,0x00,0x00,0x00,0x00,0x00,
  0x00,0x00,0x00,0x00,0x00,0x00,0x00,0x00,0x00,0x00,0x00,0x00,0x00,0x00,0x00,0x00,0x00,0x00,0x00,0x00,0x00,0x00,0x00,0x00,
  0x00,0x00,0x00,0x00,0x00,0x00,0x00,0x00,0x00,0x00,0x00,0x00,0x00,0x00,0x00,0x00,0x00,0x00,0x00,0x00,0x00,0x00,0x00,0x00,
  0x00,0x00,0x00,0x00,0x00,0x00,0x00,0x00,0x00,0x00,0x00,0x00,0x00,0x00,0x00,0x00,0x00,0x00,0x00,0x00,0x00,0x00,0x00,0x00,
  0x00,0x00,0x00,0x00,0x00,0x00,0x00,0x00,0x00,0x00,0x00,0x00,0x00,0x00,0x00,0x00,0x41,0x00,0x20,0x00,0x00,0x00,0x00,0x00,
  0x00,0x00,0x00,0x00,0x00,0x00,0x00,0x00,0x00,0x00,0x00,0x00,0x00,0x00,0x00,0x00,0x00,0x00,0x00,0x00,0xa3,0x00,0xf5,0x04,
  0x57,0x05,0x57,0x05,0x73,0x04,0x6a,0x02,0x6a,0x02,0xd5,0x04,0x98,0x05,0x78,0x05,0x37,0x05,0xa7,0x01,0x04,0x01,0xe4,0x00,
  0x04,0x01,0xc3,0x00,0x00,0x00,0x02,0x18,0x6f,0xb0,0x95,0xf0,0x94,0xe8,0x94,0xe8,0x94,0xf0,0x94,0xe8,0x94,0xe8,0x94,0xe8,
  0x94,0xe8,0x94,0xf0,0x95,0xf0,0x72,0xd0,0x28,0x58,0x02,0x18,0x00,0x00,0x00,0x00,0x00,0x00,0x00,0x00,0x00,0x00,0x01,0x10,
  0x4b,0x78,0x72,0xd0,0x94,0xe8,0x93,0xe0,0x94,0xf0,0x95,0xf0,0x95,0xf0,0x94,0xe8,0x94,0xe8,0x94,0xf0,0x95,0xf0,0x95,0xf0,
  0x94,0xf0,0x94,0xe8,0x94,0xe8,0x95,0xf0,0x93,0xd8,0x4e,0xa0,0x25,0x38,0x00,0x00,0x00,0x00,0x00,0x00,0x00,0x00,0x00,0x00,
  0x00,0x00,0x02,0x10,0x4b,0x80,0x94,0xe8,0x94,0xe8,0x94,0xe8,0x94,0xe8,0x94,0xe8,0x94,0xe8,0x94,0xe8,0x94,0xe8,0x94,0xf0,
  0x94,0xf0,0x94,0xe8,0x49,0x68,0x00,0x00,0x00,0x00,0x00,0x00,0x00,0x00,0x26,0x48,0x94,0xe8,0x95,0xf0,0x94,0xe8,0x94,0xe8,
  0x94,0xe8,0x94,0xe8,0x94,0xe8,0x94,0xe8,0x94,0xe8,0x94,0xe8,0x94,0xe8,0x94,0xf0,0x94,0xf0,0x95,0xf0,0x72,0xd0,0x05,0x40,
  0x20,0x00,0x12,0x04,0xfa,0x05,0x98,0x05,0x98,0x05,0xd9,0x05,0xd9,0x05,0x77,0x05,0xb8,0x05,0x98,0x05,0x77,0x05,0x78,0x05,
  0xb9,0x05,0x57,0x05,0x57,0x05,0x8f,0x03,0x20,0x00,0x00,0x00,0x00,0x00,0x25,0x01,0xd5,0x04,0x57,0x05,0xd5,0x04,0xc3,0x00,
  0x00,0x00,0x00,0x00,0x00,0x00,0x00,0x00,0x00,0x00,0x00,0x00,0x00,0x00,0x00,0x00,0x00,0x00,0x20,0x00,0x82,0x00,0x41,0x00,
  0x00,0x00,0x00,0x00,0x00,0x00,0x00,0x00,0x00,0x00,0x00,0x00,0x00,0x00,0x00,0x00,0x00,0x00,0x00,0x00,0x00,0x00,0x00,0x00,
  0x00,0x00,0x00,0x00,0x00,0x00,0x00,0x00,0x00,0x00,0x00,0x00,0x00,0x00,0x00,0x00,0x00,0x00,0x00,0x00,0x00,0x00,0x00,0x00,
  0x00,0x00,0x00,0x00,0x00,0x00,0x00,0x00,0x00,0x00,0x00,0x00,0x00,0x00,0x00,0x00,0x00,0x00,0x00,0x00,0x00,0x00,0x00,0x00,
  0x00,0x00,0x00,0x00,0x00,0x00,0x00,0x00,0x00,0x00,0x00,0x00,0x00,0x00,0x00,0x00,0x00,0x00,0x00,0x00,0x00,0x00,0x00,0x00,
  0x00,0x00,0x00,0x00,0x00,0x00,0x00,0x00,0x00,0x00,0x00,0x00,0x00,0x00,0x00,0x00,0x00,0x00,0x00,0x00,0x00,0x00,0x00,0x00,
  0x00,0x00,0x00,0x00,0x00,0x00,0x00,0x00,0x00,0x00,0x00,0x00,0x00,0x00,0x6a,0x02,0x1a,0x06,0x78,0x05,0x98,0x05,0x98,0x05,
  0xb8,0x05,0xb8,0x05,0x98,0x05,0x1a,0x06,0xab,0x02,0x00,0x00,0x00,0x00,0x00,0x00,0x00,0x00,0x00,0x00,0x00,0x00,0x00,0x00,
  0x26,0x48,0x73,0xd8,0x94,0xf0,0x94,0xe8,0x94,0xe8,0x94,0xf0,0x94,0xf0,0x94,0xe8,0x94,0xf0,0x95,0xf0,0x95,0xf0,0x94,0xe8,
  0x71,0xd0,0x4d,0x90,0x03,0x28,0x00,0x00,0x00,0x00,0x00,0x00,0x00,0x00,0x28,0x58,0x93,0xe0,0x95,0xf8,0x94,0xf0,0x94,0xe8,
  0x94,0xe8,0x95,0xf0,0x95,0xf0,0x94,0xf0,0x94,0xe8,0x94,0xe8,0x94,0xf0,0x94,0xf0,0x94,0xf0,0x94,0xe8,0x94,0xe8,0x94,0xe8,
  0x94,0xe8,0x94,0xf0,0x6f,0xb0,0x03,0x20,0x00,0x00,0x00,0x00,0x00,0x00,0x00,0x00,0x26,0x48,0x4e,0xa0,0x73,0xd8,0x94,0xf0,
  0x94,0xe8,0x94,0xe8,0x94,0xe8,0x94,0xe8,0x94,0xf0,0x94,0xf0,0x94,0xf0,0x94,0xe8,0x94,0xf0,0x6e,0xa8,0x02,0x18,0x00,0x00,
  0x00,0x00,0x00,0x00,0x00,0x00,0x26,0x48,0x93,0xe8,0x94,0xf0,0x94,0xe8,0x94,0xe8,0x94,0xe8,0x94,0xe8,0x94,0xe8,0x94,0xe8,
  0x94,0xe8,0x94,0xe8,0x94,0xe8,0x94,0xf0,0x94,0xf0,0x95,0xf0,0x71,0xd0,0x26,0x40,0x00,0x00,0x87,0x01,0x2d,0x03,0x8b,0x02,
  0x6a,0x02,0x8b,0x02,0x8b,0x02,0x6a,0x02,0x6a,0x02,0x6a,0x02,0x8b,0x02,0xab,0x02,0x11,0x04,0x57,0x05,0x36,0x05,0xf5,0x04,
  0x09,0x02,0x82,0x00,0x86,0x01,0xaf,0x03,0x36,0x05,0x77,0x05,0x94,0x04,0x82,0x00,0x00,0x00,0x00,0x00,0x00,0x00,0x00,0x00,
  0x00,0x00,0x00,0x00,0x00,0x00,0x00,0x00,0x00,0x00,0x00,0x00,0x00,0x00,0x00,0x00,0x00,0x00,0x00,0x00,0x00,0x00,0x00,0x00,
  0x00,0x00,0x00,0x00,0x00,0x00,0x00,0x00,0x00,0x00,0x00,0x00,0x00,0x00,0x00,0x00,0x00,0x00,0x00,0x00,0x00,0x00,0x00,0x00,
  0x00,0x00,0x00,0x00,0x00,0x00,0x00,0x00,0x00,0x00,0x00,0x00,0x00,0x00,0x00,0x00,0x00,0x00,0x00,0x00,0x00,0x00,0x00,0x00,
  0x00,0x00,0x00,0x00,0x00,0x00,0x00,0x00,0x00,0x00,0x00,0x00,0x00,0x00,0x00,0x00,0x00,0x00,0x00,0x00,0x00,0x00,0x00,0x00,
  0x00,0x00,0x00,0x00,0x00,0x00,0x00,0x00,0x00,0x00,0x00,0x00,0x00,0x00,0x00,0x00,0x00,0x00,0x00,0x00,0x00,0x00,0x00,0x00,
  0x00,0x00,0x00,0x00,0x00,0x00,0x00,0x00,0x00,0x00,0x00,0x00,0x00,0x00,0x00,0x00,0x00,0x00,0x00,0x00,0x00,0x00,0x00,0x00,
  0x00,0x00,0x00,0x00,0x00,0x00,0x00,0x00,0x6e,0x03,0xfa,0x05,0xd9,0x05,0x77,0x05,0x77,0x05,0xfa,0x05,0x3b,0x06,0xb0,0x03,
  0x20,0x00,0x00,0x00,0x00,0x00,0x00,0x00,0x00,0x00,0x00,0x00,0x00,0x00,0x00,0x00,0x00,0x00,0x4c,0x90,0x94,0xf0,0x94,0xe8,
  0x94,0xe8,0x94,0xe8,0x94,0xe8,0x94,0xe8,0x94,0xf0,0x94,0xf0,0x94,0xe8,0x93,0xe0,0x93,0xe0,0x71,0xc8,0x25,0x40,0x00,0x00,
  0x00,0x00,0x00,0x00,0x03,0x28,0x6f,0xb0,0x94,0xe8,0x94,0xf0,0x94,0xf0,0x94,0xe8,0x95,0xf0,0x94,0xf0,0x94,0xe8,0x94,0xe8,
  0x94,0xe8,0x94,0xe8,0x94,0xf0,0x94,0xf0,0x94,0xe8,0x94,0xf0,0x94,0xe8,0x94,0xe8,0x95,0xf0,0x94,0xf0,0x73,0xe0,0x29,0x68,
  0x00,0x00,0x00,0x00,0x00,0x00,0x00,0x00,0x4c,0x88,0x94,0xe8,0x95,0xf0,0x94,0xf0,0x94,0xf0,0x94,0xe8,0x94,0xe8,0x94,0xe8,
  0x95,0xf0,0x95,0xf0,0x94,0xf0,0x94,0xe8,0x72,0xd8,0x25,0x38,0x00,0x00,0x00,0x00,0x00,0x00,0x00,0x00,0x00,0x00,0x26,0x48,
  0x94,0xe8,0x95,0xf0,0x94,0xe8,0x94,0xe8,0x94,0xe8,0x94,0xe8,0x94,0xe8,0x94,0xe8,0x94,0xe8,0x94,0xe8,0x94,0xe8,0x94,0xe8,
  0x94,0xf0,0x95,0xf0,0x72,0xd0,0x26,0x48,0x00,0x00,0x00,0x00,0x20,0x00,0x00,0x00,0x00,0x00,0x00,0x00,0x00,0x00,0x00,0x00,
  0x00,0x00,0x00,0x00,0x00,0x00,0x00,0x00,0xe3,0x00,0xb4,0x04,0x98,0x05,0x36,0x05,0x16,0x05,0x52,0x04,0x94,0x04,0x77,0x05,
  0x36,0x05,0xb8,0x05,0x4e,0x03,0x20,0x00,0x00,0x00,0x00,0x00,0x00,0x00,0x00,0x00,0x00,0x00,0x00,0x00,0x00,0x00,0x00,0x00,
  0x00,0x00,0x00,0x00,0x00,0x00,0x00,0x00,0x00,0x00,0x00,0x00,0x00,0x00,0x00,0x00,0x00,0x00,0x00,0x00,0x00,0x00,0x00,0x00,
  0x00,0x00,0x00,0x00,0x00,0x00,0x00,0x00,0x00,0x00,0x00,0x00,0x00,0x00,0x00,0x00,0x00,0x00,0x00,0x00,0x00,0x00,0x00,0x00,
  0x00,0x00,0x00,0x00,0x00,0x00,0x00,0x00,0x00,0x00,0x00,0x00,0x00,0x00,0x00,0x00,0x00,0x00,0x00,0x00,0x00,0x00,0x00,0x00,
  0x00,0x00,0x00,0x00,0x00,0x00,0x00,0x00,0x00,0x00,0x00,0x00,0x00,0x00,0x00,0x00,0x00,0x00,0x00,0x00,0x00,0x00,0x00,0x00,
  0x00,0x00,0x00,0x00,0x00,0x00,0x00,0x00,0x00,0x00,0x00,0x00,0x00,0x00,0x00,0x00,0x00,0x00,0x00,0x00,0x00,0x00,0x00,0x00,
  0x00,0x00,0x00,0x00,0x00,0x00,0x00,0x00,0x00,0x00,0x00,0x00,0x00,0x00,0x00,0x00,0x00,0x00,0x00,0x00,0x00,0x00,0x00,0x00,
  0x00,0x00,0x66,0x01,0x8f,0x03,0xb4,0x04,0xd5,0x04,0x11,0x04,0x09,0x02,0x00,0x00,0x00,0x00,0x00,0x00,0x00,0x00,0x00,0x00,
  0x00,0x00,0x00,0x00,0x00,0x00,0x00,0x00,0x00,0x00,0x04,0x30,0x70,0xc0,0x94,0xf0,0x94,0xe8,0x94,0xe8,0x94,0xe8,0x94,0xe8,
  0x94,0xf0,0x94,0xf0,0x94,0xe8,0x94,0xe8,0x93,0xe0,0x70,0xb8,0x04,0x30,0x00,0x00,0x00,0x00,0x00,0x00,0x26,0x48,0x71,0xc8,
  0x94,0xe8,0x94,0xf0,0x94,0xf0,0x94,0xe8,0x94,0xf0,0x94,0xe8,0x94,0xe8,0x94,0xe8,0x94,0xe8,0x94,0xe8,0x94,0xe8,0x94,0xe8,
  0x94,0xe8,0x94,0xe8,0x94,0xe8,0x94,0xe8,0x94,0xe8,0x94,0xf0,0x94,0xe8,0x4c,0x90,0x01,0x10,0x00,0x00,0x00,0x00,0x00,0x00,
  0x2a,0x70,0x94,0xe8,0x95,0xf0,0x95,0xf0,0x95,0xf0,0x94,0xe8,0x94,0xe8,0x94,0xe8,0x94,0xf0,0x94,0xe8,0x94,0xf0,0x94,0xe8,
  0x4a,0x78,0x00,0x00,0x00,0x00,0x00,0x00,0x00,0x00,0x00,0x00,0x00,0x00,0x26,0x50,0x94,0xe8,0x94,0xf0,0x94,0xe8,0x94,0xf0,
  0x94,0xe8,0x94,0xe8,0x94,0xe8,0x94,0xf0,0x94,0xf0,0x94,0xe8,0x94,0xe8,0x94,0xe8,0x94,0xf0,0x95,0xf0,0x72,0xd0,0x26,0x48,
  0x00,0x00,0x00,0x00,0x00,0x00,0x00,0x00,0x00,0x00,0x00,0x00,0x00,0x00,0x00,0x00,0x00,0x00,0x00,0x00,0x00,0x00,0x00,0x00,
  0x00,0x00,0x09,0x02,0x77,0x05,0x77,0x05,0x15,0x05,0x16,0x05,0x16,0x05,0x57,0x05,0x78,0x05,0xf1,0x03,0xa2,0x00,0x00,0x00,
  0x00,0x00,0x00,0x00,0x00,0x00,0x00,0x00,0x00,0x00,0x00,0x00,0x00,0x00,0x00,0x00,0x00,0x00,0x00,0x00,0x00,0x00,0x00,0x00,
  0x00,0x00,0x00,0x00,0x00,0x00,0x00,0x00,0x00,0x00,0x00,0x00,0x00,0x00,0x00,0x00,0x00,0x00,0x00,0x00,0x00,0x00,0x00,0x00,
  0x00,0x00,0x00,0x00,0x00,0x00,0x00,0x00,0x00,0x00,0x00,0x00,0x00,0x00,0x00,0x00,0x00,0x00,0x00,0x00,0x00,0x00,0x00,0x00,
  0x00,0x00,0x00,0x00,0x00,0x00,0x00,0x00,0x00,0x00,0x00,0x00,0x00,0x00,0x00,0x00,0x00,0x00,0x00,0x00,0x00,0x00,0x00,0x00,
  0x00,0x00,0x00,0x00,0x00,0x00,0x00,0x00,0x00,0x00,0x00,0x00,0x00,0x00,0x00,0x00,0x00,0x00,0x00,0x00,0x00,0x00,0x00,0x00,
  0x00,0x00,0x00,0x00,0x00,0x00,0x00,0x00,0x00,0x00,0x00,0x00,0x00,0x00,0x00,0x00,0x00,0x00,0x00,0x00,0x00,0x00,0x00,0x00,
  0x00,0x00,0x00,0x00,0x00,0x00,0x00,0x00,0x00,0x00,0x00,0x00,0x00,0x00,0x00,0x00,0x00,0x00,0x00,0x00,0x00,0x00,0x82,0x00,
  0x82,0x00,0x00,0x00,0x00,0x00,0x00,0x00,0x00,0x00,0x00,0x00,0x00,0x00,0x00,0x00,0x00,0x00,0x00,0x00,0x00,0x00,0x00,0x00,
  0x00,0x00,0x00,0x00,0x28,0x58,0x73,0xe0,0x94,0xf0,0x94,0xf0,0x94,0xe8,0x94,0xe8,0x94,0xf0,0x95,0xf0,0x95,0xf0,0x94,0xe8,
  0x94,0xe8,0x73,0xe0,0x4a,0x78,0x00,0x00,0x00,0x00,0x00,0x08,0x49,0x68,0x73,0xe0,0x94,0xe8,0x94,0xf0,0x94,0xe8,0x94,0xe8,
  0x94,0xe8,0x94,0xe8,0x94,0xe8,0x94,0xe8,0x94,0xe8,0x94,0xe8,0x94,0xe8,0x94,0xe8,0x94,0xe8,0x94,0xe8,0x94,0xe8,0x94,0xe8,
  0x94,0xe8,0x94,0xe8,0x95,0xf0,0x71,0xc0,0x03,0x20,0x00,0x00,0x00,0x00,0x02,0x20,0x4e,0xa8,0x94,0xe8,0x94,0xe8,0x94,0xe8,
  0x94,0xf0,0x94,0xe8,0x94,0xe8,0x94,0xf0,0x94,0xf0,0x94,0xe8,0x73,0xe0,0x6f,0xb0,0x02,0x20,0x00,0x00,0x00,0x00,0x00,0x00,
  0x00,0x00,0x00,0x00,0x00,0x00,0x26,0x50,0x94,0xe8,0x94,0xe8,0x94,0xe8,0x94,0xf0,0x94,0xe8,0x94,0xe8,0x94,0xf0,0x94,0xf0,
  0x94,0xf0,0x94,0xe8,0x94,0xe8,0x94,0xe8,0x94,0xe8,0x95,0xf0,0x72,0xd0,0x26,0x48,0x00,0x00,0x00,0x00,0x00,0x00,0x00,0x00,
  0x00,0x00,0x00,0x00,0x00,0x00,0x00,0x00,0x00,0x00,0x00,0x00,0x00,0x00,0x00,0x00,0x00,0x00,0x41,0x00,0xa7,0x01,0x11,0x04,
  0x16,0x05,0x36,0x05,0x16,0x05,0xd4,0x04,0x2d,0x03,0xa2,0x00,0x00,0x00,0x00,0x00,0x00,0x00,0x00,0x00,0x00,0x00,0x00,0x00,
  0x00,0x00,0x00,0x00,0x00,0x00,0x00,0x00,0x00,0x00,0x00,0x00,0x00,0x00,0x00,0x00,0x00,0x00,0x00,0x00,0x00,0x00,0x00,0x00,
  0x00,0x00,0x00,0x00,0x00,0x00,0x00,0x00,0x00,0x00,0x00,0x00,0x00,0x00,0x00,0x00,0x00,0x00,0x00,0x00,0x00,0x00,0x00,0x00,
  0x00,0x00,0x00,0x00,0x00,0x00,0x00,0x00,0x00,0x00,0x00,0x00,0x00,0x00,0x00,0x00,0x00,0x00,0x00,0x00,0x00,0x00,0x00,0x00,
  0x00,0x00,0x00,0x00,0x00,0x00,0x00,0x00,0x00,0x00,0x00,0x00,0x00,0x00,0x00,0x00,0x00,0x00,0x00,0x00,0x00,0x00,0x00,0x00,
  0x00,0x00,0x00,0x00,0x00,0x00,0x00,0x00,0x00,0x00,0x00,0x00,0x00,0x00,0x00,0x00,0x00,0x00,0x00,0x00,0x00,0x00,0x00,0x00,
  0x00,0x00,0x00,0x00,0x00,0x00,0x00,0x00,0x00,0x00,0xa3,0x00,0x2e,0x03,0xf1,0x03,0xaf,0x03,0xcc,0x02,0xe3,0x00,0x00,0x00,
  0x00,0x00,0x00,0x00,0x00,0x00,0x00,0x00,0x00,0x00,0x00,0x00,0x00,0x00,0x00,0x00,0x00,0x00,0x00,0x00,0x00,0x00,0x00,0x00,
  0x00,0x00,0x00,0x00,0x00,0x00,0x00,0x00,0x00,0x00,0x00,0x00,0x00,0x00,0x00,0x00,0x00,0x00,0x00,0x00,0x01,0x08,0x4b,0x88,
  0x94,0xe8,0x94,0xe8,0x94,0xf0,0x94,0xe8,0x94,0xe8,0x95,0xf0,0x94,0xf0,0x94,0xf0,0x94,0xe8,0x94,0xf0,0x72,0xd0,0x4a,0x70,
  0x27,0x58,0x4a,0x78,0x71,0xc0,0x94,0xe8,0x94,0xe8,0x94,0xf0,0x94,0xf0,0x94,0xe8,0x94,0xe8,0x94,0xe8,0x94,0xe8,0x94,0xe8,
  0x94,0xe8,0x94,0xe8,0x94,0xe8,0x94,0xe8,0x94,0xe8,0x94,0xe8,0x94,0xe8,0x94,0xf0,0x94,0xf0,0x94,0xe8,0x94,0xe8,0x94,0xe8,
  0x4e,0xa0,0x28,0x58,0x26,0x50,0x4b,0x88,0x94,0xe8,0x94,0xf0,0x94,0xe8,0x94,0xe8,0x94,0xe8,0x94,0xf0,0x94,0xf0,0x95,0xf0,
  0x94,0xf0,0x94,0xf0,0x71,0xc0,0x04,0x30,0x00,0x00,0x00,0x00,0x00,0x00,0x00,0x00,0x00,0x00,0x00,0x00,0x00,0x00,0x26,0x50,
  0x94,0xe8,0x94,0xe8,0x94,0xe8,0x94,0xf0,0x94,0xe8,0x94,0xe8,0x94,0xf0,0x94,0xf0,0x94,0xf0,0x94,0xe8,0x94,0xe8,0x94,0xe8,
  0x94,0xe8,0x95,0xf0,0x72,0xd0,0x26,0x40,0x00,0x00,0x00,0x00,0x00,0x00,0x00,0x00,0x00,0x00,0x00,0x00,0x00,0x00,0x00,0x00,
  0x00,0x00,0x00,0x00,0x00,0x00,0x00,0x00,0x00,0x00,0x00,0x00,0x00,0x00,0x82,0x00,0xc8,0x01,0x4a,0x02,0x29,0x02,0x25,0x01,
  0x00,0x00,0x00,0x00,0x00,0x00,0x00,0x00,0x00,0x00,0x20,0x00,0x25,0x01,0x49,0x02,0x08,0x02,0x29,0x02,0xa7,0x01,0xc3,0x00,
  0x00,0x00,0x00,0x00,0x00,0x00,0x00,0x00,0x00,0x00,0x00,0x00,0x00,0x00,0x00,0x00,0x00,0x00,0x00,0x00,0x00,0x00,0x00,0x00,
  0x00,0x00,0x00,0x00,0x00,0x00,0x00,0x00,0x00,0x00,0x00,0x00,0x00,0x00,0x00,0x00,0x00,0x00,0x00,0x00,0x00,0x00,0x00,0x00,
  0x00,0x00,0x00,0x00,0x00,0x00,0x00,0x00,0x00,0x00,0x00,0x00,0x00,0x00,0x00,0x00,0x00,0x00,0x00,0x00,0x00,0x00,0x00,0x00,
  0x00,0x00,0x00,0x00,0x00,0x00,0x00,0x00,0x00,0x00,0x00,0x00,0x00,0x00,0x00,0x00,0x00,0x00,0x00,0x00,0x00,0x00,0x00,0x00,
  0x00,0x00,0x00,0x00,0x00,0x00,0x00,0x00,0x00,0x00,0x00,0x00,0x00,0x00,0x00,0x00,0x00,0x00,0x00,0x00,0x00,0x00,0x00,0x00,
  0x45,0x01,0xf5,0x04,0xf9,0x05,0x98,0x05,0xb9,0x05,0xd9,0x05,0x57,0x05,0x8b,0x02,0x00,0x00,0x00,0x00,0x00,0x00,0x00,0x00,
  0x00,0x00,0x00,0x00,0x00,0x00,0x00,0x00,0x00,0x00,0x00,0x00,0x00,0x00,0x00,0x00,0x00,0x00,0x00,0x00,0x00,0x00,0x00,0x00,
  0x00,0x00,0x00,0x00,0x00,0x00,0x00,0x00,0x00,0x00,0x00,0x00,0x00,0x00,0x02,0x20,0x6e,0xa0,0x94,0xe8,0x94,0xe8,0x94,0xe8,
  0x94,0xe8,0x94,0xe8,0x94,0xe8,0x94,0xe8,0x94,0xf0,0x94,0xe8,0x94,0xe8,0x95,0xf0,0x94,0xe8,0x94,0xe8,0x94,0xe8,0x94,0xe8,
  0x94,0xe8,0x94,0xe8,0x95,0xf0,0x95,0xf0,0x94,0xf0,0x94,0xf0,0x94,0xe8,0x94,0xe8,0x94,0xe8,0x94,0xe8,0x94,0xe8,0x94,0xe8,
  0x94,0xe8,0x94,0xe8,0x94,0xe8,0x94,0xf0,0x95,0xf0,0x94,0xf0,0x94,0xe8,0x94,0xf0,0x95,0xf8,0x94,0xe8,0x94,0xe8,0x94,0xf0,
  0x94,0xe8,0x94,0xf0,0x94,0xe8,0x94,0xf0,0x95,0xf0,0x94,0xf0,0x94,0xf0,0x94,0xe8,0x94,0xf0,0x73,0xe0,0x29,0x68,0x00,0x00,
  0x00,0x00,0x00,0x00,0x00,0x00,0x00,0x00,0x00,0x00,0x00,0x00,0x00,0x00,0x26,0x50,0x94,0xe8,0x94,0xe8,0x94,0xe8,0x94,0xf0,
  0x94,0xe8,0x94,0xe8,0x94,0xf0,0x94,0xf0,0x94,0xf0,0x94,0xe8,0x94,0xe8,0x94,0xe8,0x94,0xe8,0x95,0xf0,0x71,0xc8,0x25,0x38,
  0x00,0x00,0x00,0x00,0x41,0x00,0x00,0x00,0x00,0x00,0x00,0x00,0x00,0x00,0x00,0x00,0x00,0x00,0x00,0x00,0x00,0x00,0x61,0x00,
  0x00,0x00,0x00,0x00,0x00,0x00,0x00,0x00,0x00,0x00,0x00,0x00,0x00,0x00,0x00,0x00,0x00,0x00,0x00,0x00,0x00,0x00,0x00,0x00,
  0x20,0x00,0xac,0x02,0xf5,0x04,0x77,0x05,0x36,0x05,0x37,0x05,0x57,0x05,0xb4,0x04,0x2e,0x03,0x86,0x01,0x00,0x00,0x00,0x00,
  0x00,0x00,0x00,0x00,0x00,0x00,0x00,0x00,0x00,0x00,0x00,0x00,0x00,0x00,0x00,0x00,0x00,0x00,0x00,0x00,0x00,0x00,0x00,0x00,
  0x00,0x00,0x00,0x00,0x00,0x00,0x00,0x00,0x00,0x00,0x00,0x00,0x00,0x00,0x00,0x00,0x00,0x00,0x00,0x00,0x00,0x00,0x00,0x00,
  0x00,0x00,0x00,0x00,0x00,0x00,0x00,0x00,0x00,0x00,0x00,0x00,0x00,0x00,0x00,0x00,0x00,0x00,0x00,0x00,0x00,0x00,0x00,0x00,
  0x00,0x00,0x00,0x00,0x00,0x00,0x00,0x00,0x00,0x00,0x00,0x00,0x00,0x00,0x00,0x00,0x00,0x00,0x00,0x00,0x00,0x00,0x00,0x00,
  0x00,0x00,0x00,0x00,0x00,0x00,0x00,0x00,0x00,0x00,0x00,0x00,0x00,0x00,0xe3,0x00,0xf5,0x04,0x78,0x05,0xf6,0x04,0x16,0x05,
  0x36,0x05,0x57,0x05,0x98,0x05,0xd9,0x05,0x53,0x04,0x66,0x01,0x00,0x00,0x00,0x00,0x00,0x00,0x00,0x00,0x00,0x00,0x00,0x00,
  0x00,0x00,0x41,0x00,0xab,0x02,0x0d,0x03,0xed,0x02,0xcc,0x02,0xcc,0x02,0xed,0x02,0x0d,0x03,0xec,0x02,0xec,0x02,0xed,0x02,
  0x2e,0x03,0x2e,0x03,0x8b,0x02,0x61,0x00,0x02,0x18,0x6f,0xa8,0x94,0xf0,0x94,0xf0,0x94,0xf0,0x94,0xf0,0x94,0xe8,0x94,0xe8,
  0x94,0xf0,0x95,0xf0,0x95,0xf0,0x95,0xf0,0x94,0xf0,0x94,0xf0,0x94,0xf0,0x95,0xf0,0x94,0xe8,0x94,0xe8,0x94,0xe8,0x94,0xf0,
  0x95,0xf0,0x94,0xf0,0x94,0xe8,0x94,0xe8,0x94,0xe8,0x94,0xe8,0x94,0xe8,0x94,0xe8,0x94,0xe8,0x94,0xe8,0x94,0xe8,0x94,0xe8,
  0x94,0xe8,0x94,0xe8,0x94,0xe8,0x94,0xe8,0x94,0xe8,0x94,0xf0,0x95,0xf0,0x94,0xe8,0x94,0xe8,0x94,0xe8,0x95,0xf0,0x95,0xf0,
  0x95,0xf0,0x94,0xf0,0x94,0xe8,0x93,0xe0,0x94,0xe8,0x4b,0x78,0x01,0x10,0x00,0x00,0x00,0x00,0x00,0x00,0x00,0x00,0x00,0x00,
  0x00,0x00,0x00,0x00,0x00,0x00,0x26,0x50,0x94,0xe8,0x94,0xe8,0x94,0xe8,0x94,0xf0,0x94,0xe8,0x94,0xe8,0x94,0xf0,0x94,0xf0,
  0x94,0xf0,0x94,0xe8,0x94,0xe8,0x94,0xe8,0x94,0xe8,0x95,0xf0,0x71,0xc8,0x25,0x38,0x00,0x00,0xe8,0x01,0x4e,0x03,0xec,0x02,
  0x8b,0x02,0xcc,0x02,0xcc,0x02,0x6a,0x02,0xab,0x02,0xec,0x02,0xcc,0x02,0xec,0x02,0x8a,0x02,0x41,0x00,0x00,0x00,0x00,0x00,
  0x00,0x00,0x00,0x00,0x00,0x00,0x00,0x00,0x00,0x00,0x00,0x00,0x00,0x00,0x20,0x00,0xab,0x02,0x36,0x05,0x57,0x05,0x16,0x05,
  0xf5,0x04,0x16,0x05,0x36,0x05,0x37,0x05,0x57,0x05,0x15,0x05,0xf1,0x03,0xab,0x02,0x66,0x01,0x21,0x00,0x00,0x00,0x00,0x00,
  0x00,0x00,0x00,0x00,0x00,0x00,0x00,0x00,0x00,0x00,0x00,0x00,0x00,0x00,0x00,0x00,0x00,0x00,0x00,0x00,0x00,0x00,0x00,0x00,
  0x00,0x00,0x00,0x00,0x00,0x00,0x00,0x00,0x00,0x00,0x00,0x00,0x00,0x00,0x00,0x00,0x00,0x00,0x00,0x00,0x00,0x00,0x00,0x00,
  0x00,0x00,0x00,0x00,0x00,0x00,0x00,0x00,0x00,0x00,0x00,0x00,0x00,0x00,0x00,0x00,0x00,0x00,0x00,0x00,0x00,0x00,0x00,0x00,
  0x00,0x00,0x00,0x00,0x00,0x00,0x00,0x00,0x00,0x00,0x00,0x00,0x00,0x00,0x00,0x00,0x00,0x00,0x00,0x00,0x00,0x00,0x00,0x00,
  0x00,0x00,0x00,0x00,0xc3,0x00,0xd5,0x04,0x77,0x05,0x16,0x05,0x16,0x05,0x57,0x05,0x57,0x05,0x77,0x05,0x77,0x05,0x57,0x05,
  0x98,0x05,0x78,0x05,0xec,0x02,0x41,0x00,0x00,0x00,0x00,0x00,0x00,0x00,0x00,0x00,0x41,0x00,0x11,0x04,0x5b,0x06,0xfa,0x05,
  0x1a,0x06,0x1a,0x06,0x1a,0x06,0x3b,0x06,0x5b,0x06,0x3b,0x06,0x3b,0x06,0x5b,0x06,0x9c,0x06,0x7c,0x06,0x9c,0x06,0xaf,0x03,
  0x00,0x00,0x04,0x30,0x70,0xb8,0x94,0xf0,0x94,0xf0,0x94,0xf0,0x94,0xe8,0x93,0xe0,0x94,0xe8,0x94,0xf0,0x94,0xf0,0x94,0xe8,
  0x94,0xf0,0x95,0xf0,0x95,0xf8,0x95,0xf8,0x95,0xf0,0x94,0xe8,0x94,0xe8,0x94,0xe8,0x94,0xe8,0x94,0xe8,0x94,0xe8,0x94,0xe8,
  0x94,0xe8,0x94,0xe8,0x94,0xe8,0x94,0xe8,0x94,0xe8,0x94,0xe8,0x94,0xe8,0x94,0xe8,0x93,0xe0,0x94,0xe8,0x95,0xf0,0x95,0xf0,
  0x94,0xf0,0x94,0xe8,0x94,0xe8,0x94,0xe8,0x94,0xe8,0x94,0xe8,0x94,0xf0,0x94,0xf0,0x94,0xf0,0x94,0xe8,0x94,0xe8,0x93,0xe0,
  0x4b,0x88,0x01,0x10,0x00,0x00,0x00,0x00,0x00,0x00,0x00,0x00,0x00,0x00,0x00,0x00,0x00,0x00,0x00,0x00,0x00,0x00,0x27,0x50,
  0x94,0xe8,0x94,0xe8,0x94,0xe8,0x94,0xf0,0x94,0xe8,0x94,0xe8,0x94,0xf0,0x94,0xf0,0x94,0xf0,0x94,0xe8,0x94,0xe8,0x94,0xe8,
  0x94,0xe8,0x95,0xf0,0x72,0xd0,0x26,0x48,0x20,0x00,0x8f,0x03,0x98,0x05,0x57,0x05,0x37,0x05,0x78,0x05,0x77,0x05,0x36,0x05,
  0x57,0x05,0x36,0x05,0x36,0x05,0x36,0x05,0x36,0x05,0xec,0x02,0x00,0x00,0x00,0x00,0x00,0x00,0x00,0x00,0x00,0x00,0x00,0x00,
  0x00,0x00,0x00,0x00,0x00,0x00,0x66,0x01,0xd5,0x04,0x36,0x05,0x16,0x05,0xf5,0x04,0xf6,0x04,0xf5,0x04,0xf5,0x04,0xf5,0x04,
  0x36,0x05,0x57,0x05,0x36,0x05,0xf5,0x04,0x73,0x04,0xb0,0x03,0x29,0x02,0x61,0x00,0x00,0x00,0x00,0x00,0x00,0x00,0x00,0x00,
  0x00,0x00,0x00,0x00,0x00,0x00,0x00,0x00,0x00,0x00,0x00,0x00,0x00,0x00,0x00,0x00,0x00,0x00,0x00,0x00,0x00,0x00,0x00,0x00,
  0x00,0x00,0x00,0x00,0x00,0x00,0x00,0x00,0x00,0x00,0x00,0x00,0x00,0x00,0x00,0x00,0x00,0x00,0x00,0x00,0x00,0x00,0x00,0x00,
  0x00,0x00,0x00,0x00,0x00,0x00,0x00,0x00,0x00,0x00,0x00,0x00,0x00,0x00,0x00,0x00,0x00,0x00,0x00,0x00,0x00,0x00,0x00,0x00,
  0x00,0x00,0x00,0x00,0x00,0x00,0x00,0x00,0x00,0x00,0x00,0x00,0x00,0x00,0x00,0x00,0x00,0x00,0x00,0x00,0xc3,0x00,0xd5,0x04,
  0xb9,0x05,0x36,0x05,0x16,0x05,0x36,0x05,0x37,0x05,0x57,0x05,0x77,0x05,0x57,0x05,0x57,0x05,0x57,0x05,0xd9,0x05,0xb4,0x04,
  0x45,0x01,0x00,0x00,0x00,0x00,0x21,0x00,0x12,0x04,0x3b,0x06,0xb8,0x05,0x1a,0x06,0x1a,0x06,0x3b,0x06,0x3b,0x06,0x7c,0x06,
  0x7c,0x06,0x7c,0x06,0x7c,0x06,0xbd,0x06,0xbd,0x06,0xbd,0x06,0x9c,0x06,0x9c,0x06,0xec,0x02,0x20,0x00,0x24,0x30,0x6f,0xb0,
  0x94,0xe8,0x95,0xf0,0x94,0xf0,0x94,0xe8,0x94,0xf0,0x94,0xe8,0x94,0xe8,0x93,0xe0,0x94,0xe8,0x95,0xf0,0x95,0xf0,0x94,0xf0,
  0x94,0xf0,0x94,0xf0,0x94,0xe8,0x94,0xe8,0x94,0xe8,0x94,0xe8,0x94,0xe8,0x94,0xe8,0x94,0xe8,0x94,0xe8,0x94,0xe8,0x94,0xe8,
  0x94,0xe8,0x94,0xe8,0x94,0xe8,0x94,0xe8,0x94,0xe8,0x94,0xe8,0x94,0xf0,0x94,0xf0,0x94,0xf0,0x94,0xe8,0x94,0xe8,0x94,0xe8,
  0x94,0xe8,0x94,0xf0,0x94,0xf0,0x94,0xe8,0x95,0xf0,0x94,0xe8,0x93,0xe0,0x4c,0x88,0x01,0x10,0x00,0x00,0x00,0x00,0x00,0x00,
  0x00,0x00,0x00,0x00,0x00,0x00,0x00,0x00,0x00,0x00,0x00,0x00,0x00,0x00,0x27,0x50,0x94,0xe8,0x94,0xe8,0x94,0xe8,0x94,0xf0,
  0x94,0xe8,0x94,0xe8,0x94,0xf0,0x94,0xf0,0x94,0xf0,0x94,0xe8,0x94,0xe8,0x94,0xe8,0x94,0xe8,0x95,0xf0,0x72,0xd0,0x06,0x48,
  0x20,0x00,0xf1,0x03,0xb9,0x05,0x78,0x05,0x98,0x05,0xd9,0x05,0xd9,0x05,0x98,0x05,0x98,0x05,0x77,0x05,0x77,0x05,0x98,0x05,
  0x36,0x05,0x16,0x05,0x4e,0x03,0x62,0x00,0x00,0x00,0x00,0x00,0x00,0x00,0x00,0x00,0x00,0x00,0x00,0x00,0xa3,0x00,0xb0,0x03,
  0x36,0x05,0x16,0x05,0xf5,0x04,0xf5,0x04,0x16,0x05,0x16,0x05,0xf5,0x04,0xd5,0x04,0x16,0x05,0x36,0x05,0x16,0x05,0xf5,0x04,
  0x16,0x05,0x77,0x05,0x36,0x05,0x04,0x01,0x00,0x00,0x00,0x00,0x00,0x00,0x00,0x00,0x00,0x00,0x00,0x00,0x00,0x00,0x00,0x00,
  0x00,0x00,0x00,0x00,0x00,0x00,0x00,0x00,0x00,0x00,0x00,0x00,0x00,0x00,0x00,0x00,0x00,0x00,0x00,0x00,0x00,0x00,0x00,0x00,
  0x00,0x00,0x00,0x00,0x00,0x00,0x00,0x00,0x00,0x00,0x00,0x00,0x00,0x00,0x00,0x00,0x00,0x00,0x00,0x00,0x00,0x00,0x00,0x00,
  0x00,0x00,0x00,0x00,0x00,0x00,0x00,0x00,0x00,0x00,0x00,0x00,0x00,0x00,0x00,0x00,0x00,0x00,0x00,0x00,0x00,0x00,0x00,0x00,
  0x00,0x00,0x00,0x00,0x00,0x00,0x00,0x00,0x00,0x00,0x00,0x00,0x00,0x00,0x20,0x00,0x2d,0x03,0x57,0x05,0x98,0x05,0x16,0x05,
  0x36,0x05,0x77,0x05,0x77,0x05,0x98,0x05,0x98,0x05,0x37,0x05,0x98,0x05,0xd5,0x04,0x82,0x00,0x00,0x00,0x20,0x00,0xd0,0x03,
  0x3b,0x06,0x98,0x05,0x1a,0x06,0xb4,0x04,0x0d,0x03,0x2d,0x03,0x2e,0x03,0x4e,0x03,0x6e,0x03,0x6f,0x03,0x8f,0x03,0xb0,0x03,
  0x8f,0x03,0xb0,0x03,0xb0,0x03,0x6f,0x03,0x8f,0x03,0xa3,0x00,0x00,0x00,0x24,0x30,0x6f,0xb0,0x95,0xf0,0x95,0xf0,0x95,0xf0,
  0x94,0xe8,0x94,0xe8,0x94,0xe8,0x94,0xe8,0x94,0xe8,0x94,0xf0,0x94,0xe8,0x93,0xe0,0x94,0xe8,0x94,0xe8,0x94,0xe8,0x94,0xe8,
  0x94,0xe8,0x94,0xe8,0x94,0xe8,0x94,0xe8,0x94,0xe8,0x94,0xe8,0x94,0xe8,0x94,0xe8,0x94,0xe8,0x94,0xe8,0x94,0xe8,0x94,0xf0,
  0x95,0xf0,0x95,0xf0,0x94,0xe8,0x94,0xe8,0x94,0xf0,0x94,0xe8,0x94,0xe8,0x94,0xe8,0x94,0xe8,0x94,0xe8,0x95,0xf0,0x94,0xf0,
  0x94,0xe8,0x73,0xd8,0x4a,0x70,0x01,0x10,0x00,0x00,0x00,0x00,0x00,0x00,0x00,0x00,0x00,0x00,0x00,0x00,0x00,0x00,0x00,0x00,
  0x00,0x00,0x00,0x00,0x00,0x00,0x27,0x50,0x94,0xe8,0x94,0xe8,0x94,0xe8,0x94,0xf0,0x94,0xe8,0x94,0xe8,0x94,0xf0,0x94,0xf0,
  0x94,0xf0,0x94,0xe8,0x94,0xe8,0x94,0xe8,0x94,0xe8,0x95,0xf0,0x71,0xc8,0x25,0x38,0x00,0x00,0xab,0x02,0x11,0x04,0xd0,0x03,
  0xd0,0x03,0xf1,0x03,0xf1,0x03,0xd0,0x03,0xd0,0x03,0xf1,0x03,0xf1,0x03,0x93,0x04,0x36,0x05,0xf5,0x04,0x37,0x05,0x6f,0x03,
  0x62,0x00,0x00,0x00,0x00,0x00,0x00,0x00,0x00,0x00,0x00,0x00,0x4a,0x02,0xf5,0x04,0x16,0x05,0xf5,0x04,0xf5,0x04,0x16,0x05,
  0x16,0x05,0x36,0x05,0x16,0x05,0xd5,0x04,0xf5,0x04,0xf5,0x04,0xf5,0x04,0xf5,0x04,0xf5,0x04,0x37,0x05,0x32,0x04,0x82,0x00,
  0x00,0x00,0x00,0x00,0x00,0x00,0x00,0x00,0x00,0x00,0x00,0x00,0x00,0x00,0x00,0x00,0x00,0x00,0x00,0x00,0x00,0x00,0x00,0x00,
  0x00,0x00,0x00,0x00,0x00,0x00,0x00,0x00,0x00,0x00,0x00,0x00,0x00,0x00,0x00,0x00,0x00,0x00,0x00,0x00,0x00,0x00,0x00,0x00,
  0x00,0x00,0x00,0x00,0x00,0x00,0x00,0x00,0x00,0x00,0x00,0x00,0x00,0x00,0x00,0x00,0x00,0x00,0x00,0x00,0x00,0x00,0x00,0x00,
  0x00,0x00,0x00,0x00,0x00,0x00,0x00,0x00,0x00,0x00,0x00,0x00,0x00,0x00,0x00,0x00,0x00,0x00,0x00,0x00,0x00,0x00,0x00,0x00,
  0x00,0x00,0x00,0x00,0x00,0x00,0x00,0x00,0x00,0x00,0x45,0x01,0x73,0x04,0x98,0x05,0x77,0x05,0x37,0x05,0x77,0x05,0x98,0x05,
  0x77,0x05,0x1a,0x06,0x16,0x05,0x04,0x01,0x00,0x00,0x41,0x00,0xf1,0x03,0x5b,0x06,0x98,0x05,0x3b,0x06,0x32,0x04,0x62,0x00,
  0x00,0x00,0x00,0x00,0x00,0x00,0x00,0x00,0x00,0x00,0x00,0x00,0x00,0x00,0x00,0x00,0x00,0x00,0x00,0x00,0x00,0x00,0x00,0x00,
  0x00,0x00,0x00,0x00,0x00,0x00,0x00,0x00,0x03,0x20,0x4c,0x90,0x73,0xe0,0x94,0xe8,0x94,0xf0,0x94,0xf0,0x94,0xe8,0x94,0xf0,
  0x94,0xe8,0x94,0xe8,0x94,0xe8,0x94,0xe8,0x95,0xf0,0x94,0xe8,0x94,0xe8,0x94,0xe8,0x94,0xf0,0x94,0xf0,0x94,0xe8,0x94,0xe8,
  0x94,0xe8,0x94,0xe8,0x94,0xe8,0x94,0xe8,0x94,0xe8,0x94,0xe8,0x94,0xe8,0x94,0xf0,0x94,0xf0,0x94,0xf0,0x94,0xf0,0x94,0xf0,
  0x94,0xe8,0x95,0xf0,0x95,0xf0,0x94,0xf0,0x94,0xf0,0x94,0xe8,0x94,0xe8,0x94,0xe8,0x70,0xb8,0x26,0x48,0x00,0x00,0x41,0x00,
  0xcc,0x02,0xa2,0x00,0x00,0x00,0x00,0x00,0x00,0x00,0x00,0x00,0x00,0x00,0x00,0x00,0x00,0x00,0x00,0x00,0x00,0x00,0x27,0x50,
  0x94,0xe8,0x94,0xe8,0x94,0xe8,0x94,0xf0,0x94,0xe8,0x94,0xe8,0x94,0xf0,0x94,0xf0,0x94,0xf0,0x94,0xe8,0x94,0xe8,0x94,0xe8,
  0x94,0xe8,0x95,0xf0,0x71,0xc8,0x25,0x40,0x00,0x00,0x00,0x00,0x00,0x00,0x00,0x00,0x00,0x00,0x00,0x00,0x00,0x00,0x00,0x00,
  0x00,0x00,0x00,0x00,0x21,0x00,0x04,0x01,0xb0,0x03,0x57,0x05,0x36,0x05,0x77,0x05,0xd0,0x03,0xc3,0x00,0x00,0x00,0x00,0x00,
  0x00,0x00,0x62,0x00,0x12,0x04,0x78,0x05,0x77,0x05,0x36,0x05,0xf5,0x04,0xd5,0x04,0xd4,0x04,0x16,0x05,0x16,0x05,0xd5,0x04,
  0x16,0x05,0x16,0x05,0x16,0x05,0xf5,0x04,0xf5,0x04,0xb4,0x04,0x09,0x02,0x20,0x00,0x00,0x00,0x00,0x00,0x00,0x00,0x00,0x00,
  0x00,0x00,0x00,0x00,0x00,0x00,0x00,0x00,0x00,0x00,0x00,0x00,0x00,0x00,0x00,0x00,0x00,0x00,0x00,0x00,0x00,0x00,0x00,0x00,
  0x00,0x00,0x00,0x00,0x00,0x00,0x00,0x00,0x00,0x00,0x00,0x00,0x00,0x00,0x00,0x00,0x00,0x00,0x00,0x00,0x00,0x00,0x00,0x00,
  0x00,0x00,0x00,0x00,0x00,0x00,0x00,0x00,0x00,0x00,0x00,0x00,0x00,0x00,0x00,0x00,0x00,0x00,0x00,0x00,0x00,0x00,0x00,0x00,
  0x00,0x00,0x00,0x00,0x00,0x00,0x00,0x00,0x00,0x00,0x00,0x00,0x00,0x00,0x00,0x00,0x00,0x00,0x00,0x00,0x00,0x00,0x00,0x00,
  0x00,0x00,0x00,0x00,0x62,0x00,0xcc,0x02,0x37,0x05,0xd9,0x05,0xd9,0x05,0xb8,0x05,0xf9,0x05,0xd4,0x04,0xe3,0x00,0x00,0x00,
  0x41,0x00,0xd0,0x03,0x1a,0x06,0xfa,0x05,0x7c,0x06,0x32,0x04,0x41,0x00,0x00,0x00,0x00,0x00,0x00,0x00,0x00,0x00,0x00,0x00,
  0x00,0x00,0x00,0x00,0x00,0x00,0x00,0x00,0x00,0x00,0x00,0x00,0x00,0x00,0x00,0x00,0x00,0x00,0x00,0x00,0x00,0x00,0x00,0x00,
  0x00,0x00,0x01,0x08,0x28,0x60,0x72,0xd0,0x95,0xf0,0x95,0xf0,0x94,0xf0,0x95,0xf0,0x94,0xf0,0x94,0xe8,0x94,0xe8,0x94,0xe8,
  0x95,0xf8,0x94,0xf0,0x94,0xe8,0x94,0xe8,0x94,0xf0,0x94,0xf0,0x94,0xe8,0x94,0xe8,0x94,0xe8,0x94,0xe8,0x94,0xe8,0x94,0xe8,
  0x94,0xe8,0x94,0xe8,0x94,0xe8,0x94,0xe8,0x94,0xf0,0x94,0xe8,0x94,0xe8,0x94,0xe8,0x94,0xe8,0x94,0xe8,0x95,0xf0,0x94,0xf0,
  0x94,0xf0,0x95,0xf0,0x73,0xd8,0x4c,0x88,0x04,0x30,0x00,0x00,0x86,0x01,0x93,0x04,0xd5,0x04,0xa3,0x00,0x00,0x00,0x00,0x00,
  0x00,0x00,0x00,0x00,0x00,0x00,0x00,0x00,0x00,0x00,0x00,0x00,0x00,0x00,0x27,0x50,0x94,0xe8,0x94,0xe8,0x94,0xe8,0x94,0xf0,
  0x94,0xe8,0x94,0xe8,0x94,0xf0,0x94,0xf0,0x94,0xf0,0x94,0xe8,0x94,0xe8,0x94,0xe8,0x94,0xe8,0x95,0xf0,0x71,0xc8,0x25,0x40,
  0x00,0x00,0x00,0x00,0x00,0x00,0x00,0x00,0x00,0x00,0x00,0x00,0x00,0x00,0x00,0x00,0x00,0x00,0x00,0x00,0x00,0x00,0x00,0x00,
  0xa3,0x00,0xb0,0x03,0x57,0x05,0x57,0x05,0x77,0x05,0xb0,0x03,0x62,0x00,0x00,0x00,0x00,0x00,0x62,0x00,0xac,0x02,0x32,0x04,
  0x57,0x05,0x98,0x05,0x57,0x05,0xf5,0x04,0xd5,0x04,0x36,0x05,0x36,0x05,0xf5,0x04,0x36,0x05,0x36,0x05,0x16,0x05,0xf5,0x04,
  0x16,0x05,0xed,0x02,0x20,0x00,0x00,0x00,0x00,0x00,0x00,0x00,0x00,0x00,0x00,0x00,0x00,0x00,0x00,0x00,0x00,0x00,0x00,0x00,
  0x00,0x00,0x00,0x00,0x00,0x00,0x00,0x00,0x00,0x00,0x00,0x00,0x00,0x00,0x00,0x00,0x00,0x00,0x00,0x00,0x00,0x00,0x00,0x00,
  0x00,0x00,0x00,0x00,0x00,0x00,0x00,0x00,0x00,0x00,0x00,0x00,0x00,0x00,0x00,0x00,0x00,0x00,0x00,0x00,0x00,0x00,0x00,0x00,
  0x00,0x00,0x00,0x00,0x00,0x00,0x00,0x00,0x00,0x00,0x00,0x00,0x00,0x00,0x00,0x00,0x00,0x00,0x00,0x00,0x00,0x00,0x00,0x00,
  0x00,0x00,0x00,0x00,0x00,0x00,0x00,0x00,0x00,0x00,0x00,0x00,0x00,0x00,0x00,0x00,0x00,0x00,0x00,0x00,0x00,0x00,0x00,0x00,
  0x25,0x01,0xec,0x02,0x11,0x04,0x53,0x04,0x0d,0x03,0x82,0x00,0x00,0x00,0x41,0x00,0xd0,0x03,0xfa,0x05,0xb8,0x05,0x9c,0x06,
  0x73,0x04,0x61,0x00,0x00,0x00,0xc3,0x00,0xf5,0x04,0x09,0x02,0x00,0x00,0x00,0x00,0x00,0x00,0x00,0x00,0x00,0x00,0x00,0x00,
  0x00,0x00,0x00,0x00,0x00,0x00,0x00,0x00,0x00,0x00,0x00,0x00,0x00,0x00,0x00,0x00,0x00,0x00,0x00,0x00,0x00,0x00,0x25,0x38,
  0x6e,0xa0,0x72,0xd0,0x94,0xe8,0x95,0xf0,0x94,0xf0,0x94,0xe8,0x94,0xe8,0x94,0xe8,0x95,0xf0,0x95,0xf0,0x94,0xe8,0x94,0xe8,
  0x94,0xf0,0x94,0xf0,0x94,0xf0,0x94,0xe8,0x94,0xe8,0x94,0xf0,0x94,0xf0,0x94,0xe8,0x94,0xe8,0x94,0xf0,0x94,0xf0,0x94,0xe8,
  0x94,0xe8,0x94,0xe8,0x94,0xe8,0x94,0xe8,0x94,0xe8,0x94,0xe8,0x94,0xf0,0x94,0xf0,0x94,0xe8,0x6f,0xa8,0x27,0x50,0x00,0x00,
  0x00,0x00,0x87,0x01,0x77,0x05,0x5b,0x06,0x73,0x04,0xe4,0x00,0x00,0x00,0x00,0x00,0x00,0x00,0x00,0x00,0x00,0x00,0x00,0x00,
  0x00,0x00,0x00,0x00,0x00,0x00,0x28,0x60,0x94,0xe8,0x94,0xe8,0x94,0xe8,0x94,0xf0,0x94,0xe8,0x94,0xe8,0x94,0xf0,0x94,0xf0,
  0x95,0xf0,0x94,0xf0,0x94,0xe8,0x94,0xe8,0x94,0xe8,0x95,0xf0,0x71,0xc8,0x25,0x38,0x00,0x00,0x00,0x00,0x00,0x00,0x00,0x00,
  0x00,0x00,0x00,0x00,0x00,0x00,0x00,0x00,0x00,0x00,0x00,0x00,0x00,0x00,0x00,0x00,0x00,0x00,0x82,0x00,0x8f,0x03,0x57,0x05,
  0x57,0x05,0x37,0x05,0x2d,0x03,0x41,0x00,0x00,0x00,0x00,0x00,0x00,0x00,0xa2,0x00,0x29,0x02,0xb0,0x03,0xd5,0x04,0x16,0x05,
  0x36,0x05,0x57,0x05,0x57,0x05,0x16,0x05,0x37,0x05,0x57,0x05,0x36,0x05,0xf5,0x04,0x12,0x04,0xa2,0x00,0x00,0x00,0x00,0x00,
  0x00,0x00,0x00,0x00,0x00,0x00,0x00,0x00,0x00,0x00,0x00,0x00,0x00,0x00,0x00,0x00,0x00,0x00,0x00,0x00,0x00,0x00,0x00,0x00,
  0x00,0x00,0x00,0x00,0x00,0x00,0x00,0x00,0x00,0x00,0x00,0x00,0x00,0x00,0x00,0x00,0x00,0x00,0x00,0x00,0x00,0x00,0x00,0x00,
  0x00,0x00,0x00,0x00,0x00,0x00,0x00,0x00,0x00,0x00,0x00,0x00,0x00,0x00,0x00,0x00,0x00,0x00,0x00,0x00,0x00,0x00,0x00,0x00,
  0x00,0x00,0x00,0x00,0x00,0x00,0x00,0x00,0x00,0x00,0x00,0x00,0x00,0x00,0x00,0x00,0x00,0x00,0x00,0x00,0x00,0x00,0x00,0x00,
  0x00,0x00,0x00,0x00,0x00,0x00,0x00,0x00,0x00,0x00,0x00,0x00,0x00,0x00,0x00,0x00,0x00,0x00,0x00,0x00,0x20,0x00,0x21,0x00,
  0x00,0x00,0x00,0x00,0x41,0x00,0xf1,0x03,0x3b,0x06,0x98,0x05,0x3b,0x06,0x94,0x04,0xc3,0x00,0x00,0x00,0x00,0x00,0xd0,0x03,
  0xfe,0x06,0x5b,0x06,0x4e,0x03,0x00,0x00,0x00,0x00,0x00,0x00,0x00,0x00,0x00,0x00,0x00,0x00,0x00,0x00,0x00,0x00,0x00,0x00,
  0x00,0x00,0x00,0x00,0x00,0x00,0x00,0x00,0x00,0x00,0x00,0x00,0x00,0x00,0x00,0x00,0x00,0x08,0x26,0x40,0x6e,0xa0,0x93,0xe0,
  0x94,0xe8,0x94,0xe8,0x94,0xe8,0x94,0xf0,0x95,0xf0,0x95,0xf0,0x94,0xf0,0x94,0xe8,0x94,0xe8,0x94,0xe8,0x94,0xf0,0x94,0xe8,
  0x94,0xe8,0x95,0xf0,0x95,0xf0,0x94,0xf0,0x94,0xe8,0x94,0xf0,0x94,0xf0,0x94,0xe8,0x94,0xf0,0x94,0xf0,0x94,0xe8,0x94,0xe8,
  0x94,0xe8,0x94,0xf0,0x94,0xe8,0x71,0xc0,0x4a,0x70,0x02,0x18,0x00,0x00,0x00,0x00,0x00,0x00,0xcc,0x02,0x3b,0x06,0x98,0x05,
  0x73,0x04,0x82,0x00,0x00,0x00,0x00,0x00,0x00,0x00,0x00,0x00,0x00,0x00,0x00,0x00,0x00,0x00,0x00,0x00,0x00,0x00,0x28,0x60,
  0x93,0xe0,0x94,0xf0,0x94,0xe8,0x94,0xe8,0x94,0xe8,0x94,0xe8,0x94,0xf0,0x95,0xf0,0x95,0xf0,0x95,0xf0,0x94,0xf0,0x94,0xe8,
  0x94,0xe8,0x95,0xf0,0x71,0xc8,0x05,0x38,0x20,0x00,0x04,0x01,0x00,0x00,0x00,0x00,0x00,0x00,0x00,0x00,0x00,0x00,0x00,0x00,
  0x00,0x00,0x00,0x00,0x00,0x00,0x00,0x00,0x00,0x00,0x00,0x00,0x82,0x00,0x8f,0x03,0x78,0x05,0x36,0x05,0x36,0x05,0x6e,0x03,
  0x82,0x00,0x00,0x00,0x00,0x00,0x00,0x00,0x00,0x00,0x00,0x00,0x25,0x01,0xec,0x02,0x32,0x04,0x16,0x05,0x57,0x05,0x16,0x05,
  0x16,0x05,0x57,0x05,0x57,0x05,0x73,0x04,0x66,0x01,0x00,0x00,0x00,0x00,0x00,0x00,0x00,0x00,0x00,0x00,0x00,0x00,0x00,0x00,
  0x00,0x00,0x00,0x00,0x00,0x00,0x00,0x00,0x00,0x00,0x00,0x00,0x00,0x00,0x00,0x00,0x00,0x00,0x00,0x00,0x00,0x00,0x00,0x00,
  0x00,0x00,0x00,0x00,0x00,0x00,0x00,0x00,0x00,0x00,0x00,0x00,0x00,0x00,0x00,0x00,0x00,0x00,0x00,0x00,0x00,0x00,0x00,0x00,
  0x00,0x00,0x00,0x00,0x00,0x00,0x00,0x00,0x00,0x00,0x00,0x00,0x00,0x00,0x00,0x00,0x00,0x00,0x00,0x00,0x00,0x00,0x00,0x00,
  0x00,0x00,0x00,0x00,0x00,0x00,0x00,0x00,0x00,0x00,0x00,0x00,0x00,0x00,0x00,0x00,0x00,0x00,0x00,0x00,0x00,0x00,0x00,0x00,
  0x00,0x00,0x00,0x00,0x00,0x00,0x00,0x00,0x00,0x00,0x00,0x00,0x00,0x00,0x00,0x00,0x00,0x00,0x41,0x00,0xd0,0x03,0x3b,0x06,
  0x98,0x05,0x1a,0x06,0x32,0x04,0x41,0x00,0x00,0x00,0x00,0x00,0x45,0x01,0x3b,0x06,0x3b,0x06,0x1a,0x06,0x7c,0x06,0x12,0x04,
  0xa2,0x00,0x00,0x00,0x00,0x00,0x00,0x00,0x00,0x00,0x00,0x00,0x00,0x00,0x00,0x00,0x00,0x00,0x00,0x00,0x00,0x00,0x00,0x00,
  0x00,0x00,0x00,0x00,0x00,0x00,0x41,0x00,0x25,0x01,0x00,0x00,0x01,0x18,0x25,0x38,0x4b,0x80,0x71,0xc0,0x94,0xe8,0x95,0xf0,
  0x95,0xf0,0x94,0xf0,0x94,0xe8,0x94,0xe8,0x94,0xe8,0x94,0xe8,0x94,0xe8,0x94,0xe8,0x73,0xe0,0x94,0xe8,0x94,0xf0,0x94,0xe8,
  0x94,0xe8,0x94,0xe8,0x94,0xe8,0x94,0xe8,0x94,0xe8,0x94,0xf0,0x95,0xf0,0x95,0xf0,0x93,0xd8,0x6d,0x98,0x27,0x50,0x02,0x20,
  0x00,0x00,0x00,0x00,0x00,0x00,0x00,0x00,0x00,0x00,0xab,0x02,0x1a,0x06,0xd9,0x05,0x93,0x04,0x82,0x00,0x00,0x00,0x00,0x00,
  0x00,0x00,0x00,0x00,0x00,0x00,0x00,0x00,0x00,0x00,0x00,0x00,0x00,0x00,0x28,0x58,0x94,0xe8,0x94,0xf0,0x94,0xe8,0x94,0xe8,
  0x94,0xe8,0x94,0xf0,0x95,0xf0,0x94,0xe8,0x94,0xe8,0x93,0xe0,0x94,0xe0,0x94,0xe8,0x94,0xf0,0x95,0xf0,0x71,0xc8,0x05,0x38,
  0x20,0x00,0xf1,0x03,0x4e,0x03,0x61,0x00,0x00,0x00,0x00,0x00,0x00,0x00,0x00,0x00,0x00,0x00,0x00,0x00,0x00,0x00,0x00,0x00,
  0x00,0x00,0x00,0x00,0x00,0x00,0x82,0x00,0x8f,0x03,0x36,0x05,0x16,0x05,0x57,0x05,0xb0,0x03,0x82,0x00,0x00,0x00,0x00,0x00,
  0x00,0x00,0x00,0x00,0x00,0x00,0x00,0x00,0x41,0x00,0x86,0x01,0x6a,0x02,0x6f,0x03,0xb0,0x03,0x8f,0x03,0x0d,0x03,0x45,0x01,
  0x00,0x00,0x00,0x00,0x00,0x00,0x00,0x00,0x00,0x00,0x00,0x00,0x00,0x00,0x00,0x00,0x00,0x00,0x00,0x00,0x00,0x00,0x00,0x00,
  0x00,0x00,0x00,0x00,0x00,0x00,0x00,0x00,0x00,0x00,0x00,0x00,0x00,0x00,0x00,0x00,0x00,0x00,0x00,0x00,0x00,0x00,0x00,0x00,
  0x00,0x00,0x00,0x00,0x00,0x00,0x00,0x00,0x00,0x00,0x00,0x00,0x00,0x00,0x00,0x00,0x00,0x00,0x00,0x00,0x00,0x00,0x00,0x00,
  0x00,0x00,0x00,0x00,0x00,0x00,0x00,0x00,0x00,0x00,0x00,0x00,0x00,0x00,0x00,0x00,0x00,0x00,0x00,0x00,0x00,0x00,0x00,0x00,
  0x00,0x00,0x00,0x00,0x00,0x00,0x00,0x00,0x00,0x00,0x00,0x00,0x00,0x00,0x00,0x00,0x00,0x00,0x00,0x00,0x00,0x00,0x00,0x00,
  0x00,0x00,0x00,0x00,0x20,0x00,0x00,0x00,0x20,0x00,0xf1,0x03,0x3b,0x06,0xb8,0x05,0x5b,0x06,0xf1,0x03,0x41,0x00,0x00,0x00,
  0x00,0x00,0x00,0x00,0xf1,0x03,0xbd,0x06,0x5b,0x06,0x3b,0x06,0x1a,0x06,0xdd,0x06,0x8b,0x02,0x00,0x00,0x00,0x00,0x00,0x00,
  0x00,0x00,0x00,0x00,0x00,0x00,0x00,0x00,0x00,0x00,0x00,0x00,0x00,0x00,0x00,0x00,0x00,0x00,0x00,0x00,0xe4,0x00,0xb4,0x04,
  0x5b,0x06,0x11,0x04,0xa7,0x01,0x00,0x00,0x00,0x08,0x04,0x30,0x28,0x60,0x4c,0x90,0x70,0xc0,0x93,0xe0,0x95,0xf0,0x95,0xf8,
  0x95,0xf8,0x95,0xf0,0x95,0xf0,0x95,0xf0,0x94,0xe8,0x94,0xe8,0x95,0xf0,0x95,0xf0,0x94,0xf0,0x95,0xf0,0x95,0xf8,0x95,0xf0,
  0x73,0xe0,0x72,0xd0,0x6f,0xb0,0x4b,0x88,0x06,0x40,0x00,0x08,0x00,0x00,0x00,0x00,0x00,0x00,0x00,0x00,0x00,0x00,0x00,0x00,
  0x00,0x00,0x8b,0x02,0x1a,0x06,0xd9,0x05,0x94,0x04,0x82,0x00,0x00,0x00,0x00,0x00,0x00,0x00,0x00,0x00,0x00,0x00,0x00,0x00,
  0x00,0x00,0x00,0x00,0x00,0x00,0x27,0x50,0x94,0xe8,0x95,0xf0,0x95,0xf0,0x94,0xf0,0x94,0xe8,0x94,0xf0,0x95,0xf0,0x95,0xf0,
  0x94,0xe8,0x94,0xe8,0x94,0xe8,0x94,0xf0,0x94,0xf0,0x95,0xf0,0x71,0xc8,0x05,0x40,0x41,0x00,0x32,0x04,0xd9,0x05,0xec,0x02,
  0x00,0x00,0x00,0x00,0x00,0x00,0x00,0x00,0x00,0x00,0x00,0x00,0x00,0x00,0x00,0x00,0x00,0x00,0x00,0x00,0x00,0x00,0x00,0x00,
  0x61,0x00,0x2d,0x03,0x78,0x05,0x57,0x05,0x37,0x05,0x4e,0x03,0x82,0x00,0x00,0x00,0x00,0x00,0x00,0x00,0x00,0x00,0x00,0x00,
  0x00,0x00,0x00,0x00,0x00,0x00,0x61,0x00,0x61,0x00,0x41,0x00,0x41,0x00,0x00,0x00,0x00,0x00,0x00,0x00,0x00,0x00,0x00,0x00,
  0x00,0x00,0x00,0x00,0x00,0x00,0x00,0x00,0x00,0x00,0x00,0x00,0x00,0x00,0x00,0x00,0x00,0x00,0x00,0x00,0x00,0x00,0x00,0x00,
  0x00,0x00,0x00,0x00,0x00,0x00,0x00,0x00,0x00,0x00,0x00,0x00,0x00,0x00,0x00,0x00,0x00,0x00,0x00,0x00,0x00,0x00,0x00,0x00,
  0x00,0x00,0x00,0x00,0x00,0x00,0x00,0x00,0x00,0x00,0x00,0x00,0x00,0x00,0x00,0x00,0x00,0x00,0x00,0x00,0x00,0x00,0x00,0x00,
  0x00,0x00,0x00,0x00,0x00,0x00,0x00,0x00,0x00,0x00,0x00,0x00,0x00,0x00,0x00,0x00,0x00,0x00,0x00,0x00,0x00,0x00,0x00,0x00,
  0x00,0x00,0x00,0x00,0x00,0x00,0x00,0x00,0x00,0x00,0x00,0x00,0x00,0x00,0x00,0x00,0x00,0x00,0x00,0x00,0x00,0x00,0x41,0x00,
  0x11,0x04,0x1a,0x06,0x98,0x05,0x7c,0x06,0x52,0x04,0x41,0x00,0x00,0x00,0x20,0x00,0x00,0x00,0x86,0x01,0x1a,0x06,0x7c,0x06,
  0x7c,0x06,0x5b,0x06,0x7c,0x06,0xdd,0x06,0x32,0x04,0x20,0x00,0x00,0x00,0x00,0x00,0x00,0x00,0x00,0x00,0x00,0x00,0x00,0x00,
  0x00,0x00,0x00,0x00,0x00,0x00,0x00,0x00,0x00,0x00,0x41,0x00,0xb4,0x04,0x1f,0x07,0x7c,0x06,0x5f,0x07,0x52,0x04,0x61,0x00,
  0x29,0x02,0xa7,0x01,0x40,0x00,0x01,0x08,0x04,0x30,0x27,0x58,0x4c,0x90,0x6f,0xb0,0x70,0xc0,0x71,0xc8,0x92,0xd8,0x93,0xe0,
  0x94,0xe0,0x93,0xd8,0x93,0xd8,0x92,0xd8,0x72,0xc8,0x71,0xc0,0x6f,0xb0,0x4c,0x90,0x2a,0x70,0x27,0x50,0x03,0x28,0x00,0x00,
  0x82,0x00,0x08,0x02,0xcc,0x02,0x82,0x00,0x00,0x00,0x00,0x00,0x00,0x00,0x00,0x00,0x00,0x00,0x8b,0x02,0xf9,0x05,0x98,0x05,
  0x73,0x04,0x82,0x00,0x00,0x00,0x00,0x00,0x00,0x00,0x00,0x00,0x00,0x00,0x00,0x00,0x00,0x00,0x00,0x00,0x00,0x00,0x27,0x50,
  0x93,0xe0,0x94,0xe8,0x94,0xe8,0x94,0xe8,0x94,0xe8,0x94,0xe8,0x94,0xe8,0x94,0xe8,0x94,0xe8,0x94,0xe8,0x94,0xe8,0x94,0xe8,
  0x94,0xe8,0x94,0xe8,0x71,0xc0,0x04,0x30,0x20,0x00,0x12,0x04,0xb8,0x05,0x16,0x05,0x4a,0x02,0x04,0x01,0x6a,0x02,0xcc,0x02,
  0x09,0x02,0x04,0x01,0x41,0x00,0x00,0x00,0x00,0x00,0x00,0x00,0x00,0x00,0x00,0x00,0x00,0x00,0x62,0x00,0x4e,0x03,0x57,0x05,
  0xf5,0x04,0x16,0x05,0x4e,0x03,0xa3,0x00,0x00,0x00,0x00,0x00,0x00,0x00,0x00,0x00,0x00,0x00,0x00,0x00,0x00,0x00,0x00,0x00,
  0x00,0x00,0x00,0x00,0x00,0x00,0x00,0x00,0x00,0x00,0x00,0x00,0x00,0x00,0x00,0x00,0x00,0x00,0x00,0x00,0x00,0x00,0x00,0x00,
  0x00,0x00,0x00,0x00,0x00,0x00,0x00,0x00,0x00,0x00,0x00,0x00,0x00,0x00,0x00,0x00,0x00,0x00,0x00,0x00,0x00,0x00,0x00,0x00,
  0x00,0x00,0x00,0x00,0x00,0x00,0x00,0x00,0x00,0x00,0x00,0x00,0x00,0x00,0x00,0x00,0x00,0x00,0x00,0x00,0x00,0x00,0x00,0x00,
  0x00,0x00,0x00,0x00,0x00,0x00,0x00,0x00,0x00,0x00,0x00,0x00,0x00,0x00,0x00,0x00,0x00,0x00,0x00,0x00,0x00,0x00,0x00,0x00,
  0x00,0x00,0x00,0x00,0x00,0x00,0x00,0x00,0x00,0x00,0x00,0x00,0x00,0x00,0x00,0x00,0x00,0x00,0x00,0x00,0x00,0x00,0x00,0x00,
  0x00,0x00,0x00,0x00,0x45,0x01,0xcc,0x02,0xb0,0x03,0xb0,0x03,0x8b,0x02,0xf1,0x03,0x1a,0x06,0x98,0x05,0x1a,0x06,0x32,0x04,
  0x41,0x00,0x00,0x00,0x00,0x00,0x00,0x00,0x00,0x00,0x32,0x04,0x9c,0x06,0x3b,0x06,0x5b,0x06,0x5b,0x06,0x7c,0x06,0xdd,0x06,
  0x73,0x04,0x20,0x00,0x00,0x00,0x00,0x00,0x00,0x00,0x00,0x00,0x00,0x00,0x00,0x00,0x00,0x00,0x00,0x00,0x00,0x00,0x00,0x00,
  0x20,0x00,0x11,0x04,0xfe,0x06,0x5b,0x06,0xdd,0x06,0x36,0x05,0x25,0x01,0x41,0x00,0xb8,0x05,0x1a,0x06,0x73,0x04,0xc3,0x00,
  0x00,0x00,0x00,0x00,0x00,0x00,0x01,0x10,0x01,0x10,0x04,0x30,0x27,0x50,0x28,0x60,0x29,0x68,0x28,0x58,0x27,0x50,0x27,0x50,
  0x04,0x30,0x01,0x18,0x01,0x08,0x00,0x00,0x00,0x00,0x00,0x00,0x00,0x00,0xa3,0x00,0x11,0x04,0xfa,0x05,0xb9,0x05,0x86,0x01,
  0x00,0x00,0x00,0x00,0x00,0x00,0x00,0x00,0x00,0x00,0xab,0x02,0x1a,0x06,0xb9,0x05,0x52,0x04,0x61,0x00,0x00,0x00,0x00,0x00,
  0x00,0x00,0x00,0x00,0x00,0x00,0x00,0x00,0x00,0x00,0x00,0x00,0x00,0x00,0x01,0x10,0x4a,0x78,0x4c,0x88,0x4b,0x80,0x4b,0x80,
  0x4b,0x88,0x4b,0x80,0x4b,0x80,0x4b,0x88,0x4b,0x80,0x4b,0x80,0x4b,0x80,0x4b,0x78,0x4a,0x78,0x4b,0x80,0x27,0x58,0x00,0x00,
  0x00,0x00,0x8f,0x03,0xb8,0x05,0xf5,0x04,0x16,0x05,0x57,0x05,0x98,0x05,0x37,0x05,0x57,0x05,0x15,0x05,0x2d,0x03,0xe4,0x00,
  0x00,0x00,0x00,0x00,0x00,0x00,0x00,0x00,0x00,0x00,0x00,0x00,0x20,0x00,0x8f,0x03,0x16,0x05,0xf5,0x04,0x36,0x05,0xaf,0x03,
  0x09,0x02,0x29,0x02,0x4a,0x02,0x09,0x02,0x45,0x01,0x20,0x00,0x00,0x00,0x00,0x00,0x00,0x00,0x00,0x00,0x00,0x00,0x00,0x00,
  0x00,0x00,0x00,0x00,0x00,0x00,0x00,0x00,0x00,0x00,0x00,0x00,0x00,0x00,0x00,0x00,0x00,0x00,0x00,0x00,0x00,0x00,0x00,0x00,
  0x00,0x00,0x00,0x00,0x00,0x00,0x00,0x00,0x00,0x00,0x00,0x00,0x00,0x00,0x00,0x00,0x00,0x00,0x00,0x00,0x00,0x00,0x00,0x00,
  0x00,0x00,0x00,0x00,0x00,0x00,0x00,0x00,0x00,0x00,0x00,0x00,0x00,0x00,0x00,0x00,0x00,0x00,0x00,0x00,0x00,0x00,0x00,0x00,
  0x00,0x00,0x00,0x00,0x00,0x00,0x00,0x00,0x00,0x00,0x00,0x00,0x00,0x00,0x00,0x00,0x00,0x00,0x00,0x00,0x00,0x00,0x00,0x00,
  0x00,0x00,0x00,0x00,0x00,0x00,0x00,0x00,0x00,0x00,0x00,0x00,0x00,0x00,0x00,0x00,0x00,0x00,0x8b,0x02,0x98,0x05,0xd9,0x05,
  0x98,0x05,0x98,0x05,0x3b,0x06,0x1a,0x06,0x98,0x05,0x3a,0x06,0x32,0x04,0x20,0x00,0x00,0x00,0x00,0x00,0x00,0x00,0x00,0x00,
  0x25,0x01,0x1a,0x06,0x7c,0x06,0x3b,0x06,0x5b,0x06,0x7c,0x06,0x7c,0x06,0xfe,0x06,0x8f,0x03,0x00,0x00,0x00,0x00,0x00,0x00,
  0x00,0x00,0x00,0x00,0x00,0x00,0x00,0x00,0x00,0x00,0x00,0x00,0x00,0x00,0x20,0x00,0x12,0x04,0x9c,0x06,0x3b,0x06,0x9d,0x06,
  0x57,0x05,0xa3,0x00,0x00,0x00,0x00,0x00,0x77,0x05,0xfe,0x06,0x9c,0x06,0x4a,0x02,0x00,0x00,0x00,0x00,0x00,0x00,0x00,0x00,
  0x00,0x00,0x00,0x00,0x00,0x00,0x40,0x00,0x00,0x00,0x00,0x00,0x00,0x00,0x20,0x00,0x81,0x00,0x82,0x00,0x00,0x00,0x00,0x00,
  0x00,0x00,0x00,0x00,0x00,0x00,0x66,0x01,0xb9,0x05,0x3b,0x06,0x57,0x05,0xe4,0x00,0x00,0x00,0x00,0x00,0x00,0x00,0x00,0x00,
  0x00,0x00,0xcc,0x02,0x5b,0x06,0xfa,0x05,0x73,0x04,0x82,0x00,0x00,0x00,0x00,0x00,0x00,0x00,0x00,0x00,0x00,0x00,0x00,0x00,
  0x00,0x00,0x00,0x00,0x00,0x00,0x00,0x00,0x00,0x08,0x00,0x08,0x00,0x00,0x00,0x00,0x00,0x00,0x00,0x00,0x00,0x00,0x01,0x18,
  0x00,0x00,0x00,0x00,0x00,0x08,0x00,0x08,0x00,0x00,0x00,0x00,0x00,0x00,0x00,0x00,0x00,0x00,0x66,0x01,0x73,0x04,0x16,0x05,
  0x16,0x05,0x57,0x05,0x98,0x05,0x57,0x05,0xf5,0x04,0xf5,0x04,0x77,0x05,0xd0,0x03,0x41,0x00,0x00,0x00,0x00,0x00,0x00,0x00,
  0x00,0x00,0x00,0x00,0x00,0x00,0x82,0x00,0xb0,0x03,0x57,0x05,0x16,0x05,0xf5,0x04,0x16,0x05,0x57,0x05,0x57,0x05,0x36,0x05,
  0xf5,0x04,0xcc,0x02,0x41,0x00,0x00,0x00,0x00,0x00,0x00,0x00,0x00,0x00,0x00,0x00,0x00,0x00,0x00,0x00,0x00,0x00,0x00,0x00,
  0x00,0x00,0x00,0x00,0x00,0x00,0x00,0x00,0x00,0x00,0x00,0x00,0x00,0x00,0x00,0x00,0x00,0x00,0x00,0x00,0x00,0x00,0x00,0x00,
  0x00,0x00,0x00,0x00,0x00,0x00,0x00,0x00,0x00,0x00,0x00,0x00,0x00,0x00,0x00,0x00,0x00,0x00,0x00,0x00,0x00,0x00,0x00,0x00,
  0x00,0x00,0x00,0x00,0x00,0x00,0x00,0x00,0x00,0x00,0x00,0x00,0x00,0x00,0x00,0x00,0x00,0x00,0x00,0x00,0x00,0x00,0x00,0x00,
  0x00,0x00,0x00,0x00,0x00,0x00,0x00,0x00,0x00,0x00,0x00,0x00,0x00,0x00,0x00,0x00,0x00,0x00,0x00,0x00,0x00,0x00,0x00,0x00,
  0x00,0x00,0x00,0x00,0x00,0x00,0x00,0x00,0x09,0x02,0xd9,0x05,0x98,0x05,0xd9,0x05,0x1a,0x06,0xfa,0x05,0xb9,0x05,0xb9,0x05,
  0x3a,0x06,0xb4,0x04,0x41,0x00,0x00,0x00,0x00,0x00,0x00,0x00,0x00,0x00,0x00,0x00,0x8b,0x02,0x7c,0x06,0x5b,0x06,0x5b,0x06,
  0x7c,0x06,0x9c,0x06,0x9c,0x06,0xbd,0x06,0xe8,0x01,0x00,0x00,0x00,0x00,0x00,0x00,0x00,0x00,0x00,0x00,0x00,0x00,0x00,0x00,
  0x00,0x00,0x00,0x00,0x20,0x00,0x11,0x04,0xbd,0x06,0x5b,0x06,0xbd,0x06,0x98,0x05,0x66,0x01,0x00,0x00,0x00,0x00,0x21,0x00,
  0x98,0x05,0xdd,0x06,0x3b,0x06,0x86,0x01,0x00,0x00,0x00,0x00,0x00,0x00,0x00,0x00,0x00,0x00,0x82,0x00,0x2d,0x03,0xf5,0x04,
  0x32,0x04,0x53,0x04,0x73,0x04,0x73,0x04,0x16,0x05,0x93,0x04,0xa2,0x00,0x00,0x00,0x00,0x00,0x00,0x00,0x00,0x00,0x66,0x01,
  0xb9,0x05,0x3b,0x06,0x36,0x05,0xc3,0x00,0x00,0x00,0x00,0x00,0x00,0x00,0x00,0x00,0x00,0x00,0xab,0x02,0x5b,0x06,0xfa,0x05,
  0x77,0x05,0x4e,0x03,0x82,0x00,0x00,0x00,0x00,0x00,0x00,0x00,0x00,0x00,0x00,0x00,0x00,0x00,0x00,0x00,0x00,0x00,0x00,0x00,
  0x00,0x00,0x00,0x00,0x00,0x00,0x00,0x00,0x00,0x00,0x00,0x00,0x00,0x00,0x04,0x01,0xcc,0x02,0xcc,0x02,0xe8,0x01,0x20,0x00,
  0x00,0x00,0x00,0x00,0x00,0x00,0x00,0x00,0x00,0x00,0x00,0x00,0x6a,0x02,0x36,0x05,0xd5,0x04,0x77,0x05,0xf5,0x04,0xd0,0x03,
  0x73,0x04,0x36,0x05,0x36,0x05,0x36,0x05,0x6a,0x02,0x20,0x00,0x00,0x00,0x00,0x00,0x00,0x00,0x00,0x00,0x00,0x00,0x00,0x00,
  0xa3,0x00,0xb0,0x03,0x37,0x05,0xd5,0x04,0xd5,0x04,0x37,0x05,0x77,0x05,0x16,0x05,0xf5,0x04,0x16,0x05,0xec,0x02,0x00,0x00,
  0x00,0x00,0x00,0x00,0x00,0x00,0x00,0x00,0x00,0x00,0x00,0x00,0x00,0x00,0x00,0x00,0x00,0x00,0x00,0x00,0x00,0x00,0x00,0x00,
  0x00,0x00,0x00,0x00,0x00,0x00,0x00,0x00,0x00,0x00,0x00,0x00,0x00,0x00,0x00,0x00,0x00,0x00,0x00,0x00,0x00,0x00,0x00,0x00,
  0x00,0x00,0x00,0x00,0x00,0x00,0x00,0x00,0x00,0x00,0x00,0x00,0x00,0x00,0x00,0x00,0x00,0x00,0x00,0x00,0x00,0x00,0x00,0x00,
  0x00,0x00,0x00,0x00,0x00,0x00,0x00,0x00,0x00,0x00,0x00,0x00,0x00,0x00,0x00,0x00,0x00,0x00,0x00,0x00,0x00,0x00,0x00,0x00,
  0x00,0x00,0x00,0x00,0x00,0x00,0x00,0x00,0x00,0x00,0x00,0x00,0x00,0x00,0x00,0x00,0x00,0x00,0x00,0x00,0x00,0x00,0x61,0x00,
  0xf5,0x04,0xb9,0x05,0xb8,0x05,0x77,0x05,0x0d,0x03,0x2d,0x03,0x57,0x05,0xd9,0x05,0xf9,0x05,0x73,0x04,0x21,0x00,0x00,0x00,
  0x00,0x00,0x00,0x00,0x00,0x00,0x00,0x00,0xcc,0x02,0x1a,0x06,0x3b,0x06,0xbd,0x06,0x7c,0x06,0x9c,0x06,0xde,0x06,0x16,0x05,
  0x82,0x00,0x00,0x00,0x00,0x00,0x00,0x00,0x00,0x00,0x00,0x00,0x00,0x00,0x00,0x00,0x00,0x00,0x20,0x00,0x11,0x04,0xde,0x06,
  0x5b,0x06,0xbd,0x06,0xb9,0x05,0x87,0x01,0x00,0x00,0x00,0x00,0x00,0x00,0x82,0x00,0xb8,0x05,0xdd,0x06,0x3b,0x06,0x66,0x01,
  0x00,0x00,0x00,0x00,0x00,0x00,0x00,0x00,0x00,0x00,0x62,0x00,0x73,0x04,0xde,0x06,0x9c,0x06,0xbd,0x06,0x7c,0x06,0x5c,0x06,
  0xbd,0x06,0x77,0x05,0x04,0x01,0x00,0x00,0x00,0x00,0x00,0x00,0x00,0x00,0x66,0x01,0xb8,0x05,0x3b,0x06,0x37,0x05,0xc3,0x00,
  0x00,0x00,0x00,0x00,0x00,0x00,0x00,0x00,0x00,0x00,0x8b,0x02,0x1a,0x06,0xd9,0x05,0xd9,0x05,0xd9,0x05,0x11,0x04,0xc3,0x00,
  0x00,0x00,0x00,0x00,0x00,0x00,0x00,0x00,0x00,0x00,0x00,0x00,0x00,0x00,0x00,0x00,0x00,0x00,0x00,0x00,0x00,0x00,0x00,0x00,
  0x00,0x00,0x00,0x00,0x00,0x00,0x29,0x02,0xb9,0x05,0x1a,0x06,0x73,0x04,0x41,0x00,0x00,0x00,0x00,0x00,0x00,0x00,0x00,0x00,
  0x00,0x00,0x20,0x00,0x4e,0x03,0x57,0x05,0xf5,0x04,0x93,0x04,0x29,0x02,0x20,0x00,0x86,0x01,0x52,0x04,0x16,0x05,0x36,0x05,
  0xf1,0x03,0x62,0x00,0x00,0x00,0x00,0x00,0x00,0x00,0x00,0x00,0x00,0x00,0x00,0x00,0x00,0x00,0xed,0x02,0x98,0x05,0xd5,0x04,
  0x94,0x04,0x32,0x04,0xd0,0x03,0x93,0x04,0xd5,0x04,0x36,0x05,0xb4,0x04,0x04,0x01,0x00,0x00,0x00,0x00,0x00,0x00,0x00,0x00,
  0x00,0x00,0x00,0x00,0x00,0x00,0x00,0x00,0x00,0x00,0x00,0x00,0x00,0x00,0x00,0x00,0x00,0x00,0x00,0x00,0x00,0x00,0x00,0x00,
  0x00,0x00,0x00,0x00,0x00,0x00,0x00,0x00,0x00,0x00,0x00,0x00,0x00,0x00,0x00,0x00,0x00,0x00,0x00,0x00,0x00,0x00,0x00,0x00,
  0x00,0x00,0x00,0x00,0x00,0x00,0x00,0x00,0x00,0x00,0x00,0x00,0x00,0x00,0x00,0x00,0x00,0x00,0x00,0x00,0x00,0x00,0x00,0x00,
  0x00,0x00,0x00,0x00,0x00,0x00,0x00,0x00,0x00,0x00,0x00,0x00,0x00,0x00,0x00,0x00,0x00,0x00,0x00,0x00,0x00,0x00,0x00,0x00,
  0x00,0x00,0x00,0x00,0x00,0x00,0x00,0x00,0x00,0x00,0x00,0x00,0x00,0x00,0xe8,0x01,0xd9,0x05,0x98,0x05,0x57,0x05,0x66,0x01,
  0x00,0x00,0x00,0x00,0x6a,0x02,0xb8,0x05,0x98,0x05,0xd9,0x05,0xe8,0x01,0x00,0x00,0x00,0x00,0x00,0x00,0x00,0x00,0x00,0x00,
  0x87,0x01,0x3b,0x06,0x5b,0x06,0x9c,0x06,0x9c,0x06,0x9c,0x06,0xbd,0x06,0x6a,0x02,0x00,0x00,0x00,0x00,0x00,0x00,0x00,0x00,
  0x00,0x00,0x00,0x00,0x00,0x00,0x00,0x00,0x00,0x00,0xd0,0x03,0x1e,0x07,0x7c,0x06,0xdd,0x06,0xf9,0x05,0x87,0x01,0x00,0x00,
  0x00,0x00,0x00,0x00,0x00,0x00,0x00,0x00,0x98,0x05,0xfe,0x06,0x3b,0x06,0x29,0x02,0x00,0x00,0x00,0x00,0x00,0x00,0x00,0x00,
  0x00,0x00,0x00,0x00,0xd1,0x03,0x9d,0x06,0x3a,0x06,0xfa,0x05,0xf9,0x05,0xf9,0x05,0x7c,0x06,0x57,0x05,0x25,0x01,0x00,0x00,
  0x00,0x00,0x00,0x00,0x00,0x00,0x25,0x01,0x98,0x05,0x5b,0x06,0x77,0x05,0xe3,0x00,0x00,0x00,0x00,0x00,0x00,0x00,0x00,0x00,
  0x00,0x00,0x6a,0x02,0xd9,0x05,0x98,0x05,0xd9,0x05,0xb9,0x05,0xf9,0x05,0x94,0x04,0x04,0x01,0x00,0x00,0x00,0x00,0x00,0x00,
  0x00,0x00,0x00,0x00,0x00,0x00,0x00,0x00,0x00,0x00,0x00,0x00,0x00,0x00,0x00,0x00,0x00,0x00,0x00,0x00,0x00,0x00,0x08,0x02,
  0x98,0x05,0xb9,0x05,0x12,0x04,0x41,0x00,0x00,0x00,0x00,0x00,0x00,0x00,0x00,0x00,0x00,0x00,0xe3,0x00,0x32,0x04,0x78,0x05,
  0x36,0x05,0x8b,0x02,0x20,0x00,0x00,0x00,0x00,0x00,0x08,0x02,0xf5,0x04,0x57,0x05,0x93,0x04,0xa3,0x00,0x00,0x00,0x00,0x00,
  0x00,0x00,0x00,0x00,0x00,0x00,0x00,0x00,0x82,0x00,0x94,0x04,0x98,0x05,0x36,0x05,0xaf,0x03,0xe3,0x00,0x41,0x00,0x66,0x01,
  0x94,0x04,0x37,0x05,0xd5,0x04,0xcb,0x02,0x00,0x00,0x00,0x00,0x00,0x00,0x00,0x00,0x00,0x00,0x00,0x00,0x00,0x00,0x00,0x00,
  0x00,0x00,0x00,0x00,0x00,0x00,0x00,0x00,0x00,0x00,0x00,0x00,0x00,0x00,0x00,0x00,0x00,0x00,0x00,0x00,0x00,0x00,0x00,0x00,
  0x00,0x00,0x00,0x00,0x00,0x00,0x00,0x00,0x00,0x00,0x00,0x00,0x00,0x00,0x00,0x00,0x00,0x00,0x00,0x00,0x00,0x00,0x00,0x00,
  0x00,0x00,0x00,0x00,0x00,0x00,0x00,0x00,0x00,0x00,0x00,0x00,0x00,0x00,0x00,0x00,0x00,0x00,0x00,0x00,0x00,0x00,0x00,0x00,
  0x00,0x00,0x00,0x00,0x00,0x00,0x00,0x00,0x00,0x00,0x00,0x00,0x00,0x00,0x00,0x00,0x00,0x00,0x00,0x00,0x00,0x00,0x00,0x00,
  0x00,0x00,0x00,0x00,0x00,0x00,0x6a,0x02,0xf9,0x05,0xd9,0x05,0x2e,0x03,0x00,0x00,0x41,0x00,0x20,0x00,0x25,0x01,0x16,0x05,
  0xfa,0x05,0x3b,0x06,0x8b,0x02,0x00,0x00,0x00,0x00,0x00,0x00,0x00,0x00,0x00,0x00,0x41,0x00,0xf5,0x04,0x3f,0x07,0x3b,0x06,
  0x5b,0x06,0xfe,0x06,0xd4,0x04,0x20,0x00,0x00,0x00,0x00,0x00,0x00,0x00,0x00,0x00,0x00,0x00,0x00,0x00,0x00,0x00,0x87,0x01,
  0x94,0x04,0xbd,0x06,0x9c,0x06,0xfe,0x06,0xb8,0x05,0x86,0x01,0x00,0x00,0x00,0x00,0x00,0x00,0x00,0x00,0x00,0x00,0xe4,0x00,
  0xb9,0x05,0xbd,0x06,0xfa,0x05,0xe8,0x01,0x00,0x00,0x00,0x00,0x00,0x00,0x00,0x00,0x00,0x00,0x00,0x00,0xf1,0x03,0xdd,0x06,
  0x7c,0x06,0x3b,0x06,0xf9,0x05,0xfa,0x05,0x9c,0x06,0x57,0x05,0x04,0x01,0x00,0x00,0x00,0x00,0x00,0x00,0x00,0x00,0x45,0x01,
  0x98,0x05,0x5b,0x06,0x77,0x05,0xe3,0x00,0x00,0x00,0x00,0x00,0x00,0x00,0x00,0x00,0x20,0x00,0x2d,0x03,0xd9,0x05,0x77,0x05,
  0x98,0x05,0xd9,0x05,0xb8,0x05,0xd9,0x05,0xf5,0x04,0x66,0x01,0x00,0x00,0x00,0x00,0x00,0x00,0x00,0x00,0x00,0x00,0x00,0x00,
  0x00,0x00,0x00,0x00,0x00,0x00,0x00,0x00,0x00,0x00,0x00,0x00,0x00,0x00,0x09,0x02,0xd9,0x05,0x1a,0x06,0x52,0x04,0x61,0x00,
  0x00,0x00,0x00,0x00,0x00,0x00,0x00,0x00,0x00,0x00,0x82,0x00,0x32,0x04,0xb9,0x05,0x98,0x05,0x6a,0x02,0x00,0x00,0x00,0x00,
  0x00,0x00,0x09,0x02,0x57,0x05,0x77,0x05,0x73,0x04,0xa2,0x00,0x00,0x00,0x00,0x00,0x00,0x00,0x00,0x00,0x00,0x00,0x00,0x00,
  0xa3,0x00,0xb4,0x04,0x57,0x05,0xb4,0x04,0x86,0x01,0x00,0x00,0x00,0x00,0x00,0x00,0x8b,0x02,0xf5,0x04,0x36,0x05,0xb0,0x03,
  0xa3,0x00,0x00,0x00,0x00,0x00,0x00,0x00,0x00,0x00,0x00,0x00,0x00,0x00,0x00,0x00,0x00,0x00,0x00,0x00,0x00,0x00,0x00,0x00,
  0x00,0x00,0x00,0x00,0x00,0x00,0x00,0x00,0x00,0x00,0x00,0x00,0x00,0x00,0x00,0x00,0x00,0x00,0x00,0x00,0x00,0x00,0x00,0x00,
  0x00,0x00,0x00,0x00,0x00,0x00,0x00,0x00,0x00,0x00,0x00,0x00,0x00,0x00,0x00,0x00,0x00,0x00,0x00,0x00,0x00,0x00,0x00,0x00,
  0x00,0x00,0x00,0x00,0x00,0x00,0x00,0x00,0x00,0x00,0x00,0x00,0x00,0x00,0x00,0x00,0x00,0x00,0x00,0x00,0x00,0x00,0x00,0x00,
  0x00,0x00,0x00,0x00,0x00,0x00,0x00,0x00,0x00,0x00,0x00,0x00,0x00,0x00,0x00,0x00,0x00,0x00,0x00,0x00,0x00,0x00,0x09,0x02,
  0xd9,0x05,0xb9,0x05,0x73,0x04,0x61,0x00,0x00,0x00,0x00,0x00,0xa7,0x01,0xb9,0x05,0xfa,0x05,0x3b,0x06,0x29,0x02,0x00,0x00,
  0x00,0x00,0x00,0x00,0x00,0x00,0x00,0x00,0x00,0x00,0xc3,0x00,0xf5,0x04,0xde,0x06,0x7c,0x06,0x7c,0x06,0xe8,0x01,0x00,0x00,
  0x00,0x00,0x00,0x00,0x00,0x00,0x00,0x00,0x00,0x00,0xe4,0x00,0xb0,0x03,0x3b,0x06,0xbd,0x06,0x9c,0x06,0xdd,0x06,0x3a,0x06,
  0x87,0x01,0x00,0x00,0x00,0x00,0x00,0x00,0x00,0x00,0x00,0x00,0x00,0x00,0xe4,0x00,0xb8,0x05,0x9d,0x06,0xfa,0x05,0xe8,0x01,
  0x00,0x00,0x00,0x00,0x00,0x00,0x00,0x00,0x00,0x00,0x00,0x00,0xf1,0x03,0xbd,0x06,0x1a,0x06,0xfa,0x05,0xf9,0x05,0xfa,0x05,
  0x5b,0x06,0x77,0x05,0x04,0x01,0x00,0x00,0x00,0x00,0x00,0x00,0x00,0x00,0x45,0x01,0x98,0x05,0x5b,0x06,0x77,0x05,0xe3,0x00,
  0x00,0x00,0x00,0x00,0x00,0x00,0x00,0x00,0x00,0x00,0xcc,0x02,0xd9,0x05,0x57,0x05,0x53,0x04,0xb0,0x03,0x98,0x05,0x98,0x05,
  0xd9,0x05,0x57,0x05,0xab,0x02,0x20,0x00,0x00,0x00,0x00,0x00,0x00,0x00,0x00,0x00,0x00,0x00,0x00,0x00,0x00,0x00,0x00,0x00,
  0x00,0x00,0x00,0x00,0x00,0x00,0x08,0x02,0xb8,0x05,0xf9,0x05,0x73,0x04,0x62,0x00,0x00,0x00,0x00,0x00,0x00,0x00,0x00,0x00,
  0x00,0x00,0x00,0x00,0x6f,0x03,0xb9,0x05,0x98,0x05,0x93,0x04,0x25,0x01,0x00,0x00,0x45,0x01,0x73,0x04,0x77,0x05,0x16,0x05,
  0xb0,0x03,0x41,0x00,0x00,0x00,0x00,0x00,0x00,0x00,0x00,0x00,0x00,0x00,0x00,0x00,0xa3,0x00,0x53,0x04,0x36,0x05,0x16,0x05,
  0xa7,0x01,0x00,0x00,0x00,0x00,0x00,0x00,0xed,0x02,0xd5,0x04,0xf5,0x04,0x6e,0x03,0xc3,0x00,0x00,0x00,0x00,0x00,0x00,0x00,
  0x00,0x00,0x00,0x00,0x00,0x00,0x00,0x00,0x00,0x00,0x00,0x00,0x00,0x00,0x00,0x00,0x00,0x00,0x00,0x00,0x00,0x00,0x00,0x00,
  0x00,0x00,0x00,0x00,0x00,0x00,0x00,0x00,0x00,0x00,0x00,0x00,0x00,0x00,0x00,0x00,0x00,0x00,0x00,0x00,0x00,0x00,0x00,0x00,
  0x00,0x00,0x00,0x00,0x00,0x00,0x00,0x00,0x00,0x00,0x00,0x00,0x00,0x00,0x00,0x00,0x00,0x00,0x00,0x00,0x00,0x00,0x00,0x00,
  0x00,0x00,0x00,0x00,0x00,0x00,0x00,0x00,0x00,0x00,0x00,0x00,0x00,0x00,0x00,0x00,0x00,0x00,0x00,0x00,0x00,0x00,0x00,0x00,
  0x00,0x00,0x00,0x00,0x00,0x00,0x00,0x00,0x00,0x00,0x00,0x00,0x00,0x00,0xc3,0x00,0x77,0x05,0xb8,0x05,0xf9,0x05,0xf1,0x03,
  0x25,0x01,0x66,0x01,0xb4,0x04,0x3b,0x06,0x1a,0x06,0x98,0x05,0x45,0x01,0x00,0x00,0x00,0x00,0x00,0x00,0x00,0x00,0x00,0x00,
  0x00,0x00,0x00,0x00,0x41,0x00,0x8f,0x03,0xdd,0x06,0xb4,0x04,0x62,0x00,0x00,0x00,0x00,0x00,0x00,0x00,0x00,0x00,0x41,0x00,
  0xcc,0x02,0x98,0x05,0xfe,0x06,0xdd,0x06,0x7c,0x06,0xbd,0x06,0x9c,0x06,0x29,0x02,0x00,0x00,0x00,0x00,0x00,0x00,0x00,0x00,
  0x00,0x00,0x00,0x00,0x00,0x00,0xc3,0x00,0x98,0x05,0x9d,0x06,0xfa,0x05,0x08,0x02,0x00,0x00,0x00,0x00,0x00,0x00,0x00,0x00,
  0x00,0x00,0x00,0x00,0xf1,0x03,0xbd,0x06,0xfa,0x05,0xfa,0x05,0x1a,0x06,0x1a,0x06,0x1a,0x06,0x77,0x05,0x45,0x01,0x00,0x00,
  0x00,0x00,0x00,0x00,0x00,0x00,0x45,0x01,0x98,0x05,0x3b,0x06,0x57,0x05,0xe3,0x00,0x00,0x00,0x00,0x00,0x00,0x00,0x00,0x00,
  0x00,0x00,0x8b,0x02,0xf9,0x05,0x98,0x05,0x32,0x04,0x66,0x01,0x4a,0x02,0x36,0x05,0xb9,0x05,0xb8,0x05,0x98,0x05,0x2d,0x03,
  0x09,0x02,0xab,0x02,0x2d,0x03,0xec,0x02,0xa7,0x01,0x41,0x00,0x00,0x00,0x00,0x00,0x00,0x00,0x00,0x00,0x00,0x00,0xe8,0x01,
  0x77,0x05,0xd9,0x05,0x53,0x04,0x61,0x00,0x00,0x00,0x00,0x00,0x00,0x00,0x00,0x00,0x00,0x00,0x00,0x00,0xa7,0x01,0x37,0x05,
  0x78,0x05,0x57,0x05,0x94,0x04,0xd0,0x03,0x73,0x04,0x57,0x05,0x36,0x05,0xb4,0x04,0xe8,0x01,0x20,0x00,0x00,0x00,0x00,0x00,
  0x00,0x00,0x00,0x00,0x00,0x00,0x00,0x00,0x61,0x00,0xd0,0x03,0x16,0x05,0x57,0x05,0xf1,0x03,0x25,0x01,0xa3,0x00,0x09,0x02,
  0x73,0x04,0xf5,0x04,0xd4,0x04,0x6a,0x02,0x00,0x00,0x00,0x00,0x00,0x00,0x00,0x00,0x00,0x00,0x00,0x00,0x00,0x00,0x00,0x00,
  0x00,0x00,0x00,0x00,0x00,0x00,0x00,0x00,0x00,0x00,0x00,0x00,0x00,0x00,0x00,0x00,0x00,0x00,0x00,0x00,0x00,0x00,0x00,0x00,
  0x00,0x00,0x00,0x00,0x00,0x00,0x00,0x00,0x00,0x00,0x00,0x00,0x00,0x00,0x00,0x00,0x00,0x00,0x00,0x00,0x00,0x00,0x00,0x00,
  0x00,0x00,0x00,0x00,0x00,0x00,0x00,0x00,0x00,0x00,0x00,0x00,0x00,0x00,0x00,0x00,0x00,0x00,0x00,0x00,0x00,0x00,0x00,0x00,
  0x00,0x00,0x00,0x00,0x00,0x00,0x00,0x00,0x00,0x00,0x00,0x00,0x00,0x00,0x00,0x00,0x00,0x00,0x00,0x00,0x00,0x00,0x00,0x00,
  0x00,0x00,0x00,0x00,0x00,0x00,0x00,0x00,0xb0,0x03,0x5b,0x06,0x98,0x05,0x1a,0x06,0xfa,0x05,0x3a,0x06,0x5b,0x06,0x1a,0x06,
  0x9c,0x06,0xb0,0x03,0x21,0x00,0x00,0x00,0x00,0x00,0x00,0x00,0x00,0x00,0x00,0x00,0x00,0x00,0x00,0x00,0x00,0x00,0x00,0x00,
  0x8b,0x02,0x66,0x01,0x00,0x00,0x00,0x00,0x00,0x00,0x00,0x00,0x45,0x01,0xb4,0x04,0xbd,0x06,0x9c,0x06,0x9c,0x06,0xbd,0x06,
  0x9c,0x06,0xdd,0x06,0xd4,0x04,0x00,0x00,0x00,0x00,0x00,0x00,0x00,0x00,0x00,0x00,0x00,0x00,0x00,0x00,0x00,0x00,0xe4,0x00,
  0xb9,0x05,0xbd,0x06,0x1a,0x06,0xe8,0x01,0x00,0x00,0x00,0x00,0x00,0x00,0x00,0x00,0x00,0x00,0x00,0x00,0x12,0x04,0xbd,0x06,
  0x1a,0x06,0xfa,0x05,0x3b,0x06,0x3a,0x06,0x1a,0x06,0x57,0x05,0x45,0x01,0x00,0x00,0x00,0x00,0x00,0x00,0x00,0x00,0x45,0x01,
  0xb8,0x05,0x3b,0x06,0x57,0x05,0xe3,0x00,0x00,0x00,0x00,0x00,0x00,0x00,0x00,0x00,0x00,0x00,0xab,0x02,0x1a,0x06,0xd9,0x05,
  0x53,0x04,0xa2,0x00,0x00,0x00,0xe8,0x01,0x73,0x04,0xb8,0x05,0x57,0x05,0x98,0x05,0x98,0x05,0xd9,0x05,0xd9,0x05,0xb9,0x05,
  0x57,0x05,0xb0,0x03,0xc3,0x00,0x00,0x00,0x00,0x00,0x00,0x00,0x00,0x00,0x09,0x02,0x77,0x05,0xf9,0x05,0x12,0x04,0x20,0x00,
  0x00,0x00,0x00,0x00,0x00,0x00,0x00,0x00,0x00,0x00,0x00,0x00,0x20,0x00,0xcc,0x02,0x16,0x05,0x57,0x05,0x57,0x05,0x78,0x05,
  0x57,0x05,0x16,0x05,0xf5,0x04,0x0d,0x03,0x20,0x00,0x00,0x00,0x00,0x00,0x00,0x00,0x00,0x00,0x00,0x00,0x00,0x00,0x00,0x00,
  0x00,0x00,0x6a,0x02,0x57,0x05,0xf5,0x04,0x16,0x05,0xb4,0x04,0x73,0x04,0x36,0x05,0xf5,0x04,0x16,0x05,0x73,0x04,0xc3,0x00,
  0x00,0x00,0x00,0x00,0x00,0x00,0x00,0x00,0x00,0x00,0x00,0x00,0x00,0x00,0x00,0x00,0x00,0x00,0x00,0x00,0x00,0x00,0x00,0x00,
  0x00,0x00,0x00,0x00,0x00,0x00,0x00,0x00,0x00,0x00,0x00,0x00,0x00,0x00,0x00,0x00,0x00,0x00,0x00,0x00,0x00,0x00,0x00,0x00,
  0x00,0x00,0x00,0x00,0x00,0x00,0x00,0x00,0x00,0x00,0x00,0x00,0x00,0x00,0x00,0x00,0x00,0x00,0x00,0x00,0x00,0x00,0x00,0x00,
  0x00,0x00,0x00,0x00,0x00,0x00,0x00,0x00,0x00,0x00,0x00,0x00,0x00,0x00,0x00,0x00,0x00,0x00,0x00,0x00,0x00,0x00,0x00,0x00,
  0x00,0x00,0x00,0x00,0x00,0x00,0x00,0x00,0x00,0x00,0x00,0x00,0x00,0x00,0x00,0x00,0x00,0x00,0x00,0x00,0x00,0x00,0x00,0x00,
  0x62,0x00,0x73,0x04,0x5b,0x06,0x1a,0x06,0x1a,0x06,0x1a,0x06,0x5b,0x06,0x9c,0x06,0x73,0x04,0x62,0x00,0x00,0x00,0x00,0x00,
  0x00,0x00,0x00,0x00,0x00,0x00,0x00,0x00,0x00,0x00,0x00,0x00,0x00,0x00,0x00,0x00,0x00,0x00,0x00,0x00,0x00,0x00,0x00,0x00,
  0x00,0x00,0xe8,0x01,0xfa,0x05,0xde,0x06,0x7c,0x06,0x9c,0x06,0xbd,0x06,0xdd,0x06,0xbd,0x06,0x9d,0x06,0x4a,0x02,0x00,0x00,
  0x00,0x00,0x00,0x00,0x00,0x00,0x00,0x00,0x00,0x00,0x00,0x00,0x00,0x00,0x04,0x01,0xd9,0x05,0xdd,0x06,0x1a,0x06,0x45,0x01,
  0x00,0x00,0x00,0x00,0x00,0x00,0x00,0x00,0x00,0x00,0x00,0x00,0x11,0x04,0xbd,0x06,0x1a,0x06,0xfa,0x05,0xfa,0x05,0x1a,0x06,
  0x1a,0x06,0x57,0x05,0x45,0x01,0x00,0x00,0x00,0x00,0x00,0x00,0x00,0x00,0x25,0x01,0x98,0x05,0x3b,0x06,0x57,0x05,0xe3,0x00,
  0x00,0x00,0x00,0x00,0x00,0x00,0x00,0x00,0x00,0x00,0xab,0x02,0x1a,0x06,0xb8,0x05,0x52,0x04,0x82,0x00,0x00,0x00,0x00,0x00,
  0xe4,0x00,0x4e,0x03,0x57,0x05,0xb8,0x05,0x77,0x05,0x98,0x05,0xfa,0x05,0xd9,0x05,0x77,0x05,0xb8,0x05,0xf1,0x03,0x82,0x00,
  0x00,0x00,0x00,0x00,0x00,0x00,0x29,0x02,0x98,0x05,0x98,0x05,0x94,0x04,0xe3,0x00,0x00,0x00,0x00,0x00,0x00,0x00,0x00,0x00,
  0x00,0x00,0x00,0x00,0x00,0x00,0x00,0x00,0x8b,0x02,0x32,0x04,0xf5,0x04,0x36,0x05,0x36,0x05,0x73,0x04,0x8b,0x02,0x41,0x00,
  0x00,0x00,0x00,0x00,0x00,0x00,0x00,0x00,0x00,0x00,0x00,0x00,0x00,0x00,0x00,0x00,0x00,0x00,0x82,0x00,0x4e,0x03,0x36,0x05,
  0x16,0x05,0xf5,0x04,0x16,0x05,0xd5,0x04,0x36,0x05,0xd5,0x04,0x4a,0x02,0x00,0x00,0x00,0x00,0x00,0x00,0x00,0x00,0x00,0x00,
  0x00,0x00,0x00,0x00,0x00,0x00,0x00,0x00,0x00,0x00,0x00,0x00,0x00,0x00,0x00,0x00,0x00,0x00,0x00,0x00,0x00,0x00,0x00,0x00,
  0x00,0x00,0x00,0x00,0x00,0x00,0x00,0x00,0x00,0x00,0x00,0x00,0x00,0x00,0x00,0x00,0x00,0x00,0x00,0x00,0x00,0x00,0x00,0x00,
  0x00,0x00,0x00,0x00,0x00,0x00,0x00,0x00,0x00,0x00,0x00,0x00,0x00,0x00,0x00,0x00,0x00,0x00,0x00,0x00,0x00,0x00,0x00,0x00,
  0x00,0x00,0x00,0x00,0x00,0x00,0x00,0x00,0x00,0x00,0x00,0x00,0x00,0x00,0x00,0x00,0x00,0x00,0x00,0x00,0x00,0x00,0x00,0x00,
  0x00,0x00,0x00,0x00,0x00,0x00,0x00,0x00,0x00,0x00,0x00,0x00,0x00,0x00,0x00,0x00,0x00,0x00,0x41,0x00,0xed,0x02,0xd5,0x04,
  0x57,0x05,0x77,0x05,0xd5,0x04,0xec,0x02,0x41,0x00,0x00,0x00,0x00,0x00,0x00,0x00,0x00,0x00,0x00,0x00,0x00,0x00,0x00,0x00,
  0x00,0x00,0x00,0x00,0x00,0x00,0x00,0x00,0x00,0x00,0x00,0x00,0x00,0x00,0x00,0x00,0xc7,0x01,0x1a,0x06,0xde,0x06,0x9c,0x06,
  0x9d,0x06,0x9c,0x06,0x9c,0x06,0x9c,0x06,0xfe,0x06,0x98,0x05,0xc3,0x00,0x00,0x00,0x00,0x00,0x00,0x00,0x00,0x00,0x00,0x00,
  0x00,0x00,0x00,0x00,0x00,0x00,0x41,0x00,0x98,0x05,0xdd,0x06,0x1a,0x06,0x25,0x01,0x00,0x00,0x00,0x00,0x00,0x00,0x00,0x00,
  0x00,0x00,0x00,0x00,0xf1,0x03,0xbd,0x06,0x1a,0x06,0xf9,0x05,0xd9,0x05,0xd9,0x05,0x1a,0x06,0x36,0x05,0x25,0x01,0x00,0x00,
  0x00,0x00,0x00,0x00,0x00,0x00,0x25,0x01,0x98,0x05,0x3b,0x06,0x57,0x05,0xe3,0x00,0x00,0x00,0x00,0x00,0x00,0x00,0x00,0x00,
  0x00,0x00,0xab,0x02,0xfa,0x05,0x98,0x05,0x32,0x04,0x62,0x00,0x00,0x00,0x20,0x00,0x00,0x00,0xe8,0x01,0x98,0x05,0x57,0x05,
  0x77,0x05,0xd5,0x04,0xd0,0x03,0xd4,0x04,0xb9,0x05,0x57,0x05,0x57,0x05,0xed,0x02,0x00,0x00,0x00,0x00,0x00,0x00,0xc7,0x01,
  0x77,0x05,0x57,0x05,0x16,0x05,0x11,0x04,0x25,0x01,0x00,0x00,0x00,0x00,0x00,0x00,0x00,0x00,0x00,0x00,0x00,0x00,0x00,0x00,
  0x20,0x00,0x82,0x00,0x25,0x01,0xc7,0x01,0x4a,0x02,0x04,0x01,0x00,0x00,0x00,0x00,0x00,0x00,0x00,0x00,0x00,0x00,0x00,0x00,
  0x00,0x00,0x00,0x00,0x00,0x00,0x00,0x00,0x00,0x00,0x00,0x00,0x61,0x00,0x49,0x02,0xf1,0x03,0x73,0x04,0xb4,0x04,0x94,0x04,
  0x8f,0x03,0xe8,0x01,0x20,0x00,0x00,0x00,0x00,0x00,0x00,0x00,0x00,0x00,0x00,0x00,0x00,0x00,0x00,0x00,0x00,0x00,0x00,0x00,
  0x00,0x00,0x00,0x00,0x00,0x00,0x00,0x00,0x00,0x00,0x00,0x00,0x00,0x00,0x00,0x00,0x00,0x00,0x00,0x00,0x00,0x00,0x00,0x00,
  0x00,0x00,0x00,0x00,0x00,0x00,0x00,0x00,0x00,0x00,0x00,0x00,0x00,0x00,0x00,0x00,0x00,0x00,0x00,0x00,0x00,0x00,0x00,0x00,
  0x00,0x00,0x00,0x00,0x00,0x00,0x00,0x00,0x00,0x00,0x00,0x00,0x00,0x00,0x00,0x00,0x00,0x00,0x00,0x00,0x00,0x00,0x00,0x00,
  0x00,0x00,0x00,0x00,0x00,0x00,0x00,0x00,0x00,0x00,0x00,0x00,0x00,0x00,0x00,0x00,0x00,0x00,0x00,0x00,0x00,0x00,0x00,0x00,
  0x00,0x00,0x00,0x00,0x00,0x00,0x00,0x00,0x00,0x00,0x00,0x00,0x00,0x00,0x00,0x00,0x25,0x01,0x25,0x01,0x00,0x00,0x00,0x00,
  0x00,0x00,0x00,0x00,0x00,0x00,0x00,0x00,0x00,0x00,0x00,0x00,0x00,0x00,0x00,0x00,0x00,0x00,0x00,0x00,0x00,0x00,0x00,0x00,
  0x00,0x00,0x00,0x00,0x00,0x00,0xc8,0x01,0x3b,0x06,0xde,0x06,0xbd,0x06,0xbd,0x06,0x9c,0x06,0x9c,0x06,0x7c,0x06,0x5b,0x06,
  0xde,0x06,0x8f,0x03,0x00,0x00,0x00,0x00,0x00,0x00,0x00,0x00,0x00,0x00,0x00,0x00,0x00,0x00,0x00,0x00,0x00,0x00,0x00,0x00,
  0x57,0x05,0xbd,0x06,0x1a,0x06,0x86,0x01,0x00,0x00,0x00,0x00,0x00,0x00,0x00,0x00,0x00,0x00,0x00,0x00,0xf1,0x03,0x7c,0x06,
  0x1a,0x06,0xf9,0x05,0xd9,0x05,0xd9,0x05,0xfa,0x05,0xf5,0x04,0x04,0x01,0x00,0x00,0x00,0x00,0x00,0x00,0x00,0x00,0x45,0x01,
  0x98,0x05,0x3a,0x06,0x36,0x05,0xe3,0x00,0x00,0x00,0x00,0x00,0x00,0x00,0x00,0x00,0x00,0x00,0x8b,0x02,0xfa,0x05,0x98,0x05,
  0x32,0x04,0x82,0x00,0x00,0x00,0x00,0x00,0x20,0x00,0x8f,0x03,0xfa,0x05,0x57,0x05,0x93,0x04,0x45,0x01,0x82,0x00,0x04,0x01,
  0x32,0x04,0x77,0x05,0x98,0x05,0x32,0x04,0x00,0x00,0x00,0x00,0x00,0x00,0x00,0x00,0x2e,0x03,0x77,0x05,0x36,0x05,0x16,0x05,
  0x73,0x04,0x04,0x01,0x00,0x00,0x00,0x00,0x00,0x00,0x00,0x00,0x00,0x00,0x00,0x00,0x00,0x00,0x00,0x00,0x00,0x00,0x00,0x00,
  0x00,0x00,0x00,0x00,0x00,0x00,0x00,0x00,0x00,0x00,0x00,0x00,0x00,0x00,0x00,0x00,0x00,0x00,0x00,0x00,0x00,0x00,0x00,0x00,
  0x00,0x00,0x00,0x00,0x00,0x00,0x00,0x00,0x61,0x00,0xa7,0x01,0xc8,0x01,0x86,0x01,0x62,0x00,0x00,0x00,0x00,0x00,0x00,0x00,
  0x00,0x00,0x00,0x00,0x00,0x00,0x00,0x00,0x00,0x00,0x00,0x00,0x00,0x00,0x00,0x00,0x00,0x00,0x00,0x00,0x00,0x00,0x00,0x00,
  0x00,0x00,0x00,0x00,0x00,0x00,0x00,0x00,0x00,0x00,0x00,0x00,0x00,0x00,0x00,0x00,0x00,0x00,0x00,0x00,0x00,0x00,0x00,0x00,
  0x00,0x00,0x00,0x00,0x00,0x00,0x00,0x00,0x00,0x00,0x00,0x00,0x00,0x00,0x00,0x00,0x00,0x00,0x00,0x00,0x00,0x00,0x00,0x00,
  0x00,0x00,0x00,0x00,0x00,0x00,0x00,0x00,0x00,0x00,0x00,0x00,0x00,0x00,0x00,0x00,0x00,0x00,0x00,0x00,0x00,0x00,0x00,0x00,
  0x00,0x00,0x00,0x00,0x00,0x00,0x00,0x00,0x00,0x00,0x00,0x00,0x00,0x00,0x00,0x00,0x00,0x00,0x00,0x00,0x00,0x00,0x00,0x00,
  0x00,0x00,0x00,0x00,0x00,0x00,0x00,0x00,0x00,0x00,0x00,0x00,0x00,0x00,0x00,0x00,0x00,0x00,0x00,0x00,0x00,0x00,0x00,0x00,
  0x00,0x00,0x00,0x00,0x00,0x00,0x00,0x00,0x00,0x00,0x00,0x00,0x00,0x00,0x00,0x00,0x00,0x00,0x00,0x00,0xe8,0x01,0x3b,0x06,
  0xdd,0x06,0x9c,0x06,0xbd,0x06,0xbd,0x06,0xbd,0x06,0x9c,0x06,0x7c,0x06,0x9c,0x06,0xfa,0x05,0xa7,0x01,0x00,0x00,0x00,0x00,
  0x00,0x00,0x00,0x00,0x00,0x00,0x00,0x00,0x00,0x00,0x00,0x00,0x00,0x00,0x00,0x00,0x36,0x05,0xdd,0x06,0x1a,0x06,0x29,0x02,
  0x00,0x00,0x00,0x00,0x00,0x00,0x00,0x00,0x00,0x00,0x00,0x00,0xf1,0x03,0x9c,0x06,0x1a,0x06,0x1a,0x06,0xfa,0x05,0xf9,0x05,
  0x1a,0x06,0x16,0x05,0x04,0x01,0x00,0x00,0x00,0x00,0x00,0x00,0x00,0x00,0x45,0x01,0x98,0x05,0x1a,0x06,0x36,0x05,0xe3,0x00,
  0x00,0x00,0x00,0x00,0x00,0x00,0x00,0x00,0x00,0x00,0x8b,0x02,0xfa,0x05,0xb9,0x05,0x32,0x04,0x62,0x00,0x00,0x00,0x00,0x00,
  0x61,0x00,0x73,0x04,0xf9,0x05,0xd9,0x05,0x4a,0x02,0x00,0x00,0x00,0x00,0x00,0x00,0xa7,0x01,0x36,0x05,0x98,0x05,0x53,0x04,
  0x00,0x00,0x00,0x00,0x00,0x00,0x00,0x00,0x82,0x00,0x8f,0x03,0x78,0x05,0x16,0x05,0x57,0x05,0x93,0x04,0x04,0x01,0x00,0x00,
  0x00,0x00,0x00,0x00,0x00,0x00,0x00,0x00,0x00,0x00,0x00,0x00,0x00,0x00,0x00,0x00,0x00,0x00,0x00,0x00,0x00,0x00,0x00,0x00,
  0x00,0x00,0x00,0x00,0x00,0x00,0x00,0x00,0x00,0x00,0x00,0x00,0x00,0x00,0x00,0x00,0x00,0x00,0x00,0x00,0x00,0x00,0x00,0x00,
  0x00,0x00,0x00,0x00,0x00,0x00,0x00,0x00,0x00,0x00,0x00,0x00,0x00,0x00,0x00,0x00,0x00,0x00,0x00,0x00,0x00,0x00,0x00,0x00,
  0x00,0x00,0x00,0x00,0x00,0x00,0x00,0x00,0x00,0x00,0x00,0x00,0x00,0x00,0x00,0x00,0x00,0x00,0x00,0x00,0x00,0x00,0x00,0x00,
  0x00,0x00,0x00,0x00,0x00,0x00,0x00,0x00,0x00,0x00,0x00,0x00,0x00,0x00,0x00,0x00,0x00,0x00,0x00,0x00,0x00,0x00,0x00,0x00,
  0x00,0x00,0x00,0x00,0x00,0x00,0x00,0x00,0x00,0x00,0x00,0x00,0x00,0x00,0x00,0x00,0x00,0x00,0x00,0x00,0x00,0x00,0x00,0x00,
  0x00,0x00,0x00,0x00,0x00,0x00,0x00,0x00,0x00,0x00,0x00,0x00,0x00,0x00,0x00,0x00,0x00,0x00,0x00,0x00,0x00,0x00,0x00,0x00,
  0x00,0x00,0x00,0x00,0x00,0x00,0x00,0x00,0x00,0x00,0x00,0x00,0x00,0x00,0x00,0x00,0x00,0x00,0x00,0x00,0x00,0x00,0x00,0x00,
  0x00,0x00,0x00,0x00,0x00,0x00,0x00,0x00,0x00,0x00,0x00,0x00,0x00,0x00,0x00,0x00,0x00,0x00,0x00,0x00,0x00,0x00,0x00,0x00,
  0x00,0x00,0x00,0x00,0x00,0x00,0x00,0x00,0x00,0x00,0xe8,0x01,0x3b,0x06,0x7c,0x06,0x7c,0x06,0xbd,0x06,0xbd,0x06,0xbd,0x06,
  0xbd,0x06,0xbd,0x06,0x9d,0x06,0xfe,0x06,0xd0,0x03,0x20,0x00,0x00,0x00,0x00,0x00,0x00,0x00,0x00,0x00,0x00,0x00,0x00,0x00,
  0x00,0x00,0x00,0x00,0x00,0x00,0x4a,0x02,0x5b,0x06,0x9c,0x06,0x3a,0x06,0x4a,0x02,0x00,0x00,0x00,0x00,0x00,0x00,0x00,0x00,
  0x00,0x00,0x00,0x00,0xaf,0x03,0x9c,0x06,0x5b,0x06,0x1a,0x06,0xf9,0x05,0xfa,0x05,0x5b,0x06,0x16,0x05,0x04,0x01,0x00,0x00,
  0x00,0x00,0x00,0x00,0x00,0x00,0x45,0x01,0x98,0x05,0x1a,0x06,0x36,0x05,0xe3,0x00,0x00,0x00,0x00,0x00,0x00,0x00,0x00,0x00,
  0x00,0x00,0x8b,0x02,0xd9,0x05,0x98,0x05,0x32,0x04,0x62,0x00,0x00,0x00,0x00,0x00,0x61,0x00,0x53,0x04,0xd9,0x05,0xb8,0x05,
  0x6a,0x02,0x00,0x00,0x00,0x00,0x00,0x00,0xe8,0x01,0x36,0x05,0x98,0x05,0x73,0x04,0x00,0x00,0x00,0x00,0x00,0x00,0x00,0x00,
  0x00,0x00,0x62,0x00,0x4e,0x03,0xb9,0x05,0xf5,0x04,0x57,0x05,0x94,0x04,0xe4,0x00,0x20,0x00,0x00,0x00,0x00,0x00,0x00,0x00,
  0x00,0x00,0x00,0x00,0x00,0x00,0x00,0x00,0x00,0x00,0x00,0x00,0x00,0x00,0x00,0x00,0x00,0x00,0x00,0x00,0x00,0x00,0x00,0x00,
  0x00,0x00,0x00,0x00,0x00,0x00,0x00,0x00,0x00,0x00,0x00,0x00,0x00,0x00,0x00,0x00,0x00,0x00,0x00,0x00,0x00,0x00,0x00,0x00,
  0x00,0x00,0x00,0x00,0x00,0x00,0x00,0x00,0x00,0x00,0x00,0x00,0x00,0x00,0x00,0x00,0x00,0x00,0x00,0x00,0x00,0x00,0x00,0x00,
  0x00,0x00,0x00,0x00,0x00,0x00,0x00,0x00,0x00,0x00,0x00,0x00,0x00,0x00,0x00,0x00,0x00,0x00,0x00,0x00,0x00,0x00,0x00,0x00,
  0x00,0x00,0x00,0x00,0x00,0x00,0x00,0x00,0x00,0x00,0x00,0x00,0x00,0x00,0x00,0x00,0x00,0x00,0x00,0x00,0x00,0x00,0x00,0x00,
  0x00,0x00,0x00,0x00,0x00,0x00,0x00,0x00,0x00,0x00,0x00,0x00,0x00,0x00,0x00,0x00,0x00,0x00,0x00,0x00,0x00,0x00,0x00,0x00,
  0x00,0x00,0x00,0x00,0x00,0x00,0x00,0x00,0x00,0x00,0x00,0x00,0x00,0x00,0x00,0x00,0x00,0x00,0x00,0x00,0x00,0x00,0x00,0x00,
  0x00,0x00,0x00,0x00,0x00,0x00,0x00,0x00,0x00,0x00,0x00,0x00,0x00,0x00,0x00,0x00,0x00,0x00,0x00,0x00,0x00,0x00,0x00,0x00,
  0x00,0x00,0x00,0x00,0x00,0x00,0x00,0x00,0x00,0x00,0x00,0x00,0x00,0x00,0x00,0x00,0x00,0x00,0x00,0x00,0x00,0x00,0x00,0x00,
  0xe8,0x01,0x1a,0x06,0xbd,0x06,0x5b,0x06,0x9c,0x06,0x9d,0x06,0xbd,0x06,0x9d,0x06,0x9d,0x06,0x9c,0x06,0xbd,0x06,0xb9,0x05,
  0x82,0x00,0x00,0x00,0x00,0x00,0x00,0x00,0x00,0x00,0x00,0x00,0x00,0x00,0x00,0x00,0x00,0x00,0x41,0x00,0x6a,0x02,0x3b,0x06,
  0x7c,0x06,0x9c,0x06,0xb9,0x05,0x25,0x01,0x00,0x00,0x00,0x00,0x00,0x00,0x00,0x00,0x00,0x00,0x00,0x00,0xec,0x02,0x7c,0x06,
  0x5b,0x06,0x1a,0x06,0xd9,0x05,0xd9,0x05,0x3b,0x06,0x37,0x05,0xe4,0x00,0x00,0x00,0x00,0x00,0x00,0x00,0x00,0x00,0x45,0x01,
  0x98,0x05,0x1a,0x06,0x36,0x05,0xc3,0x00,0x00,0x00,0x00,0x00,0x00,0x00,0x00,0x00,0x00,0x00,0x8b,0x02,0xb9,0x05,0x57,0x05,
  0x32,0x04,0x82,0x00,0x00,0x00,0x00,0x00,0x00,0x00,0x2d,0x03,0xd9,0x05,0x57,0x05,0xb4,0x04,0x08,0x02,0x04,0x01,0xa7,0x01,
  0x73,0x04,0x57,0x05,0xb9,0x05,0x32,0x04,0x00,0x00,0x00,0x00,0x00,0x00,0x00,0x00,0x00,0x00,0x00,0x00,0x41,0x00,0xac,0x02,
  0x77,0x05,0x36,0x05,0x57,0x05,0x32,0x04,0x66,0x01,0x00,0x00,0x00,0x00,0x00,0x00,0x00,0x00,0x00,0x00,0x00,0x00,0x00,0x00,
  0x00,0x00,0x00,0x00,0x00,0x00,0x00,0x00,0x00,0x00,0x00,0x00,0x00,0x00,0x00,0x00,0x00,0x00,0x00,0x00,0x00,0x00,0x00,0x00,
  0x00,0x00,0x00,0x00,0x00,0x00,0x00,0x00,0x00,0x00,0x00,0x00,0x00,0x00,0x00,0x00,0x00,0x00,0x00,0x00,0x00,0x00,0x00,0x00,
  0x00,0x00,0x00,0x00,0x00,0x00,0x00,0x00,0x00,0x00,0x00,0x00,0x00,0x00,0x00,0x00,0x00,0x00,0x00,0x00,0x00,0x00,0x00,0x00,
  0x00,0x00,0x00,0x00,0x00,0x00,0x00,0x00,0x00,0x00,0x00,0x00,0x00,0x00,0x00,0x00,0x00,0x00,0x00,0x00,0x00,0x00,0x00,0x00,
  0x00,0x00,0x00,0x00,0x00,0x00,0x00,0x00,0x00,0x00,0x00,0x00,0x00,0x00,0x00,0x00,0x00,0x00,0x00,0x00,0x00,0x00,0x00,0x00,
  0x00,0x00,0x00,0x00,0x00,0x00,0x00,0x00,0x00,0x00,0x00,0x00,0x00,0x00,0x00,0x00,0x00,0x00,0x00,0x00,0x00,0x00,0x00,0x00,
  0x00,0x00,0x00,0x00,0x00,0x00,0x00,0x00,0x00,0x00,0x00,0x00,0x00,0x00,0x00,0x00,0x00,0x00,0x00,0x00,0x00,0x00,0x00,0x00,
  0x00,0x00,0x00,0x00,0x00,0x00,0x00,0x00,0x00,0x00,0x00,0x00,0x00,0x00,0x00,0x00,0x00,0x00,0x00,0x00,0x00,0x00,0x00,0x00,
  0x00,0x00,0x00,0x00,0x00,0x00,0x00,0x00,0x00,0x00,0x00,0x00,0x00,0x00,0x00,0x00,0x8a,0x02,0x3b,0x06,0x9c,0x06,0x9c,0x06,
  0xbd,0x06,0xdd,0x06,0xbd,0x06,0xbd,0x06,0x7c,0x06,0x7c,0x06,0xd9,0x05,0xc8,0x01,0x00,0x00,0x00,0x00,0x00,0x00,0x00,0x00,
  0x00,0x00,0x00,0x00,0x00,0x00,0x00,0x00,0x00,0x00,0xab,0x02,0x3b,0x06,0x5b,0x06,0x9c,0x06,0x3b,0x06,0x29,0x02,0x00,0x00,
  0x00,0x00,0x00,0x00,0x00,0x00,0x00,0x00,0x00,0x00,0x00,0x00,0x04,0x01,0x98,0x05,0xd9,0x05,0xd9,0x05,0xd9,0x05,0xd9,0x05,
  0xf9,0x05,0xed,0x02,0x00,0x00,0x00,0x00,0x00,0x00,0x00,0x00,0x00,0x00,0x45,0x01,0x98,0x05,0x1a,0x06,0x36,0x05,0xc3,0x00,
  0x00,0x00,0x00,0x00,0x00,0x00,0x00,0x00,0x00,0x00,0x8b,0x02,0xd9,0x05,0x77,0x05,0x32,0x04,0x62,0x00,0x00,0x00,0x00,0x00,
  0x00,0x00,0x66,0x01,0x36,0x05,0x78,0x05,0x77,0x05,0x36,0x05,0x94,0x04,0x16,0x05,0x57,0x05,0x78,0x05,0x77,0x05,0x09,0x02,
  0x00,0x00,0x00,0x00,0x00,0x00,0x00,0x00,0x00,0x00,0x00,0x00,0x00,0x00,0x00,0x00,0x4e,0x03,0x57,0x05,0x36,0x05,0x57,0x05,
  0x32,0x04,0xc3,0x00,0x20,0x00,0x00,0x00,0x00,0x00,0x00,0x00,0x00,0x00,0x00,0x00,0x00,0x00,0x00,0x00,0x00,0x00,0x00,0x00,
  0x00,0x00,0x00,0x00,0x00,0x00,0x00,0x00,0x00,0x00,0x00,0x00,0x00,0x00,0x00,0x00,0x00,0x00,0x00,0x00,0x00,0x00,0x00,0x00,
  0x00,0x00,0x00,0x00,0x00,0x00,0x00,0x00,0x00,0x00,0x00,0x00,0x00,0x00,0x00,0x00,0x00,0x00,0x00,0x00,0x00,0x00,0x00,0x00,
  0x00,0x00,0x00,0x00,0x00,0x00,0x00,0x00,0x00,0x00,0x00,0x00,0x00,0x00,0x00,0x00,0x00,0x00,0x00,0x00,0x00,0x00,0x00,0x00,
  0x00,0x00,0x00,0x00,0x00,0x00,0x00,0x00,0x00,0x00,0x00,0x00,0x00,0x00,0x00,0x00,0x00,0x00,0x00,0x00,0x00,0x00,0x00,0x00,
  0x00,0x00,0x00,0x00,0x00,0x00,0x00,0x00,0x00,0x00,0x00,0x00,0x00,0x00,0x00,0x00,0x00,0x00,0x00,0x00,0x00,0x00,0x00,0x00,
  0x00,0x00,0x00,0x00,0x00,0x00,0x00,0x00,0x00,0x00,0x00,0x00,0x00,0x00,0x00,0x00,0x00,0x00,0x00,0x00,0x00,0x00,0x00,0x00,
  0x00,0x00,0x00,0x00,0x00,0x00,0x00,0x00,0x00,0x00,0x00,0x00,0x00,0x00,0x00,0x00,0x00,0x00,0x00,0x00,0x00,0x00,0x00,0x00,
  0x00,0x00,0x00,0x00,0x00,0x00,0x00,0x00,0x00,0x00,0x00,0x00,0x00,0x00,0x00,0x00,0x00,0x00,0x00,0x00,0x00,0x00,0x00,0x00,
  0x00,0x00,0x00,0x00,0xe4,0x00,0xf1,0x03,0xe4,0x00,0xcc,0x02,0xbd,0x06,0xbd,0x06,0xdd,0x06,0xbd,0x06,0xbd,0x06,0xbd,0x06,
  0xbd,0x06,0xb9,0x05,0xa7,0x01,0x00,0x00,0x00,0x00,0x00,0x00,0x00,0x00,0x00,0x00,0x00,0x00,0x00,0x00,0x00,0x00,0x00,0x00,
  0xe8,0x01,0x1a,0x06,0x7c,0x06,0x3b,0x06,0x3a,0x06,0xab,0x02,0x00,0x00,0x00,0x00,0x00,0x00,0x00,0x00,0x00,0x00,0x00,0x00,
  0x00,0x00,0x00,0x00,0x00,0x00,0x08,0x02,0x77,0x05,0xb9,0x05,0x1a,0x06,0x1a,0x06,0xd0,0x03,0x20,0x00,0x00,0x00,0x00,0x00,
  0x00,0x00,0x00,0x00,0x00,0x00,0x45,0x01,0x98,0x05,0x1a,0x06,0x36,0x05,0xc3,0x00,0x00,0x00,0x00,0x00,0x00,0x00,0x00,0x00,
  0x00,0x00,0x8b,0x02,0xfa,0x05,0xb8,0x05,0x32,0x04,0x61,0x00,0x00,0x00,0x00,0x00,0x00,0x00,0x20,0x00,0x8b,0x02,0xd9,0x05,
  0x78,0x05,0x98,0x05,0xb9,0x05,0x78,0x05,0x36,0x05,0x98,0x05,0xcc,0x02,0x00,0x00,0x00,0x00,0x00,0x00,0x00,0x00,0x00,0x00,
  0x00,0x00,0x00,0x00,0x00,0x00,0x00,0x00,0x61,0x00,0xed,0x02,0x98,0x05,0x36,0x05,0x36,0x05,0x52,0x04,0x45,0x01,0x00,0x00,
  0x00,0x00,0x00,0x00,0x00,0x00,0x00,0x00,0x00,0x00,0x00,0x00,0x00,0x00,0x00,0x00,0x00,0x00,0x00,0x00,0x00,0x00,0x00,0x00,
  0x00,0x00,0x00,0x00,0x00,0x00,0x00,0x00,0x00,0x00,0x00,0x00,0x00,0x00,0x00,0x00,0x00,0x00,0x00,0x00,0x00,0x00,0x00,0x00,
  0x00,0x00,0x00,0x00,0x00,0x00,0x00,0x00,0x00,0x00,0x00,0x00,0x00,0x00,0x00,0x00,0x00,0x00,0x00,0x00,0x00,0x00,0x00,0x00,
  0x00,0x00,0x00,0x00,0x00,0x00,0x00,0x00,0x00,0x00,0x00,0x00,0x00,0x00,0x00,0x00,0x00,0x00,0x00,0x00,0x00,0x00,0x00,0x00,
  0x00,0x00,0x00,0x00,0x00,0x00,0x00,0x00,0x00,0x00,0x00,0x00,0x00,0x00,0x00,0x00,0x00,0x00,0x00,0x00,0x00,0x00,0x00,0x00,
  0x00,0x00,0x00,0x00,0x00,0x00,0x00,0x00,0x00,0x00,0x00,0x00,0x00,0x00,0x00,0x00,0x00,0x00,0x00,0x00,0x00,0x00,0x00,0x00,
  0x00,0x00,0x00,0x00,0x00,0x00,0x00,0x00,0x00,0x00,0x00,0x00,0x00,0x00,0x00,0x00,0x00,0x00,0x00,0x00,0x00,0x00,0x00,0x00,
  0x00,0x00,0x00,0x00,0x00,0x00,0x00,0x00,0x00,0x00,0x00,0x00,0x00,0x00,0x00,0x00,0x00,0x00,0x00,0x00,0x00,0x00,0x00,0x00,
  0x00,0x00,0x00,0x00,0x00,0x00,0x00,0x00,0x00,0x00,0x00,0x00,0x00,0x00,0x00,0x00,0x00,0x00,0x21,0x00,0xf5,0x04,0xf5,0x04,
  0x04,0x01,0x32,0x04,0xdd,0x06,0xbd,0x06,0xbd,0x06,0x7c,0x06,0x7b,0x06,0xfe,0x06,0x5b,0x06,0xc7,0x01,0x00,0x00,0x00,0x00,
  0x00,0x00,0x00,0x00,0x00,0x00,0x00,0x00,0x00,0x00,0x00,0x00,0x00,0x00,0x4a,0x02,0x3b,0x06,0x5b,0x06,0x7c,0x06,0x5b,0x06,
  0xab,0x02,0x00,0x00,0x00,0x00,0x00,0x00,0x00,0x00,0x00,0x00,0x00,0x00,0x00,0x00,0x00,0x00,0x00,0x00,0x00,0x00,0xc3,0x00,
  0x78,0x05,0x1a,0x06,0x1a,0x06,0x3b,0x06,0x4a,0x02,0x00,0x00,0x00,0x00,0x00,0x00,0x00,0x00,0x00,0x00,0x00,0x00,0x45,0x01,
  0x78,0x05,0x1a,0x06,0x36,0x05,0xc3,0x00,0x00,0x00,0x00,0x00,0x00,0x00,0x00,0x00,0x00,0x00,0x8b,0x02,0xf9,0x05,0x98,0x05,
  0x11,0x04,0x61,0x00,0x00,0x00,0x00,0x00,0x00,0x00,0x00,0x00,0x21,0x00,0x08,0x02,0x52,0x04,0x57,0x05,0x77,0x05,0x77,0x05,
  0x73,0x04,0x4a,0x02,0x61,0x00,0x00,0x00,0x00,0x00,0x00,0x00,0x00,0x00,0x00,0x00,0x00,0x00,0x00,0x00,0x00,0x00,0x00,0x00,
  0x00,0x00,0x41,0x00,0x6f,0x03,0x98,0x05,0xf5,0x04,0x57,0x05,0x73,0x04,0x04,0x01,0x00,0x00,0x00,0x00,0x00,0x00,0x00,0x00,
  0x00,0x00,0x00,0x00,0x00,0x00,0x00,0x00,0x00,0x00,0x00,0x00,0x00,0x00,0x00,0x00,0x00,0x00,0x00,0x00,0x00,0x00,0x00,0x00,
  0x00,0x00,0x00,0x00,0x00,0x00,0x00,0x00,0x00,0x00,0x00,0x00,0x00,0x00,0x00,0x00,0x00,0x00,0x00,0x00,0x00,0x00,0x00,0x00,
  0x00,0x00,0x00,0x00,0x00,0x00,0x00,0x00,0x00,0x00,0x00,0x00,0x00,0x00,0x00,0x00,0x00,0x00,0x00,0x00,0x00,0x00,0x00,0x00,
  0x00,0x00,0x00,0x00,0x00,0x00,0x00,0x00,0x00,0x00,0x00,0x00,0x00,0x00,0x00,0x00,0x00,0x00,0x00,0x00,0x00,0x00,0x00,0x00,
  0x00,0x00,0x00,0x00,0x00,0x00,0x00,0x00,0x00,0x00,0x00,0x00,0x00,0x00,0x00,0x00,0x00,0x00,0x00,0x00,0x00,0x00,0x00,0x00,
  0x00,0x00,0x00,0x00,0x00,0x00,0x00,0x00,0x00,0x00,0x00,0x00,0x00,0x00,0x00,0x00,0x00,0x00,0x00,0x00,0x00,0x00,0x00,0x00,
  0x00,0x00,0x00,0x00,0x00,0x00,0x00,0x00,0x00,0x00,0x00,0x00,0x00,0x00,0x00,0x00,0x00,0x00,0x00,0x00,0x00,0x00,0x00,0x00,
  0x00,0x00,0x00,0x00,0x00,0x00,0x00,0x00,0x00,0x00,0x00,0x00,0x00,0x00,0x00,0x00,0x00,0x00,0x00,0x00,0x00,0x00,0x00,0x00,
  0x00,0x00,0x00,0x00,0x00,0x00,0x00,0x00,0x00,0x00,0x11,0x04,0x1a,0x06,0x45,0x01,0xb0,0x03,0xdd,0x06,0x7c,0x06,0x9c,0x06,
  0xbd,0x06,0xbd,0x06,0x9c,0x06,0xfa,0x05,0xe8,0x01,0x00,0x00,0x00,0x00,0x00,0x00,0x00,0x00,0x00,0x00,0x00,0x00,0x00,0x00,
  0x00,0x00,0x00,0x00,0x49,0x02,0x5c,0x06,0x5b,0x06,0x5b,0x06,0x1a,0x06,0x08,0x02,0x00,0x00,0x00,0x00,0x00,0x00,0x00,0x00,
  0x00,0x00,0x00,0x00,0x00,0x00,0x00,0x00,0x00,0x00,0x00,0x00,0x00,0x00,0xe4,0x00,0x98,0x05,0x3b,0x06,0x1a,0x06,0x3b,0x06,
  0x49,0x02,0x00,0x00,0x00,0x00,0x00,0x00,0x00,0x00,0x00,0x00,0x00,0x00,0x25,0x01,0x77,0x05,0x1a,0x06,0x36,0x05,0xc3,0x00,
  0x00,0x00,0x00,0x00,0x00,0x00,0x00,0x00,0x00,0x00,0x6a,0x02,0xd9,0x05,0x98,0x05,0x12,0x04,0x61,0x00,0x00,0x00,0x00,0x00,
  0x00,0x00,0x00,0x00,0x00,0x00,0x00,0x00,0x62,0x00,0x25,0x01,0xc8,0x01,0x25,0x01,0xa2,0x00,0x00,0x00,0x00,0x00,0x00,0x00,
  0x00,0x00,0x00,0x00,0x00,0x00,0x00,0x00,0x00,0x00,0x00,0x00,0x00,0x00,0x82,0x00,0x86,0x01,0x20,0x00,0x61,0x00,0xcc,0x02,
  0x36,0x05,0x16,0x05,0x57,0x05,0x53,0x04,0xc3,0x00,0x00,0x00,0x62,0x00,0xc8,0x01,0xc7,0x01,0x66,0x01,0x82,0x00,0x00,0x00,
  0x00,0x00,0x00,0x00,0x00,0x00,0x00,0x00,0x00,0x00,0x00,0x00,0x00,0x00,0x00,0x00,0x00,0x00,0x00,0x00,0x00,0x00,0x00,0x00,
  0x00,0x00,0x00,0x00,0x00,0x00,0x00,0x00,0x00,0x00,0x00,0x00,0x00,0x00,0x00,0x00,0x00,0x00,0x00,0x00,0x00,0x00,0x00,0x00,
  0x00,0x00,0x00,0x00,0x00,0x00,0x00,0x00,0x00,0x00,0x00,0x00,0x00,0x00,0x00,0x00,0x00,0x00,0x00,0x00,0x00,0x00,0x00,0x00,
  0x00,0x00,0x00,0x00,0x00,0x00,0x00,0x00,0x00,0x00,0x00,0x00,0x00,0x00,0x00,0x00,0x00,0x00,0x00,0x00,0x00,0x00,0x00,0x00,
  0x00,0x00,0x00,0x00,0x00,0x00,0x00,0x00,0x00,0x00,0x00,0x00,0x00,0x00,0x00,0x00,0x00,0x00,0x00,0x00,0x00,0x00,0x00,0x00,
  0x00,0x00,0x00,0x00,0x00,0x00,0x00,0x00,0x00,0x00,0x00,0x00,0x00,0x00,0x00,0x00,0x00,0x00,0x00,0x00,0x00,0x00,0x00,0x00,
  0x00,0x00,0x00,0x00,0x00,0x00,0x00,0x00,0x00,0x00,0x00,0x00,0x00,0x00,0x00,0x00,0x00,0x00,0x00,0x00,0x00,0x00,0x00,0x00,
  0x00,0x00,0x00,0x00,0x00,0x00,0x00,0x00,0x00,0x00,0x00,0x00,0x00,0x00,0x00,0x00,0x00,0x00,0x00,0x00,0x00,0x00,0x00,0x00,
  0x6a,0x02,0xde,0x06,0x57,0x05,0x6e,0x03,0x9d,0x06,0x9d,0x06,0x7c,0x06,0x7c,0x06,0x9c,0x06,0xbd,0x06,0xd9,0x05,0x66,0x01,
  0x00,0x00,0x00,0x00,0x00,0x00,0x00,0x00,0x00,0x00,0x00,0x00,0x00,0x00,0x00,0x00,0x00,0x00,0xab,0x02,0x5b,0x06,0xbd,0x06,
  0x7c,0x06,0xfa,0x05,0xe8,0x01,0x00,0x00,0x00,0x00,0x00,0x00,0x00,0x00,0x00,0x00,0x00,0x00,0x00,0x00,0x00,0x00,0x00,0x00,
  0x00,0x00,0x00,0x00,0x00,0x00,0xa2,0x00,0x77,0x05,0x1a,0x06,0xfa,0x05,0x1a,0x06,0x09,0x02,0x00,0x00,0x00,0x00,0x00,0x00,
  0x00,0x00,0x00,0x00,0x00,0x00,0x25,0x01,0x77,0x05,0x1a,0x06,0x16,0x05,0xc3,0x00,0x00,0x00,0x00,0x00,0x00,0x00,0x00,0x00,
  0x00,0x00,0x6a,0x02,0xb9,0x05,0x98,0x05,0x32,0x04,0x62,0x00,0x00,0x00,0x00,0x00,0x00,0x00,0x00,0x00,0x00,0x00,0x00,0x00,
  0x00,0x00,0x00,0x00,0x00,0x00,0x00,0x00,0x00,0x00,0x00,0x00,0x00,0x00,0x00,0x00,0x00,0x00,0x00,0x00,0x00,0x00,0x00,0x00,
  0x00,0x00,0x00,0x00,0x82,0x00,0xb0,0x03,0xf5,0x04,0x25,0x01,0x00,0x00,0x00,0x00,0x0d,0x03,0x36,0x05,0x36,0x05,0x57,0x05,
  0xd0,0x03,0xcc,0x02,0x12,0x04,0xb4,0x04,0xb4,0x04,0xb4,0x04,0xd0,0x03,0x25,0x01,0x00,0x00,0x00,0x00,0x00,0x00,0x00,0x00,
  0x00,0x00,0x00,0x00,0x00,0x00,0x00,0x00,0x00,0x00,0x00,0x00,0x00,0x00,0x00,0x00,0x00,0x00,0x00,0x00,0x00,0x00,0x00,0x00,
  0x00,0x00,0x00,0x00,0x00,0x00,0x00,0x00,0x00,0x00,0x00,0x00,0x00,0x00,0x00,0x00,0x00,0x00,0x00,0x00,0x00,0x00,0x00,0x00,
  0x00,0x00,0x00,0x00,0x00,0x00,0x00,0x00,0x00,0x00,0x00,0x00,0x00,0x00,0x00,0x00,0x00,0x00,0x00,0x00,0x00,0x00,0x00,0x00,
  0x00,0x00,0x00,0x00,0x00,0x00,0x00,0x00,0x00,0x00,0x00,0x00,0x00,0x00,0x00,0x00,0x00,0x00,0x00,0x00,0x00,0x00,0x00,0x00,
  0x00,0x00,0x00,0x00,0x00,0x00,0x00,0x00,0x00,0x00,0x00,0x00,0x00,0x00,0x00,0x00,0x00,0x00,0x00,0x00,0x00,0x00,0x00,0x00,
  0x00,0x00,0x00,0x00,0x00,0x00,0x00,0x00,0x00,0x00,0x00,0x00,0x00,0x00,0x00,0x00,0x00,0x00,0x00,0x00,0x00,0x00,0x00,0x00,
  0x00,0x00,0x00,0x00,0x00,0x00,0x00,0x00,0x00,0x00,0x00,0x00,0x00,0x00,0x00,0x00,0x00,0x00,0x00,0x00,0x00,0x00,0x00,0x00,
  0x00,0x00,0x00,0x00,0x00,0x00,0x00,0x00,0x00,0x00,0x00,0x00,0x00,0x00,0x00,0x00,0xed,0x02,0x7c,0x06,0x7c,0x06,0x1f,0x07,
  0x7c,0x06,0x9c,0x06,0x9c,0x06,0xdd,0x06,0x93,0x04,0xab,0x02,0xc7,0x01,0x00,0x00,0x00,0x00,0x00,0x00,0x00,0x00,0x00,0x00,
  0x00,0x00,0x00,0x00,0x00,0x00,0x20,0x00,0x29,0x02,0x3b,0x06,0x9c,0x06,0x7c,0x06,0x3b,0x06,0xe8,0x01,0x00,0x00,0x00,0x00,
  0x00,0x00,0x00,0x00,0x00,0x00,0x00,0x00,0x00,0x00,0x00,0x00,0x00,0x00,0x00,0x00,0x00,0x00,0x00,0x00,0x00,0x00,0x00,0x00,
  0x16,0x05,0x1a,0x06,0xfa,0x05,0xfa,0x05,0xc8,0x01,0x00,0x00,0x00,0x00,0x00,0x00,0x00,0x00,0x00,0x00,0x00,0x00,0x25,0x01,
  0x77,0x05,0xfa,0x05,0x16,0x05,0xc3,0x00,0x00,0x00,0x00,0x00,0x00,0x00,0x00,0x00,0x00,0x00,0x6a,0x02,0xb8,0x05,0x78,0x05,
  0x32,0x04,0x82,0x00,0x00,0x00,0x00,0x00,0x00,0x00,0x00,0x00,0x00,0x00,0x00,0x00,0x00,0x00,0x00,0x00,0x00,0x00,0x00,0x00,
  0x00,0x00,0x00,0x00,0x00,0x00,0x00,0x00,0x00,0x00,0x00,0x00,0x00,0x00,0x00,0x00,0x00,0x00,0x82,0x00,0x8f,0x03,0x77,0x05,
  0x77,0x05,0x4e,0x03,0x00,0x00,0x00,0x00,0x62,0x00,0x4e,0x03,0x57,0x05,0x16,0x05,0xf5,0x04,0x57,0x05,0x36,0x05,0xd5,0x04,
  0xd5,0x04,0xf6,0x04,0x57,0x05,0x73,0x04,0x04,0x01,0x00,0x00,0x00,0x00,0x00,0x00,0x00,0x00,0x00,0x00,0x00,0x00,0x00,0x00,
  0x00,0x00,0x00,0x00,0x00,0x00,0x00,0x00,0x00,0x00,0x00,0x00,0x00,0x00,0x00,0x00,0x00,0x00,0x00,0x00,0x00,0x00,0x00,0x00,
  0x00,0x00,0x00,0x00,0x00,0x00,0x00,0x00,0x00,0x00,0x00,0x00,0x00,0x00,0x00,0x00,0x00,0x00,0x00,0x00,0x00,0x00,0x00,0x00,
  0x00,0x00,0x00,0x00,0x00,0x00,0x00,0x00,0x00,0x00,0x00,0x00,0x00,0x00,0x00,0x00,0x00,0x00,0x00,0x00,0x00,0x00,0x00,0x00,
  0x00,0x00,0x00,0x00,0x00,0x00,0x00,0x00,0x00,0x00,0x00,0x00,0x00,0x00,0x00,0x00,0x00,0x00,0x00,0x00,0x00,0x00,0x00,0x00,
  0x00,0x00,0x00,0x00,0x00,0x00,0x00,0x00,0x00,0x00,0x00,0x00,0x00,0x00,0x00,0x00,0x00,0x00,0x00,0x00,0x00,0x00,0x00,0x00,
  0x00,0x00,0x00,0x00,0x00,0x00,0x00,0x00,0x00,0x00,0x00,0x00,0x00,0x00,0x00,0x00,0x00,0x00,0x00,0x00,0x00,0x00,0x00,0x00,
  0x00,0x00,0x00,0x00,0x00,0x00,0x00,0x00,0x00,0x00,0x00,0x00,0x00,0x00,0x00,0x00,0x00,0x00,0x00,0x00,0x00,0x00,0x00,0x00,
  0x00,0x00,0x00,0x00,0x00,0x00,0x00,0x00,0x00,0x00,0x2e,0x03,0xdd,0x06,0xbd,0x06,0xbd,0x06,0x7c,0x06,0x9c,0x06,0x15,0x05,
  0xa3,0x00,0x00,0x00,0x00,0x00,0x00,0x00,0x00,0x00,0x00,0x00,0x00,0x00,0x00,0x00,0x00,0x00,0x00,0x00,0x00,0x00,0x29,0x02,
  0x5b,0x06,0x1a,0x06,0x3b,0x06,0x5b,0x06,0x29,0x02,0x00,0x00,0x00,0x00,0x00,0x00,0x00,0x00,0x00,0x00,0x00,0x00,0x00,0x00,
  0x00,0x00,0x00,0x00,0x00,0x00,0x00,0x00,0x00,0x00,0x00,0x00,0x00,0x00,0x00,0x00,0xd5,0x04,0x3a,0x06,0xd9,0x05,0xf9,0x05,
  0xa7,0x01,0x00,0x00,0x00,0x00,0x00,0x00,0x00,0x00,0x00,0x00,0x00,0x00,0x25,0x01,0x77,0x05,0xfa,0x05,0x16,0x05,0xc3,0x00,
  0x00,0x00,0x00,0x00,0x00,0x00,0x00,0x00,0x00,0x00,0x6a,0x02,0xb9,0x05,0x77,0x05,0x12,0x04,0x62,0x00,0x00,0x00,0x00,0x00,
  0x00,0x00,0x00,0x00,0x00,0x00,0x00,0x00,0x00,0x00,0x00,0x00,0x00,0x00,0x00,0x00,0x00,0x00,0x00,0x00,0x00,0x00,0x00,0x00,
  0x00,0x00,0x00,0x00,0x00,0x00,0x00,0x00,0xa2,0x00,0xd0,0x03,0x57,0x05,0x16,0x05,0x16,0x05,0x36,0x05,0x09,0x02,0x00,0x00,
  0x00,0x00,0x82,0x00,0x2e,0x03,0x16,0x05,0xd5,0x04,0x36,0x05,0x57,0x05,0xf5,0x04,0xf5,0x04,0x36,0x05,0xf5,0x04,0x16,0x05,
  0xf1,0x03,0x62,0x00,0x00,0x00,0x00,0x00,0x00,0x00,0x00,0x00,0x00,0x00,0x00,0x00,0x00,0x00,0x00,0x00,0x00,0x00,0x00,0x00,
  0x00,0x00,0x00,0x00,0x00,0x00,0x00,0x00,0x00,0x00,0x00,0x00,0x00,0x00,0x00,0x00,0x00,0x00,0x00,0x00,0x00,0x00,0x00,0x00,
  0x00,0x00,0x00,0x00,0x00,0x00,0x00,0x00,0x00,0x00,0x00,0x00,0x00,0x00,0x00,0x00,0x00,0x00,0x00,0x00,0x00,0x00,0x00,0x00,
  0x00,0x00,0x00,0x00,0x00,0x00,0x00,0x00,0x00,0x00,0x00,0x00,0x00,0x00,0x00,0x00,0x00,0x00,0x00,0x00,0x00,0x00,0x00,0x00,
  0x00,0x00,0x00,0x00,0x00,0x00,0x00,0x00,0x00,0x00,0x00,0x00,0x00,0x00,0x00,0x00,0x00,0x00,0x00,0x00,0x00,0x00,0x00,0x00,
  0x00,0x00,0x00,0x00,0x00,0x00,0x00,0x00,0x00,0x00,0x00,0x00,0x00,0x00,0x00,0x00,0x00,0x00,0x00,0x00,0x00,0x00,0x00,0x00,
  0x00,0x00,0x00,0x00,0x00,0x00,0x00,0x00,0x00,0x00,0x00,0x00,0x00,0x00,0x00,0x00,0x00,0x00,0x00,0x00,0x00,0x00,0x00,0x00,
  0x00,0x00,0x00,0x00,0x00,0x00,0x00,0x00,0x00,0x00,0x00,0x00,0x00,0x00,0x00,0x00,0x00,0x00,0x00,0x00,0x00,0x00,0x00,0x00,
  0x00,0x00,0x20,0x00,0x0d,0x03,0x7c,0x06,0xbd,0x06,0xde,0x06,0xd5,0x04,0xa3,0x00,0x00,0x00,0x00,0x00,0x00,0x00,0x00,0x00,
  0x82,0x00,0xab,0x02,0x4e,0x03,0x8b,0x02,0xa7,0x01,0x82,0x00,0x4a,0x02,0x7c,0x06,0x7c,0x06,0x5b,0x06,0xd9,0x05,0x6a,0x02,
  0x00,0x00,0x00,0x00,0x61,0x00,0x41,0x00,0x00,0x00,0x00,0x00,0x00,0x00,0x00,0x00,0x00,0x00,0x00,0x00,0x00,0x00,0x00,0x00,
  0x00,0x00,0x00,0x00,0x00,0x00,0x00,0x00,0xb4,0x04,0x1a,0x06,0xd9,0x05,0xd9,0x05,0x66,0x01,0x00,0x00,0x00,0x00,0x00,0x00,
  0x00,0x00,0x00,0x00,0x00,0x00,0x25,0x01,0x77,0x05,0xfa,0x05,0x16,0x05,0xc3,0x00,0x00,0x00,0x00,0x00,0x00,0x00,0x00,0x00,
  0x00,0x00,0x8b,0x02,0xd9,0x05,0x77,0x05,0x11,0x04,0x62,0x00,0x00,0x00,0x00,0x00,0x00,0x00,0x00,0x00,0x00,0x00,0x00,0x00,
  0x00,0x00,0x00,0x00,0x00,0x00,0x00,0x00,0x00,0x00,0x00,0x00,0x00,0x00,0x00,0x00,0x00,0x00,0x00,0x00,0x00,0x00,0x82,0x00,
  0xf1,0x03,0x57,0x05,0x36,0x05,0x36,0x05,0x16,0x05,0x77,0x05,0x73,0x04,0x62,0x00,0x00,0x00,0x00,0x00,0x86,0x01,0xf5,0x04,
  0x16,0x05,0x37,0x05,0x32,0x04,0x45,0x01,0x04,0x01,0x0d,0x03,0xd5,0x04,0xf5,0x04,0x36,0x05,0xc7,0x01,0x00,0x00,0x00,0x00,
  0x00,0x00,0x00,0x00,0x00,0x00,0x00,0x00,0x00,0x00,0x00,0x00,0x00,0x00,0x00,0x00,0x00,0x00,0x00,0x00,0x00,0x00,0x00,0x00,
  0x00,0x00,0x00,0x00,0x00,0x00,0x00,0x00,0x00,0x00,0x00,0x00,0x00,0x00,0x00,0x00,0x00,0x00,0x00,0x00,0x00,0x00,0x00,0x00,
  0x00,0x00,0x00,0x00,0x00,0x00,0x00,0x00,0x00,0x00,0x00,0x00,0x00,0x00,0x00,0x00,0x00,0x00,0x00,0x00,0x00,0x00,0x00,0x00,
  0x00,0x00,0x00,0x00,0x00,0x00,0x00,0x00,0x00,0x00,0x00,0x00,0x00,0x00,0x00,0x00,0x00,0x00,0x00,0x00,0x00,0x00,0x00,0x00,
  0x00,0x00,0x00,0x00,0x00,0x00,0x00,0x00,0x00,0x00,0x00,0x00,0x00,0x00,0x00,0x00,0x00,0x00,0x00,0x00,0x00,0x00,0x00,0x00,
  0x00,0x00,0x00,0x00,0x00,0x00,0x00,0x00,0x00,0x00,0x00,0x00,0x00,0x00,0x00,0x00,0x00,0x00,0x00,0x00,0x00,0x00,0x00,0x00,
  0x00,0x00,0x00,0x00,0x00,0x00,0x00,0x00,0x00,0x00,0x00,0x00,0x00,0x00,0x00,0x00,0x00,0x00,0x00,0x00,0x00,0x00,0x00,0x00,
  0x00,0x00,0x00,0x00,0x00,0x00,0x00,0x00,0x00,0x00,0x00,0x00,0x00,0x00,0x00,0x00,0x00,0x00,0x00,0x00,0x00,0x00,0xab,0x02,
  0x9c,0x06,0xd5,0x04,0xa3,0x00,0x00,0x00,0x00,0x00,0x00,0x00,0x41,0x00,0x6a,0x02,0x77,0x05,0x9c,0x06,0xbd,0x06,0x7c,0x06,
  0xd9,0x05,0x53,0x04,0xd9,0x05,0xbd,0x06,0x9c,0x06,0x1a,0x06,0x6a,0x02,0x00,0x00,0x00,0x00,0x41,0x00,0x52,0x04,0xd5,0x04,
  0xed,0x02,0x25,0x01,0x00,0x00,0x00,0x00,0x00,0x00,0x00,0x00,0x00,0x00,0x00,0x00,0x00,0x00,0x00,0x00,0x00,0x00,0x00,0x00,
  0x93,0x04,0xf9,0x05,0xd9,0x05,0x98,0x05,0x45,0x01,0x00,0x00,0x00,0x00,0x00,0x00,0x00,0x00,0x00,0x00,0x00,0x00,0x25,0x01,
  0x77,0x05,0xfa,0x05,0x16,0x05,0xc3,0x00,0x00,0x00,0x00,0x00,0x00,0x00,0x00,0x00,0x00,0x00,0xcc,0x02,0xd9,0x05,0x77,0x05,
  0x11,0x04,0x61,0x00,0x00,0x00,0x00,0x00,0x00,0x00,0x00,0x00,0x00,0x00,0x00,0x00,0x00,0x00,0x00,0x00,0x00,0x00,0x00,0x00,
  0x00,0x00,0x00,0x00,0x00,0x00,0x00,0x00,0x00,0x00,0x00,0x00,0x41,0x00,0x8f,0x03,0x98,0x05,0x16,0x05,0x16,0x05,0x37,0x05,
  0x37,0x05,0x98,0x05,0xf5,0x04,0xc3,0x00,0x00,0x00,0x00,0x00,0x25,0x01,0x16,0x05,0x16,0x05,0xb4,0x04,0x86,0x01,0x00,0x00,
  0x00,0x00,0x62,0x00,0xd0,0x03,0x77,0x05,0x37,0x05,0xec,0x02,0x00,0x00,0x00,0x00,0x00,0x00,0x00,0x00,0x00,0x00,0x00,0x00,
  0x00,0x00,0x00,0x00,0x00,0x00,0x00,0x00,0x00,0x00,0x00,0x00,0x00,0x00,0x00,0x00,0x00,0x00,0x00,0x00,0x00,0x00,0x00,0x00,
  0x00,0x00,0x00,0x00,0x00,0x00,0x00,0x00,0x00,0x00,0x00,0x00,0x00,0x00,0x00,0x00,0x00,0x00,0x00,0x00,0x00,0x00,0x00,0x00,
  0x00,0x00,0x00,0x00,0x00,0x00,0x00,0x00,0x00,0x00,0x00,0x00,0x00,0x00,0x00,0x00,0x00,0x00,0x00,0x00,0x00,0x00,0x00,0x00,
  0x00,0x00,0x00,0x00,0x00,0x00,0x00,0x00,0x00,0x00,0x00,0x00,0x00,0x00,0x00,0x00,0x00,0x00,0x00,0x00,0x00,0x00,0x00,0x00,
  0x00,0x00,0x00,0x00,0x00,0x00,0x00,0x00,0x00,0x00,0x00,0x00,0x00,0x00,0x00,0x00,0x00,0x00,0x00,0x00,0x00,0x00,0x00,0x00,
  0x00,0x00,0x00,0x00,0x00,0x00,0x00,0x00,0x00,0x00,0x00,0x00,0x00,0x00,0x00,0x00,0x00,0x00,0x00,0x00,0x00,0x00,0x00,0x00,
  0x00,0x00,0x00,0x00,0x00,0x00,0x00,0x00,0x00,0x00,0x00,0x00,0x00,0x00,0x00,0x00,0x00,0x00,0x00,0x00,0x00,0x00,0x00,0x00,
  0x00,0x00,0x00,0x00,0x00,0x00,0x00,0x00,0x00,0x00,0x00,0x00,0x00,0x00,0x00,0x00,0xa7,0x01,0xc3,0x00,0x00,0x00,0x00,0x00,
  0x00,0x00,0x00,0x00,0x0d,0x03,0xbd,0x06,0xbd,0x06,0x5b,0x06,0x7c,0x06,0x7c,0x06,0x7c,0x06,0x9c,0x06,0x5b,0x06,0x3b,0x06,
  0x3b,0x06,0x6a,0x02,0x00,0x00,0x00,0x00,0x00,0x00,0xa7,0x01,0xd9,0x05,0x7c,0x06,0x7c,0x06,0x98,0x05,0xd0,0x03,0x86,0x01,
  0x00,0x00,0x00,0x00,0x00,0x00,0x00,0x00,0x00,0x00,0x00,0x00,0x00,0x00,0x00,0x00,0x73,0x04,0xd9,0x05,0xd9,0x05,0x77,0x05,
  0x04,0x01,0x00,0x00,0x00,0x00,0x00,0x00,0x00,0x00,0x00,0x00,0x00,0x00,0x25,0x01,0x77,0x05,0xfa,0x05,0x16,0x05,0xc3,0x00,
  0x00,0x00,0x00,0x00,0x00,0x00,0x00,0x00,0x00,0x00,0xcc,0x02,0xb9,0x05,0x77,0x05,0x52,0x04,0x82,0x00,0x00,0x00,0x00,0x00,
  0x00,0x00,0x00,0x00,0x00,0x00,0x00,0x00,0x00,0x00,0x00,0x00,0x00,0x00,0x00,0x00,0x00,0x00,0x00,0x00,0x00,0x00,0x00,0x00,
  0x00,0x00,0x00,0x00,0x09,0x02,0x77,0x05,0x36,0x05,0x36,0x05,0x16,0x05,0x16,0x05,0x57,0x05,0x77,0x05,0x53,0x04,0x82,0x00,
  0x00,0x00,0x00,0x00,0x25,0x01,0xd5,0x04,0x16,0x05,0x32,0x04,0xe3,0x00,0x00,0x00,0x00,0x00,0x00,0x00,0x2d,0x03,0x78,0x05,
  0x36,0x05,0xec,0x02,0x00,0x00,0x00,0x00,0x00,0x00,0x00,0x00,0x00,0x00,0x00,0x00,0x00,0x00,0x00,0x00,0x00,0x00,0x00,0x00,
  0x00,0x00,0x00,0x00,0x00,0x00,0x00,0x00,0x00,0x00,0x00,0x00,0x00,0x00,0x00,0x00,0x00,0x00,0x00,0x00,0x00,0x00,0x00,0x00,
  0x00,0x00,0x00,0x00,0x00,0x00,0x00,0x00,0x00,0x00,0x00,0x00,0x00,0x00,0x00,0x00,0x00,0x00,0x00,0x00,0x00,0x00,0x00,0x00,
  0x00,0x00,0x00,0x00,0x00,0x00,0x00,0x00,0x00,0x00,0x00,0x00,0x00,0x00,0x00,0x00,0x00,0x00,0x00,0x00,0x00,0x00,0x00,0x00,
  0x00,0x00,0x00,0x00,0x00,0x00,0x00,0x00,0x00,0x00,0x00,0x00,0x00,0x00,0x00,0x00,0x00,0x00,0x00,0x00,0x00,0x00,0x00,0x00,
  0x00,0x00,0x00,0x00,0x00,0x00,0x00,0x00,0x00,0x00,0x00,0x00,0x00,0x00,0x00,0x00,0x00,0x00,0x00,0x00,0x00,0x00,0x00,0x00,
  0x00,0x00,0x00,0x00,0x00,0x00,0x00,0x00,0x00,0x00,0x00,0x00,0x00,0x00,0x00,0x00,0x00,0x00,0x00,0x00,0x00,0x00,0x00,0x00,
  0x00,0x00,0x00,0x00,0x00,0x00,0x00,0x00,0x00,0x00,0x00,0x00,0x00,0x00,0x00,0x00,0x00,0x00,0x00,0x00,0x00,0x00,0x00,0x00,
  0x00,0x00,0x00,0x00,0x00,0x00,0x00,0x00,0x00,0x00,0x00,0x00,0x00,0x00,0x00,0x00,0x00,0x00,0x66,0x01,0xfa,0x05,0x9c,0x06,
  0x7c,0x06,0x3b,0x06,0x57,0x05,0xd9,0x05,0x9c,0x06,0x1a,0x06,0x5b,0x06,0xfa,0x05,0x6a,0x02,0x00,0x00,0x00,0x00,0x00,0x00,
  0x00,0x00,0x6a,0x02,0x1a,0x06,0xfa,0x05,0x5b,0x06,0x5b,0x06,0x5b,0x06,0xf9,0x05,0x4e,0x03,0x41,0x00,0x00,0x00,0x00,0x00,
  0x00,0x00,0x00,0x00,0x00,0x00,0x00,0x00,0x32,0x04,0xd9,0x05,0xd9,0x05,0x36,0x05,0x82,0x00,0x00,0x00,0x00,0x00,0x00,0x00,
  0x00,0x00,0x00,0x00,0x00,0x00,0x25,0x01,0x77,0x05,0xfa,0x05,0x16,0x05,0xc3,0x00,0x00,0x00,0x00,0x00,0x00,0x00,0x00,0x00,
  0x00,0x00,0x6a,0x02,0x78,0x05,0x57,0x05,0xd5,0x04,0xa7,0x01,0x20,0x00,0x00,0x00,0x00,0x00,0x00,0x00,0x00,0x00,0x00,0x00,
  0x00,0x00,0x00,0x00,0x00,0x00,0x00,0x00,0x00,0x00,0x00,0x00,0x00,0x00,0x00,0x00,0x00,0x00,0xc3,0x00,0xf1,0x03,0x16,0x05,
  0x57,0x05,0x36,0x05,0x16,0x05,0x36,0x05,0xf5,0x04,0x36,0x05,0x6f,0x03,0x41,0x00,0x00,0x00,0x00,0x00,0xe3,0x00,0x94,0x04,
  0xf5,0x04,0x57,0x05,0xab,0x02,0x20,0x00,0x20,0x00,0x86,0x01,0x52,0x04,0x36,0x05,0x16,0x05,0x4a,0x02,0x00,0x00,0x00,0x00,
  0x00,0x00,0x00,0x00,0x00,0x00,0x00,0x00,0x00,0x00,0x00,0x00,0x00,0x00,0x00,0x00,0x00,0x00,0x00,0x00,0x00,0x00,0x00,0x00,
  0x00,0x00,0x00,0x00,0x00,0x00,0x00,0x00,0x00,0x00,0x00,0x00,0x00,0x00,0x00,0x00,0x00,0x00,0x00,0x00,0x00,0x00,0x00,0x00,
  0x00,0x00,0x00,0x00,0x00,0x00,0x00,0x00,0x00,0x00,0x00,0x00,0x00,0x00,0x00,0x00,0x00,0x00,0x00,0x00,0x00,0x00,0x00,0x00,
  0x00,0x00,0x00,0x00,0x00,0x00,0x00,0x00,0x00,0x00,0x00,0x00,0x00,0x00,0x00,0x00,0x00,0x00,0x00,0x00,0x00,0x00,0x00,0x00,
  0x00,0x00,0x00,0x00,0x00,0x00,0x00,0x00,0x00,0x00,0x00,0x00,0x00,0x00,0x00,0x00,0x00,0x00,0x00,0x00,0x00,0x00,0x00,0x00,
  0x00,0x00,0x00,0x00,0x00,0x00,0x00,0x00,0x00,0x00,0x00,0x00,0x00,0x00,0x00,0x00,0x00,0x00,0x00,0x00,0x00,0x00,0x00,0x00,
  0x00,0x00,0x00,0x00,0x00,0x00,0x00,0x00,0x00,0x00,0x00,0x00,0x00,0x00,0x00,0x00,0x00,0x00,0x00,0x00,0x00,0x00,0x00,0x00,
  0x00,0x00,0x00,0x00,0x00,0x00,0x00,0x00,0x00,0x00,0x00,0x00,0x00,0x00,0x00,0x00,0x00,0x00,0x00,0x00,0x00,0x00,0x00,0x00,
  0x00,0x00,0x00,0x00,0x00,0x00,0x00,0x00,0x00,0x00,0xb0,0x03,0xdd,0x06,0x7c,0x06,0xb8,0x05,0x6a,0x02,0xa2,0x00,0x87,0x01,
  0x16,0x05,0x3b,0x06,0x5b,0x06,0x36,0x05,0xc3,0x00,0x00,0x00,0x00,0x00,0x00,0x00,0x00,0x00,0x2d,0x03,0x9c,0x06,0xfa,0x05,
  0x1a,0x06,0x1a,0x06,0xfa,0x05,0x5b,0x06,0xd9,0x05,0x87,0x01,0x00,0x00,0x00,0x00,0x00,0x00,0x00,0x00,0x00,0x00,0x00,0x00,
  0xf1,0x03,0xb9,0x05,0xd9,0x05,0xf6,0x04,0x00,0x00,0x00,0x00,0x00,0x00,0x00,0x00,0x00,0x00,0x00,0x00,0x00,0x00,0x25,0x01,
  0x77,0x05,0xfa,0x05,0x16,0x05,0xc3,0x00,0x00,0x00,0x00,0x00,0x00,0x00,0x00,0x00,0x00,0x00,0x49,0x02,0x78,0x05,0x36,0x05,
  0x57,0x05,0x12,0x04,0x04,0x01,0x00,0x00,0x00,0x00,0xc3,0x00,0x66,0x01,0xe4,0x00,0x00,0x00,0x00,0x00,0x00,0x00,0x00,0x00,
  0x00,0x00,0x00,0x00,0x00,0x00,0x00,0x00,0x00,0x00,0x45,0x01,0x94,0x04,0xf5,0x04,0x16,0x05,0x16,0x05,0x16,0x05,0x36,0x05,
  0x57,0x05,0x73,0x04,0x45,0x01,0x00,0x00,0x00,0x00,0x00,0x00,0x61,0x00,0xb0,0x03,0x36,0x05,0x16,0x05,0xf5,0x04,0x6f,0x03,
  0x4e,0x03,0x73,0x04,0xf5,0x04,0x36,0x05,0x73,0x04,0xc3,0x00,0x00,0x00,0x00,0x00,0x00,0x00,0x00,0x00,0x00,0x00,0x00,0x00,
  0x00,0x00,0x00,0x00,0x00,0x00,0x00,0x00,0x00,0x00,0x00,0x00,0x00,0x00,0x00,0x00,0x00,0x00,0x00,0x00,0x00,0x00,0x00,0x00,
  0x00,0x00,0x00,0x00,0x00,0x00,0x00,0x00,0x00,0x00,0x00,0x00,0x00,0x00,0x00,0x00,0x00,0x00,0x00,0x00,0x00,0x00,0x00,0x00,
  0x00,0x00,0x00,0x00,0x00,0x00,0x00,0x00,0x00,0x00,0x00,0x00,0x00,0x00,0x00,0x00,0x00,0x00,0x00,0x00,0x00,0x00,0x00,0x00,
  0x00,0x00,0x00,0x00,0x00,0x00,0x00,0x00,0x00,0x00,0x00,0x00,0x00,0x00,0x00,0x00,0x00,0x00,0x00,0x00,0x00,0x00,0x00,0x00,
  0x00,0x00,0x00,0x00,0x00,0x00,0x00,0x00,0x00,0x00,0x00,0x00,0x00,0x00,0x00,0x00,0x00,0x00,0x00,0x00,0x00,0x00,0x00,0x00,
  0x00,0x00,0x00,0x00,0x00,0x00,0x00,0x00,0x00,0x00,0x00,0x00,0x00,0x00,0x00,0x00,0x00,0x00,0x00,0x00,0x00,0x00,0x00,0x00,
  0x00,0x00,0x00,0x00,0x00,0x00,0x00,0x00,0x00,0x00,0x00,0x00,0x00,0x00,0x00,0x00,0x00,0x00,0x00,0x00,0x00,0x00,0x00,0x00,
  0x00,0x00,0x00,0x00,0x00,0x00,0x00,0x00,0x00,0x00,0x00,0x00,0x00,0x00,0x00,0x00,0x00,0x00,0x00,0x00,0x00,0x00,0x00,0x00,
  0x20,0x00,0x73,0x04,0xde,0x06,0xbd,0x06,0xb0,0x03,0x00,0x00,0x00,0x00,0x00,0x00,0x49,0x02,0xfa,0x05,0x7c,0x06,0xb8,0x05,
  0x25,0x01,0x00,0x00,0x00,0x00,0x00,0x00,0x20,0x00,0x94,0x04,0x7c,0x06,0xd9,0x05,0xfa,0x05,0xd9,0x05,0xfa,0x05,0x1a,0x06,
  0x5b,0x06,0x6f,0x03,0x00,0x00,0x00,0x00,0x00,0x00,0x00,0x00,0x00,0x00,0x00,0x00,0x8f,0x03,0xb9,0x05,0xf9,0x05,0xf5,0x04,
  0x61,0x00,0x00,0x00,0x00,0x00,0x00,0x00,0x00,0x00,0x00,0x00,0x00,0x00,0x25,0x01,0x57,0x05,0xf9,0x05,0xf5,0x04,0xc3,0x00,
  0x00,0x00,0x00,0x00,0x00,0x00,0x00,0x00,0x00,0x00,0xa3,0x00,0x8f,0x03,0x77,0x05,0x57,0x05,0x98,0x05,0x11,0x04,0x29,0x02,
  0x6e,0x03,0x53,0x04,0xb4,0x04,0x73,0x04,0x6f,0x03,0x66,0x01,0x00,0x00,0x00,0x00,0x00,0x00,0x00,0x00,0x00,0x00,0x00,0x00,
  0x00,0x00,0xc3,0x00,0x53,0x04,0x57,0x05,0x16,0x05,0xf5,0x04,0xf5,0x04,0x57,0x05,0xb4,0x04,0xa7,0x01,0x00,0x00,0x00,0x00,
  0x00,0x00,0x00,0x00,0x00,0x00,0x87,0x01,0xb4,0x04,0xf5,0x04,0xd5,0x04,0x57,0x05,0x77,0x05,0x36,0x05,0x36,0x05,0x36,0x05,
  0x6a,0x02,0x00,0x00,0x00,0x00,0x00,0x00,0x00,0x00,0x00,0x00,0x00,0x00,0x00,0x00,0x00,0x00,0x00,0x00,0x00,0x00,0x00,0x00,
  0x00,0x00,0x00,0x00,0x00,0x00,0x00,0x00,0x00,0x00,0x00,0x00,0x00,0x00,0x00,0x00,0x00,0x00,0x00,0x00,0x00,0x00,0x00,0x00,
  0x00,0x00,0x00,0x00,0x00,0x00,0x00,0x00,0x00,0x00,0x00,0x00,0x00,0x00,0x00,0x00,0x00,0x00,0x00,0x00,0x00,0x00,0x00,0x00,
  0x00,0x00,0x00,0x00,0x00,0x00,0x00,0x00,0x00,0x00,0x00,0x00,0x00,0x00,0x00,0x00,0x00,0x00,0x00,0x00,0x00,0x00,0x00,0x00,
  0x00,0x00,0x00,0x00,0x00,0x00,0x00,0x00,0x00,0x00,0x00,0x00,0x00,0x00,0x00,0x00,0x00,0x00,0x00,0x00,0x00,0x00,0x00,0x00,
  0x00,0x00,0x00,0x00,0x00,0x00,0x00,0x00,0x00,0x00,0x00,0x00,0x00,0x00,0x00,0x00,0x00,0x00,0x00,0x00,0x00,0x00,0x00,0x00,
  0x00,0x00,0x00,0x00,0x00,0x00,0x00,0x00,0x00,0x00,0x00,0x00,0x00,0x00,0x00,0x00,0x00,0x00,0x00,0x00,0x00,0x00,0x00,0x00,
  0x00,0x00,0x00,0x00,0x00,0x00,0x00,0x00,0x00,0x00,0x00,0x00,0x00,0x00,0x00,0x00,0x00,0x00,0x00,0x00,0x00,0x00,0x00,0x00,
  0x00,0x00,0x00,0x00,0x00,0x00,0x00,0x00,0x00,0x00,0x00,0x00,0x00,0x00,0x00,0x00,0x20,0x00,0x93,0x04,0x9c,0x06,0xbd,0x06,
  0x8f,0x03,0xa2,0x00,0x00,0x00,0x00,0x00,0x09,0x02,0x1a,0x06,0x7c,0x06,0xd9,0x05,0x65,0x01,0x00,0x00,0x00,0x00,0x00,0x00,
  0x82,0x00,0x57,0x05,0x7c,0x06,0xd9,0x05,0x1a,0x06,0xf9,0x05,0xd9,0x05,0xf9,0x05,0x7c,0x06,0xd5,0x04,0x82,0x00,0x00,0x00,
  0x00,0x00,0x00,0x00,0x00,0x00,0x00,0x00,0x0d,0x03,0xd9,0x05,0x1a,0x06,0xd5,0x04,0x41,0x00,0x00,0x00,0x00,0x00,0x00,0x00,
  0x00,0x00,0x00,0x00,0x00,0x00,0x25,0x01,0x57,0x05,0xf9,0x05,0xf5,0x04,0xc3,0x00,0x00,0x00,0x00,0x00,0x00,0x00,0x00,0x00,
  0x00,0x00,0x00,0x00,0xa3,0x00,0xd0,0x03,0x98,0x05,0x98,0x05,0xb8,0x05,0x77,0x05,0x57,0x05,0x36,0x05,0x36,0x05,0x98,0x05,
  0x98,0x05,0x16,0x05,0xe8,0x01,0x00,0x00,0x00,0x00,0x00,0x00,0x00,0x00,0x00,0x00,0x00,0x00,0x00,0x00,0xec,0x02,0x77,0x05,
  0x57,0x05,0x36,0x05,0x16,0x05,0x73,0x04,0xe3,0x00,0x00,0x00,0x00,0x00,0x00,0x00,0x00,0x00,0x00,0x00,0x00,0x00,0x20,0x00,
  0xe8,0x01,0xd0,0x03,0xb4,0x04,0x36,0x05,0x77,0x05,0x77,0x05,0x94,0x04,0x8b,0x02,0x20,0x00,0x00,0x00,0x00,0x00,0x00,0x00,
  0x00,0x00,0x00,0x00,0x00,0x00,0x00,0x00,0x00,0x00,0x00,0x00,0x00,0x00,0x00,0x00,0x00,0x00,0x00,0x00,0x00,0x00,0x00,0x00,
  0x00,0x00,0x00,0x00,0x00,0x00,0x00,0x00,0x00,0x00,0x00,0x00,0x00,0x00,0x00,0x00,0x00,0x00,0x00,0x00,0x00,0x00,0x00,0x00,
  0x00,0x00,0x00,0x00,0x00,0x00,0x00,0x00,0x00,0x00,0x00,0x00,0x00,0x00,0x00,0x00,0x00,0x00,0x00,0x00,0x00,0x00,0x00,0x00,
  0x00,0x00,0x00,0x00,0x00,0x00,0x00,0x00,0x00,0x00,0x00,0x00,0x00,0x00,0x00,0x00,0x00,0x00,0x00,0x00,0x00,0x00,0x00,0x00,
  0x00,0x00,0x00,0x00,0x00,0x00,0x00,0x00,0x00,0x00,0x00,0x00,0x00,0x00,0x00,0x00,0x00,0x00,0x00,0x00,0x00,0x00,0x00,0x00,
  0x00,0x00,0x00,0x00,0x00,0x00,0x00,0x00,0x00,0x00,0x00,0x00,0x00,0x00,0x00,0x00,0x00,0x00,0x00,0x00,0x00,0x00,0x00,0x00,
  0x00,0x00,0x00,0x00,0x00,0x00,0x00,0x00,0x00,0x00,0x00,0x00,0x00,0x00,0x00,0x00,0x00,0x00,0x00,0x00,0x00,0x00,0x00,0x00,
  0x00,0x00,0x00,0x00,0x00,0x00,0x00,0x00,0x00,0x00,0x00,0x00,0x00,0x00,0x00,0x00,0x00,0x00,0x00,0x00,0x00,0x00,0x00,0x00,
  0x00,0x00,0x00,0x00,0x00,0x00,0x00,0x00,0x20,0x00,0xd0,0x03,0x9c,0x06,0x5b,0x06,0xb9,0x05,0x6a,0x02,0x41,0x00,0x25,0x01,
  0xd5,0x04,0x5b,0x06,0x5b,0x06,0x36,0x05,0xa2,0x00,0x00,0x00,0x00,0x00,0x00,0x00,0x45,0x01,0xb9,0x05,0x3b,0x06,0xd9,0x05,
  0x1a,0x06,0xfa,0x05,0xd9,0x05,0xd9,0x05,0x5b,0x06,0x16,0x05,0xe4,0x00,0x00,0x00,0x00,0x00,0x00,0x00,0x00,0x00,0x00,0x00,
  0xcc,0x02,0xb9,0x05,0x1a,0x06,0x94,0x04,0x00,0x00,0x00,0x00,0x00,0x00,0x00,0x00,0x00,0x00,0x00,0x00,0x00,0x00,0x25,0x01,
  0x57,0x05,0xf9,0x05,0xf5,0x04,0xc3,0x00,0x00,0x00,0x00,0x00,0x00,0x00,0x00,0x00,0x00,0x00,0x00,0x00,0x00,0x00,0xa2,0x00,
  0xaf,0x03,0x16,0x05,0x57,0x05,0x98,0x05,0x36,0x05,0x57,0x05,0x98,0x05,0xb9,0x05,0x98,0x05,0x78,0x05,0xb4,0x04,0xe4,0x00,
  0x00,0x00,0x00,0x00,0x00,0x00,0x00,0x00,0x00,0x00,0x00,0x00,0x61,0x00,0xd0,0x03,0x36,0x05,0x57,0x05,0x94,0x04,0x45,0x01,
  0x00,0x00,0x00,0x00,0x00,0x00,0x00,0x00,0x00,0x00,0x00,0x00,0x00,0x00,0x00,0x00,0x00,0x00,0x82,0x00,0xc7,0x01,0x4a,0x02,
  0x6a,0x02,0x29,0x02,0xe4,0x00,0x00,0x00,0x00,0x00,0x00,0x00,0x00,0x00,0x00,0x00,0x00,0x00,0x00,0x00,0x00,0x00,0x00,0x00,
  0x00,0x00,0x00,0x00,0x00,0x00,0x00,0x00,0x00,0x00,0x00,0x00,0x00,0x00,0x00,0x00,0x00,0x00,0x00,0x00,0x00,0x00,0x00,0x00,
  0x00,0x00,0x00,0x00,0x00,0x00,0x00,0x00,0x00,0x00,0x00,0x00,0x00,0x00,0x00,0x00,0x00,0x00,0x00,0x00,0x00,0x00,0x00,0x00,
  0x00,0x00,0x00,0x00,0x00,0x00,0x00,0x00,0x00,0x00,0x00,0x00,0x00,0x00,0x00,0x00,0x00,0x00,0x00,0x00,0x00,0x00,0x00,0x00,
  0x00,0x00,0x00,0x00,0x00,0x00,0x00,0x00,0x00,0x00,0x00,0x00,0x00,0x00,0x00,0x00,0x00,0x00,0x00,0x00,0x00,0x00,0x00,0x00,
  0x00,0x00,0x00,0x00,0x00,0x00,0x00,0x00,0x00,0x00,0x00,0x00,0x00,0x00,0x00,0x00,0x00,0x00,0x00,0x00,0x00,0x00,0x00,0x00,
  0x00,0x00,0x00,0x00,0x00,0x00,0x00,0x00,0x00,0x00,0x00,0x00,0x00,0x00,0x00,0x00,0x00,0x00,0x00,0x00,0x00,0x00,0x00,0x00,
  0x00,0x00,0x00,0x00,0x00,0x00,0x00,0x00,0x00,0x00,0x00,0x00,0x00,0x00,0x00,0x00,0x00,0x00,0x00,0x00,0x00,0x00,0x00,0x00,
  0x00,0x00,0x00,0x00,0x00,0x00,0x00,0x00,0x00,0x00,0x00,0x00,0x00,0x00,0x00,0x00,0x00,0x00,0x00,0x00,0x00,0x00,0x00,0x00,
  0x00,0x00,0x86,0x01,0xd9,0x05,0x5b,0x06,0x7c,0x06,0x1a,0x06,0xb4,0x04,0x36,0x05,0x9c,0x06,0x5c,0x06,0x5b,0x06,0xcc,0x02,
  0x00,0x00,0x00,0x00,0x00,0x00,0x00,0x00,0xec,0x02,0x1a,0x06,0xf9,0x05,0xd9,0x05,0x3b,0x06,0x1a,0x06,0xd9,0x05,0xd9,0x05,
  0x1a,0x06,0xf5,0x04,0xe3,0x00,0x00,0x00,0x00,0x00,0x00,0x00,0x00,0x00,0x00,0x00,0xab,0x02,0xb8,0x05,0x1a,0x06,0x73,0x04,
  0x00,0x00,0x00,0x00,0x00,0x00,0x00,0x00,0x00,0x00,0x00,0x00,0x00,0x00,0x25,0x01,0x57,0x05,0xd9,0x05,0xf5,0x04,0xc3,0x00,
  0x00,0x00,0x00,0x00,0x00,0x00,0x00,0x00,0x00,0x00,0x00,0x00,0x00,0x00,0x00,0x00,0x62,0x00,0x11,0x04,0x98,0x05,0x77,0x05,
  0xf5,0x04,0xab,0x02,0x45,0x01,0x8b,0x02,0x16,0x05,0x57,0x05,0x77,0x05,0x4e,0x03,0x00,0x00,0x00,0x00,0x00,0x00,0x00,0x00,
  0x00,0x00,0x00,0x00,0x00,0x00,0x04,0x01,0xf5,0x04,0xd5,0x04,0xc7,0x01,0x00,0x00,0x00,0x00,0x00,0x00,0x00,0x00,0x00,0x00,
  0x00,0x00,0x00,0x00,0x00,0x00,0x00,0x00,0x00,0x00,0x00,0x00,0x00,0x00,0x00,0x00,0x00,0x00,0x00,0x00,0x00,0x00,0x00,0x00,
  0x00,0x00,0x00,0x00,0x00,0x00,0x00,0x00,0x00,0x00,0x00,0x00,0x00,0x00,0x00,0x00,0x00,0x00,0x00,0x00,0x00,0x00,0x00,0x00,
  0x00,0x00,0x00,0x00,0x00,0x00,0x00,0x00,0x00,0x00,0x00,0x00,0x00,0x00,0x00,0x00,0x00,0x00,0x00,0x00,0x00,0x00,0x00,0x00,
  0x00,0x00,0x00,0x00,0x00,0x00,0x00,0x00,0x00,0x00,0x00,0x00,0x00,0x00,0x00,0x00,0x00,0x00,0x00,0x00,0x00,0x00,0x00,0x00,
  0x00,0x00,0x00,0x00,0x00,0x00,0x00,0x00,0x00,0x00,0x00,0x00,0x00,0x00,0x00,0x00,0x00,0x00,0x00,0x00,0x00,0x00,0x00,0x00,
  0x00,0x00,0x00,0x00,0x00,0x00,0x00,0x00,0x00,0x00,0x00,0x00,0x00,0x00,0x00,0x00,0x00,0x00,0x00,0x00,0x00,0x00,0x00,0x00,
  0x00,0x00,0x00,0x00,0x00,0x00,0x00,0x00,0x00,0x00,0x00,0x00,0x00,0x00,0x00,0x00,0x00,0x00,0x00,0x00,0x00,0x00,0x00,0x00,
  0x00,0x00,0x00,0x00,0x00,0x00,0x00,0x00,0x00,0x00,0x00,0x00,0x00,0x00,0x00,0x00,0x00,0x00,0x00,0x00,0x00,0x00,0x00,0x00,
  0x00,0x00,0x00,0x00,0x00,0x00,0x00,0x00,0x00,0x00,0x00,0x00,0x00,0x00,0x00,0x00,0x00,0x00,0x00,0x00,0x00,0x00,0x00,0x00,
  0x00,0x00,0x00,0x00,0x00,0x00,0x00,0x00,0x00,0x00,0x00,0x00,0x00,0x00,0x00,0x00,0x00,0x00,0x00,0x00,0xab,0x02,0x5b,0x06,
  0x7c,0x06,0x9c,0x06,0xbd,0x06,0x5c,0x06,0x7c,0x06,0xbd,0x06,0x53,0x04,0x61,0x00,0x00,0x00,0x00,0x00,0x00,0x00,0x00,0x00,
  0x6f,0x03,0x3a,0x06,0xd9,0x05,0xfa,0x05,0x1a,0x06,0x1a,0x06,0xfa,0x05,0xf9,0x05,0x3b,0x06,0x93,0x04,0x82,0x00,0x00,0x00,
  0x00,0x00,0x00,0x00,0x00,0x00,0x00,0x00,0x4a,0x02,0x98,0x05,0x1a,0x06,0x32,0x04,0x00,0x00,0x00,0x00,0x00,0x00,0x00,0x00,
  0x00,0x00,0x00,0x00,0x00,0x00,0x04,0x01,0x57,0x05,0xd9,0x05,0xf5,0x04,0xc3,0x00,0x00,0x00,0x00,0x00,0x00,0x00,0x00,0x00,
  0x00,0x00,0x00,0x00,0x00,0x00,0x00,0x00,0x41,0x00,0x11,0x04,0x98,0x05,0x78,0x05,0xec,0x02,0x20,0x00,0x00,0x00,0x00,0x00,
  0xec,0x02,0x36,0x05,0x77,0x05,0x32,0x04,0x82,0x00,0x00,0x00,0x00,0x00,0x00,0x00,0x00,0x00,0x00,0x00,0x00,0x00,0x00,0x00,
  0x29,0x02,0x08,0x02,0x41,0x00,0x00,0x00,0x00,0x00,0x00,0x00,0x00,0x00,0x00,0x00,0x00,0x00,0x00,0x00,0x00,0x00,0x00,0x00,
  0x00,0x00,0x00,0x00,0x00,0x00,0x00,0x00,0x00,0x00,0x00,0x00,0x00,0x00,0x00,0x00,0x00,0x00,0x00,0x00,0x00,0x00,0x00,0x00,
  0x00,0x00,0x00,0x00,0x00,0x00,0x00,0x00,0x00,0x00,0x00,0x00,0x00,0x00,0x00,0x00,0x00,0x00,0x00,0x00,0x00,0x00,0x00,0x00,
  0x00,0x00,0x00,0x00,0x00,0x00,0x00,0x00,0x00,0x00,0x00,0x00,0x00,0x00,0x00,0x00,0x00,0x00,0x00,0x00,0x00,0x00,0x00,0x00,
  0x00,0x00,0x00,0x00,0x00,0x00,0x00,0x00,0x00,0x00,0x00,0x00,0x00,0x00,0x00,0x00,0x00,0x00,0x00,0x00,0x00,0x00,0x00,0x00,
  0x00,0x00,0x00,0x00,0x00,0x00,0x00,0x00,0x00,0x00,0x00,0x00,0x00,0x00,0x00,0x00,0x00,0x00,0x00,0x00,0x00,0x00,0x00,0x00,
  0x00,0x00,0x00,0x00,0x00,0x00,0x00,0x00,0x00,0x00,0x00,0x00,0x00,0x00,0x00,0x00,0x00,0x00,0x00,0x00,0x00,0x00,0x00,0x00,
  0x00,0x00,0x00,0x00,0x00,0x00,0x00,0x00,0x00,0x00,0x00,0x00,0x00,0x00,0x00,0x00,0x00,0x00,0x00,0x00,0x00,0x00,0x00,0x00,
  0x00,0x00,0x00,0x00,0x00,0x00,0x00,0x00,0x00,0x00,0x00,0x00,0x00,0x00,0x00,0x00,0x00,0x00,0x00,0x00,0x00,0x00,0x00,0x00,
  0x00,0x00,0x00,0x00,0x00,0x00,0x00,0x00,0x00,0x00,0x00,0x00,0x00,0x00,0x00,0x00,0x00,0x00,0x00,0x00,0x00,0x00,0x00,0x00,
  0x00,0x00,0x00,0x00,0x00,0x00,0x00,0x00,0x00,0x00,0x00,0x00,0x20,0x00,0xcc,0x02,0x98,0x05,0x7c,0x06,0xbd,0x06,0x9c,0x06,
  0xfa,0x05,0xf1,0x03,0x61,0x00,0x00,0x00,0x00,0x00,0x00,0x00,0x00,0x00,0x00,0x00,0x4e,0x03,0xfa,0x05,0xfa,0x05,0x1a,0x06,
  0x1a,0x06,0xf9,0x05,0xfa,0x05,0xfa,0x05,0x5b,0x06,0xd0,0x03,0x00,0x00,0x00,0x00,0x00,0x00,0x00,0x00,0x00,0x00,0x00,0x00,
  0x09,0x02,0x78,0x05,0xfa,0x05,0xf1,0x03,0x00,0x00,0x00,0x00,0x00,0x00,0x00,0x00,0x00,0x00,0x00,0x00,0x00,0x00,0x04,0x01,
  0x57,0x05,0xd9,0x05,0xf5,0x04,0xc3,0x00,0x00,0x00,0x00,0x00,0x00,0x00,0x00,0x00,0x00,0x00,0x00,0x00,0x00,0x00,0x00,0x00,
  0x82,0x00,0x73,0x04,0x98,0x05,0x77,0x05,0xa7,0x01,0x00,0x00,0x20,0x00,0x00,0x00,0x09,0x02,0x36,0x05,0x77,0x05,0x11,0x04,
  0x00,0x00,0x00,0x00,0x00,0x00,0x00,0x00,0x00,0x00,0x00,0x00,0x00,0x00,0x00,0x00,0x00,0x00,0x00,0x00,0x00,0x00,0x00,0x00,
  0x00,0x00,0x00,0x00,0x00,0x00,0x00,0x00,0x00,0x00,0x00,0x00,0x00,0x00,0x00,0x00,0x00,0x00,0x00,0x00,0x00,0x00,0x00,0x00,
  0x00,0x00,0x00,0x00,0x00,0x00,0x00,0x00,0x00,0x00,0x00,0x00,0x00,0x00,0x00,0x00,0x00,0x00,0x00,0x00,0x00,0x00,0x00,0x00,
  0x00,0x00,0x00,0x00,0x00,0x00,0x00,0x00,0x00,0x00,0x00,0x00,0x00,0x00,0x00,0x00,0x00,0x00,0x00,0x00,0x00,0x00,0x00,0x00,
  0x00,0x00,0x00,0x00,0x00,0x00,0x00,0x00,0x00,0x00,0x00,0x00,0x00,0x00,0x00,0x00,0x00,0x00,0x00,0x00,0x00,0x00,0x00,0x00,
  0x00,0x00,0x00,0x00,0x00,0x00,0x00,0x00,0x00,0x00,0x00,0x00,0x00,0x00,0x00,0x00,0x00,0x00,0x00,0x00,0x00,0x00,0x00,0x00,
  0x00,0x00,0x00,0x00,0x00,0x00,0x00,0x00,0x00,0x00,0x00,0x00,0x00,0x00,0x00,0x00,0x00,0x00,0x00,0x00,0x00,0x00,0x00,0x00,
  0x00,0x00,0x00,0x00,0x00,0x00,0x00,0x00,0x00,0x00,0x00,0x00,0x00,0x00,0x00,0x00,0x00,0x00,0x00,0x00,0x00,0x00,0x00,0x00,
  0x00,0x00,0x00,0x00,0x00,0x00,0x00,0x00,0x00,0x00,0x00,0x00,0x00,0x00,0x00,0x00,0x00,0x00,0x00,0x00,0x00,0x00,0x00,0x00,
  0x00,0x00,0x00,0x00,0x00,0x00,0x00,0x00,0x00,0x00,0x00,0x00,0x00,0x00,0x00,0x00,0x00,0x00,0x00,0x00,0x00,0x00,0x00,0x00,
  0x00,0x00,0x00,0x00,0x00,0x00,0x00,0x00,0x00,0x00,0x00,0x00,0x00,0x00,0x00,0x00,0x00,0x00,0x00,0x00,0x00,0x00,0x00,0x00,
  0x00,0x00,0x00,0x00,0x00,0x00,0x00,0x00,0x04,0x01,0x49,0x02,0xed,0x02,0xab,0x02,0x86,0x01,0x20,0x00,0x00,0x00,0x00,0x00,
  0x00,0x00,0x00,0x00,0x00,0x00,0x00,0x00,0xab,0x02,0xfa,0x05,0x1a,0x06,0x1a,0x06,0xd9,0x05,0xd9,0x05,0xf9,0x05,0x1a,0x06,
  0x3b,0x06,0xec,0x02,0x00,0x00,0x00,0x00,0x00,0x00,0x00,0x00,0x00,0x00,0x00,0x00,0xe8,0x01,0x57,0x05,0xf9,0x05,0xb0,0x03,
  0x00,0x00,0x00,0x00,0x00,0x00,0x00,0x00,0x00,0x00,0x00,0x00,0x00,0x00,0x04,0x01,0x57,0x05,0xd9,0x05,0xf5,0x04,0xc3,0x00,
  0x00,0x00,0x00,0x00,0x00,0x00,0x00,0x00,0x00,0x00,0x00,0x00,0x00,0x00,0x00,0x00,0x61,0x00,0x52,0x04,0x77,0x05,0x78,0x05,
  0x4e,0x03,0x62,0x00,0x00,0x00,0x61,0x00,0xf1,0x03,0x37,0x05,0x37,0x05,0x11,0x04,0x82,0x00,0x00,0x00,0x00,0x00,0x00,0x00,
  0x00,0x00,0x00,0x00,0x00,0x00,0x00,0x00,0x00,0x00,0x00,0x00,0x00,0x00,0x00,0x00,0x00,0x00,0x00,0x00,0x00,0x00,0x00,0x00,
  0x00,0x00,0x00,0x00,0x00,0x00,0x00,0x00,0x00,0x00,0x00,0x00,0x00,0x00,0x00,0x00,0x00,0x00,0x00,0x00,0x00,0x00,0x00,0x00,
  0x00,0x00,0x00,0x00,0x00,0x00,0x00,0x00,0x00,0x00,0x00,0x00,0x00,0x00,0x00,0x00,0x00,0x00,0x00,0x00,0x00,0x00,0x00,0x00,
  0x00,0x00,0x00,0x00,0x00,0x00,0x00,0x00,0x00,0x00,0x00,0x00,0x00,0x00,0x00,0x00,0x00,0x00,0x00,0x00,0x00,0x00,0x00,0x00,
  0x00,0x00,0x00,0x00,0x00,0x00,0x00,0x00,0x00,0x00,0x00,0x00,0x00,0x00,0x00,0x00,0x00,0x00,0x00,0x00,0x00,0x00,0x00,0x00,
  0x00,0x00,0x00,0x00,0x00,0x00,0x00,0x00,0x00,0x00,0x00,0x00,0x00,0x00,0x00,0x00,0x00,0x00,0x00,0x00,0x00,0x00,0x00,0x00,
  0x00,0x00,0x00,0x00,0x00,0x00,0x00,0x00,0x00,0x00,0x00,0x00,0x00,0x00,0x00,0x00,0x00,0x00,0x00,0x00,0x00,0x00,0x00,0x00,
  0x00,0x00,0x00,0x00,0x00,0x00,0x00,0x00,0x00,0x00,0x00,0x00,0x00,0x00,0x00,0x00,0x00,0x00,0x00,0x00,0x00,0x00,0x00,0x00,
  0x00,0x00,0x00,0x00,0x00,0x00,0x00,0x00,0x00,0x00,0x00,0x00,0x00,0x00,0x00,0x00,0x00,0x00,0x00,0x00,0x00,0x00,0x00,0x00,
  0x00,0x00,0x00,0x00,0x00,0x00,0x00,0x00,0x00,0x00,0x00,0x00,0x00,0x00,0x00,0x00,0x00,0x00,0x00,0x00,0x00,0x00,0x00,0x00,
  0x00,0x00,0x00,0x00,0x00,0x00,0x00,0x00,0x00,0x00,0x00,0x00,0x00,0x00,0x00,0x00,0x00,0x00,0x00,0x00,0x00,0x00,0x00,0x00,
  0x00,0x00,0x00,0x00,0x00,0x00,0x00,0x00,0x00,0x00,0x00,0x00,0x00,0x00,0x00,0x00,0x00,0x00,0x00,0x00,0x00,0x00,0x00,0x00,
  0x29,0x02,0xf9,0x05,0x3b,0x06,0xfa,0x05,0xd9,0x05,0xb8,0x05,0xf9,0x05,0x1a,0x06,0xfa,0x05,0xa7,0x01,0x00,0x00,0x00,0x00,
  0x00,0x00,0x00,0x00,0x00,0x00,0x00,0x00,0x45,0x01,0x57,0x05,0xd9,0x05,0x6f,0x03,0x00,0x00,0x00,0x00,0x00,0x00,0x00,0x00,
  0x00,0x00,0x00,0x00,0x00,0x00,0x24,0x01,0x57,0x05,0xf9,0x05,0xd5,0x04,0xc3,0x00,0x00,0x00,0x00,0x00,0x00,0x00,0x00,0x00,
  0x00,0x00,0x00,0x00,0x00,0x00,0x00,0x00,0x00,0x00,0xab,0x02,0x98,0x05,0x57,0x05,0x57,0x05,0xd0,0x03,0x8b,0x02,0x11,0x04,
  0x57,0x05,0x36,0x05,0x16,0x05,0x4a,0x02,0x00,0x00,0x00,0x00,0x00,0x00,0x00,0x00,0x00,0x00,0x00,0x00,0x00,0x00,0x00,0x00,
  0x00,0x00,0x00,0x00,0x00,0x00,0x00,0x00,0x00,0x00,0x00,0x00,0x00,0x00,0x00,0x00,0x00,0x00,0x00,0x00,0x00,0x00,0x00,0x00,
  0x00,0x00,0x00,0x00,0x00,0x00,0x00,0x00,0x00,0x00,0x00,0x00,0x00,0x00,0x00,0x00,0x00,0x00,0x00,0x00,0x00,0x00,0x00,0x00,
  0x00,0x00,0x00,0x00,0x00,0x00,0x00,0x00,0x00,0x00,0x00,0x00,0x00,0x00,0x00,0x00,0x00,0x00,0x00,0x00,0x00,0x00,0x00,0x00,
  0x00,0x00,0x00,0x00,0x00,0x00,0x00,0x00,0x00,0x00,0x00,0x00,0x00,0x00,0x00,0x00,0x00,0x00,0x00,0x00,0x00,0x00,0x00,0x00,
  0x00,0x00,0x00,0x00,0x00,0x00,0x00,0x00,0x00,0x00,0x00,0x00,0x00,0x00,0x00,0x00,0x00,0x00,0x00,0x00,0x00,0x00,0x00,0x00,
  0x00,0x00,0x00,0x00,0x00,0x00,0x00,0x00,0x00,0x00,0x00,0x00,0x00,0x00,0x00,0x00,0x00,0x00,0x00,0x00,0x00,0x00,0x00,0x00,
  0x00,0x00,0x00,0x00,0x00,0x00,0x00,0x00,0x00,0x00,0x00,0x00,0x00,0x00,0x00,0x00,0x00,0x00,0x00,0x00,0x00,0x00,0x00,0x00,
  0x00,0x00,0x00,0x00,0x00,0x00,0x00,0x00,0x00,0x00,0x00,0x00,0x00,0x00,0x00,0x00,0x00,0x00,0x00,0x00,0x00,0x00,0x00,0x00,
  0x00,0x00,0x00,0x00,0x00,0x00,0x00,0x00,0x00,0x00,0x00,0x00,0x00,0x00,0x00,0x00,0x00,0x00,0x00,0x00,0x00,0x00,0x00,0x00,
  0x00,0x00,0x00,0x00,0x00,0x00,0x00,0x00,0x00,0x00,0x00,0x00,0x00,0x00,0x00,0x00,0x00,0x00,0x00,0x00,0x00,0x00,0x00,0x00,
  0x00,0x00,0x00,0x00,0x00,0x00,0x00,0x00,0x00,0x00,0x00,0x00,0x00,0x00,0x00,0x00,0x00,0x00,0x00,0x00,0x00,0x00,0x00,0x00,
  0x00,0x00,0x00,0x00,0x00,0x00,0x00,0x00,0x00,0x00,0x00,0x00,0x00,0x00,0x00,0x00,0x82,0x00,0x36,0x05,0x5b,0x06,0xb9,0x05,
  0xb8,0x05,0xb9,0x05,0xfa,0x05,0x1a,0x06,0x98,0x05,0xe4,0x00,0x00,0x00,0x00,0x00,0x00,0x00,0x00,0x00,0x00,0x00,0x00,0x00,
  0xe3,0x00,0x36,0x05,0xd9,0x05,0x2e,0x03,0x00,0x00,0x00,0x00,0x00,0x00,0x00,0x00,0x00,0x00,0x00,0x00,0x00,0x00,0x45,0x01,
  0x57,0x05,0xf9,0x05,0xf5,0x04,0xc3,0x00,0x00,0x00,0x00,0x00,0x00,0x00,0x00,0x00,0x00,0x00,0x00,0x00,0x00,0x00,0x00,0x00,
  0x00,0x00,0xc3,0x00,0x11,0x04,0x98,0x05,0x57,0x05,0x57,0x05,0x78,0x05,0x77,0x05,0x57,0x05,0x98,0x05,0x11,0x04,0x61,0x00,
  0x00,0x00,0x00,0x00,0x00,0x00,0x00,0x00,0x00,0x00,0x00,0x00,0x00,0x00,0x00,0x00,0x00,0x00,0x00,0x00,0x00,0x00,0x00,0x00,
  0x00,0x00,0x00,0x00,0x00,0x00,0x00,0x00,0x00,0x00,0x00,0x00,0x00,0x00,0x00,0x00,0x00,0x00,0x00,0x00,0x00,0x00,0x00,0x00,
  0x00,0x00,0x00,0x00,0x00,0x00,0x00,0x00,0x00,0x00,0x00,0x00,0x00,0x00,0x00,0x00,0x00,0x00,0x00,0x00,0x00,0x00,0x00,0x00,
  0x00,0x00,0x00,0x00,0x00,0x00,0x00,0x00,0x00,0x00,0x00,0x00,0x00,0x00,0x00,0x00,0x00,0x00,0x00,0x00,0x00,0x00,0x00,0x00,
  0x00,0x00,0x00,0x00,0x00,0x00,0x00,0x00,0x00,0x00,0x00,0x00,0x00,0x00,0x00,0x00,0x00,0x00,0x00,0x00,0x00,0x00,0x00,0x00,
  0x00,0x00,0x00,0x00,0x00,0x00,0x00,0x00,0x00,0x00,0x00,0x00,0x00,0x00,0x00,0x00,0x00,0x00,0x00,0x00,0x00,0x00,0x00,0x00,
  0x00,0x00,0x00,0x00,0x00,0x00,0x00,0x00,0x00,0x00,0x00,0x00,0x00,0x00,0x00,0x00,0x00,0x00,0x00,0x00,0x00,0x00,0x00,0x00,
  0x00,0x00,0x00,0x00,0x00,0x00,0x00,0x00,0x00,0x00,0x00,0x00,0x00,0x00,0x00,0x00,0x00,0x00,0x00,0x00,0x00,0x00,0x00,0x00,
  0x00,0x00,0x00,0x00,0x00,0x00,0x00,0x00,0x00,0x00,0x00,0x00,0x00,0x00,0x00,0x00,0x00,0x00,0x00,0x00,0x00,0x00,0x00,0x00,
  0x00,0x00,0x00,0x00,0x00,0x00,0x00,0x00,0x00,0x00,0x00,0x00,0x00,0x00,0x00,0x00,0x00,0x00,0x00,0x00,0x00,0x00,0x00,0x00,
  0x00,0x00,0x00,0x00,0x00,0x00,0x00,0x00,0x00,0x00,0x00,0x00,0x00,0x00,0x00,0x00,0x00,0x00,0x00,0x00,0x00,0x00,0x00,0x00,
  0x00,0x00,0x00,0x00,0x00,0x00,0x00,0x00,0x00,0x00,0x00,0x00,0x00,0x00,0x00,0x00,0x00,0x00,0x00,0x00,0x00,0x00,0x00,0x00,
  0x00,0x00,0x00,0x00,0x00,0x00,0x00,0x00,0x00,0x00,0x4a,0x02,0xb9,0x05,0xd9,0x05,0xb8,0x05,0xd9,0x05,0xd9,0x05,0xd9,0x05,
  0xd4,0x04,0xa2,0x00,0x00,0x00,0x00,0x00,0x00,0x00,0x00,0x00,0x00,0x00,0x00,0x00,0xc3,0x00,0x16,0x05,0xb9,0x05,0xcc,0x02,
  0x00,0x00,0x00,0x00,0x00,0x00,0x00,0x00,0x00,0x00,0x00,0x00,0x00,0x00,0x25,0x01,0x36,0x05,0xd9,0x05,0xf5,0x04,0xc3,0x00,
  0x00,0x00,0x00,0x00,0x00,0x00,0x00,0x00,0x00,0x00,0x00,0x00,0x00,0x00,0x00,0x00,0x00,0x00,0x00,0x00,0x04,0x01,0x52,0x04,
  0x36,0x05,0x37,0x05,0x36,0x05,0x16,0x05,0x36,0x05,0x11,0x04,0x66,0x01,0x00,0x00,0x00,0x00,0x00,0x00,0x00,0x00,0x00,0x00,
  0x00,0x00,0x00,0x00,0x00,0x00,0x00,0x00,0x00,0x00,0x00,0x00,0x00,0x00,0x00,0x00,0x00,0x00,0x00,0x00,0x00,0x00,0x00,0x00,
  0x00,0x00,0x00,0x00,0x00,0x00,0x00,0x00,0x00,0x00,0x00,0x00,0x00,0x00,0x00,0x00,0x00,0x00,0x00,0x00,0x00,0x00,0x00,0x00,
  0x00,0x00,0x00,0x00,0x00,0x00,0x00,0x00,0x00,0x00,0x00,0x00,0x00,0x00,0x00,0x00,0x00,0x00,0x00,0x00,0x00,0x00,0x00,0x00,
  0x00,0x00,0x00,0x00,0x00,0x00,0x00,0x00,0x00,0x00,0x00,0x00,0x00,0x00,0x00,0x00,0x00,0x00,0x00,0x00,0x00,0x00,0x00,0x00,
  0x00,0x00,0x00,0x00,0x00,0x00,0x00,0x00,0x00,0x00,0x00,0x00,0x00,0x00,0x00,0x00,0x00,0x00,0x00,0x00,0x00,0x00,0x00,0x00,
  0x00,0x00,0x00,0x00,0x00,0x00,0x00,0x00,0x00,0x00,0x00,0x00,0x00,0x00,0x00,0x00,0x00,0x00,0x00,0x00,0x00,0x00,0x00,0x00,
  0x00,0x00,0x00,0x00,0x00,0x00,0x00,0x00,0x00,0x00,0x00,0x00,0x00,0x00,0x00,0x00,0x00,0x00,0x00,0x00,0x00,0x00,0x00,0x00,
  0x00,0x00,0x00,0x00,0x00,0x00,0x00,0x00,0x00,0x00,0x00,0x00,0x00,0x00,0x00,0x00,0x00,0x00,0x00,0x00,0x00,0x00,0x00,0x00,
  0x00,0x00,0x00,0x00,0x00,0x00,0x00,0x00,0x00,0x00,0x00,0x00,0x00,0x00,0x00,0x00,0x00,0x00,0x00,0x00,0x00,0x00,0x00,0x00,
  0x00,0x00,0x00,0x00,0x00,0x00,0x00,0x00,0x00,0x00,0x00,0x00,0x00,0x00,0x00,0x00,0x00,0x00,0x00,0x00,0x00,0x00,0x00,0x00,
  0x00,0x00,0x00,0x00,0x00,0x00,0x00,0x00,0x00,0x00,0x00,0x00,0x00,0x00,0x00,0x00,0x00,0x00,0x00,0x00,0x00,0x00,0x00,0x00,
  0x00,0x00,0x00,0x00,0x00,0x00,0x00,0x00,0x00,0x00,0x00,0x00,0x00,0x00,0x00,0x00,0x00,0x00,0x00,0x00,0x00,0x00,0x00,0x00,
  0x00,0x00,0x00,0x00,0x08,0x02,0x16,0x05,0xfa,0x05,0x5b,0x06,0xd9,0x05,0x98,0x05,0xd0,0x03,0x41,0x00,0x00,0x00,0x00,0x00,
  0x00,0x00,0x00,0x00,0x00,0x00,0x00,0x00,0xa3,0x00,0xf5,0x04,0xb9,0x05,0xab,0x02,0x00,0x00,0x00,0x00,0x00,0x00,0x00,0x00,
  0x00,0x00,0x00,0x00,0x00,0x00,0xa7,0x01,0x57,0x05,0xfa,0x05,0xd5,0x04,0xc7,0x01,0x00,0x00,0x00,0x00,0x00,0x00,0x00,0x00,
  0x00,0x00,0x00,0x00,0x00,0x00,0x00,0x00,0x00,0x00,0x00,0x00,0x00,0x00,0xa3,0x00,0x29,0x02,0x6e,0x03,0x6f,0x03,0xcc,0x02,
  0x25,0x01,0x00,0x00,0x00,0x00,0x00,0x00,0x00,0x00,0x00,0x00,0x00,0x00,0x00,0x00,0x00,0x00,0x00,0x00,0x00,0x00,0x00,0x00,
  0x00,0x00,0x00,0x00,0x00,0x00,0x00,0x00,0x00,0x00,0x00,0x00,0x00,0x00,0x00,0x00,0x00,0x00,0x00,0x00,0x00,0x00,0x00,0x00,
  0x00,0x00,0x00,0x00,0x00,0x00,0x00,0x00,0x00,0x00,0x00,0x00,0x00,0x00,0x00,0x00,0x00,0x00,0x00,0x00,0x00,0x00,0x00,0x00,
  0x00,0x00,0x00,0x00,0x00,0x00,0x00,0x00,0x00,0x00,0x00,0x00,0x00,0x00,0x00,0x00,0x00,0x00,0x00,0x00,0x00,0x00,0x00,0x00,
  0x00,0x00,0x00,0x00,0x00,0x00,0x00,0x00,0x00,0x00,0x00,0x00,0x00,0x00,0x00,0x00,0x00,0x00,0x00,0x00,0x00,0x00,0x00,0x00,
  0x00,0x00,0x00,0x00,0x00,0x00,0x00,0x00,0x00,0x00,0x00,0x00,0x00,0x00,0x00,0x00,0x00,0x00,0x00,0x00,0x00,0x00,0x00,0x00,
  0x00,0x00,0x00,0x00,0x00,0x00,0x00,0x00,0x00,0x00,0x00,0x00,0x00,0x00,0x00,0x00,0x00,0x00,0x00,0x00,0x00,0x00,0x00,0x00,
  0x00,0x00,0x00,0x00,0x00,0x00,0x00,0x00,0x00,0x00,0x00,0x00,0x00,0x00,0x00,0x00,0x00,0x00,0x00,0x00,0x00,0x00,0x00,0x00,
  0x00,0x00,0x00,0x00,0x00,0x00,0x00,0x00,0x00,0x00,0x00,0x00,0x00,0x00,0x00,0x00,0x00,0x00,0x00,0x00,0x00,0x00,0x00,0x00,
  0x00,0x00,0x00,0x00,0x00,0x00,0x00,0x00,0x00,0x00,0x00,0x00,0x00,0x00,0x00,0x00,0x00,0x00,0x00,0x00,0x00,0x00,0x00,0x00,
  0x00,0x00,0x00,0x00,0x00,0x00,0x00,0x00,0x00,0x00,0x00,0x00,0x00,0x00,0x00,0x00,0x00,0x00,0x00,0x00,0x00,0x00,0x00,0x00,
  0x00,0x00,0x00,0x00,0x00,0x00,0x00,0x00,0x00,0x00,0x00,0x00,0x00,0x00,0x00,0x00,0x00,0x00,0x00,0x00,0x00,0x00,0x00,0x00,
  0x00,0x00,0x00,0x00,0x00,0x00,0x00,0x00,0x00,0x00,0x00,0x00,0x00,0x00,0x00,0x00,0x00,0x00,0x00,0x00,0x00,0x00,0xa3,0x00,
  0x4a,0x02,0x11,0x04,0x16,0x05,0xb8,0x05,0x0d,0x03,0x21,0x00,0x00,0x00,0x00,0x00,0x00,0x00,0x00,0x00,0x00,0x00,0x00,0x00,
  0x82,0x00,0xd4,0x04,0x98,0x05,0x09,0x02,0x00,0x00,0x00,0x00,0x00,0x00,0x00,0x00,0x00,0x00,0xa3,0x00,0x0d,0x03,0xd5,0x04,
  0x77,0x05,0x78,0x05,0x36,0x05,0xb4,0x04,0xcc,0x02,0x20,0x00,0x00,0x00,0x00,0x00,0x00,0x00,0x00,0x00,0x00,0x00,0x00,0x00,
  0x00,0x00,0x00,0x00,0x00,0x00,0x00,0x00,0x00,0x00,0x41,0x00,0x41,0x00,0x00,0x00,0x00,0x00,0x00,0x00,0x00,0x00,0x00,0x00,
  0x00,0x00,0x00,0x00,0x00,0x00,0x00,0x00,0x00,0x00,0x00,0x00,0x00,0x00,0x00,0x00,0x00,0x00,0x00,0x00,0x00,0x00,0x00,0x00,
  0x00,0x00,0x00,0x00,0x00,0x00,0x00,0x00,0x00,0x00,0x00,0x00,0x00,0x00,0x00,0x00,0x00,0x00,0x00,0x00,0x00,0x00,0x00,0x00,
  0x00,0x00,0x00,0x00,0x00,0x00,0x00,0x00,0x00,0x00,0x00,0x00,0x00,0x00,0x00,0x00,0x00,0x00,0x00,0x00,0x00,0x00,0x00,0x00,
  0x00,0x00,0x00,0x00,0x00,0x00,0x00,0x00,0x00,0x00,0x00,0x00,0x00,0x00,0x00,0x00,0x00,0x00,0x00,0x00,0x00,0x00,0x00,0x00,
  0x00,0x00,0x00,0x00,0x00,0x00,0x00,0x00,0x00,0x00,0x00,0x00,0x00,0x00,0x00,0x00,0x00,0x00,0x00,0x00,0x00,0x00,0x00,0x00,
  0x00,0x00,0x00,0x00,0x00,0x00,0x00,0x00,0x00,0x00,0x00,0x00,0x00,0x00,0x00,0x00,0x00,0x00,0x00,0x00,0x00,0x00,0x00,0x00,
  0x00,0x00,0x00,0x00,0x00,0x00,0x00,0x00,0x00,0x00,0x00,0x00,0x00,0x00,0x00,0x00,0x00,0x00,0x00,0x00,0x00,0x00,0x00,0x00,
  0x00,0x00,0x00,0x00,0x00,0x00,0x00,0x00,0x00,0x00,0x00,0x00,0x00,0x00,0x00,0x00,0x00,0x00,0x00,0x00,0x00,0x00,0x00,0x00,
  0x00,0x00,0x00,0x00,0x00,0x00,0x00,0x00,0x00,0x00,0x00,0x00,0x00,0x00,0x00,0x00,0x00,0x00,0x00,0x00,0x00,0x00,0x00,0x00,
  0x00,0x00,0x00,0x00,0x00,0x00,0x00,0x00,0x00,0x00,0x00,0x00,0x00,0x00,0x00,0x00,0x00,0x00,0x00,0x00,0x00,0x00,0x00,0x00,
  0x00,0x00,0x00,0x00,0x00,0x00,0x00,0x00,0x00,0x00,0x00,0x00,0x00,0x00,0x00,0x00,0x00,0x00,0x00,0x00,0x00,0x00,0x00,0x00,
  0x00,0x00,0x00,0x00,0x00,0x00,0x00,0x00,0x00,0x00,0x00,0x00,0x00,0x00,0x00,0x00,0x00,0x00,0x00,0x00,0x00,0x00,0x00,0x00,
  0x00,0x00,0x00,0x00,0x00,0x00,0x00,0x00,0x00,0x00,0x00,0x00,0x00,0x00,0x00,0x00,0x00,0x00,0x62,0x00,0x66,0x01,0x6a,0x02,
  0x04,0x01,0x00,0x00,0x00,0x00,0x00,0x00,0x00,0x00,0x00,0x00,0x00,0x00,0x00,0x00,0x41,0x00,0x93,0x04,0x98,0x05,0xc8,0x01,
  0x00,0x00,0x00,0x00,0x00,0x00,0x00,0x00,0x20,0x00,0xb0,0x03,0xd9,0x05,0x78,0x05,0x98,0x05,0xb8,0x05,0x78,0x05,0x78,0x05,
  0x98,0x05,0x0d,0x03,0x20,0x00,0x00,0x00,0x00,0x00,0x00,0x00,0x00,0x00,0x00,0x00,0x00,0x00,0x00,0x00,0x00,0x00,0x00,0x00,
  0x00,0x00,0x00,0x00,0x00,0x00,0x00,0x00,0x00,0x00,0x00,0x00,0x00,0x00,0x00,0x00,0x00,0x00,0x00,0x00,0x00,0x00,0x00,0x00,
  0x00,0x00,0x00,0x00,0x00,0x00,0x00,0x00,0x00,0x00,0x00,0x00,0x00,0x00,0x00,0x00,0x00,0x00,0x00,0x00,0x00,0x00,0x00,0x00,
  0x00,0x00,0x00,0x00,0x00,0x00,0x00,0x00,0x00,0x00,0x00,0x00,0x00,0x00,0x00,0x00,0x00,0x00,0x00,0x00,0x00,0x00,0x00,0x00,
  0x00,0x00,0x00,0x00,0x00,0x00,0x00,0x00,0x00,0x00,0x00,0x00,0x00,0x00,0x00,0x00,0x00,0x00,0x00,0x00,0x00,0x00,0x00,0x00,
  0x00,0x00,0x00,0x00,0x00,0x00,0x00,0x00,0x00,0x00,0x00,0x00,0x00,0x00,0x00,0x00,0x00,0x00,0x00,0x00,0x00,0x00,0x00,0x00,
  0x00,0x00,0x00,0x00,0x00,0x00,0x00,0x00,0x00,0x00,0x00,0x00,0x00,0x00,0x00,0x00,0x00,0x00,0x00,0x00,0x00,0x00,0x00,0x00,
  0x00,0x00,0x00,0x00,0x00,0x00,0x00,0x00,0x00,0x00,0x00,0x00,0x00,0x00,0x00,0x00,0x00,0x00,0x00,0x00,0x00,0x00,0x00,0x00,
  0x00,0x00,0x00,0x00,0x00,0x00,0x00,0x00,0x00,0x00,0x00,0x00,0x00,0x00,0x00,0x00,0x00,0x00,0x00,0x00,0x00,0x00,0x00,0x00,
  0x00,0x00,0x00,0x00,0x00,0x00,0x00,0x00,0x00,0x00,0x00,0x00,0x00,0x00,0x00,0x00,0x00,0x00,0x00,0x00,0x00,0x00,0x00,0x00,
  0x00,0x00,0x00,0x00,0x00,0x00,0x00,0x00,0x00,0x00,0x00,0x00,0x00,0x00,0x00,0x00,0x00,0x00,0x00,0x00,0x00,0x00,0x00,0x00,
  0x00,0x00,0x00,0x00,0x00,0x00,0x00,0x00,0x00,0x00,0x00,0x00,0x00,0x00,0x00,0x00,0x00,0x00,0x00,0x00,0x00,0x00,0x00,0x00,
  0x00,0x00,0x00,0x00,0x00,0x00,0x00,0x00,0x00,0x00,0x00,0x00,0x00,0x00,0x00,0x00,0x00,0x00,0x00,0x00,0x00,0x00,0x00,0x00,
  0x00,0x00,0x00,0x00,0x00,0x00,0x00,0x00,0x00,0x00,0x00,0x00,0x00,0x00,0x00,0x00,0x00,0x00,0x00,0x00,0x00,0x00,0x00,0x00,
  0x00,0x00,0x00,0x00,0x00,0x00,0x00,0x00,0x00,0x00,0x00,0x00,0x00,0x00,0x00,0x00,0x00,0x00,0x00,0x00,0x00,0x00,0x00,0x00,
  0x00,0x00,0x00,0x00,0x00,0x00,0x00,0x00,0x41,0x00,0xb4,0x04,0x98,0x05,0xc7,0x01,0x00,0x00,0x00,0x00,0x00,0x00,0x00,0x00,
  0x29,0x02,0x98,0x05,0x57,0x05,0xb9,0x05,0x36,0x05,0xb4,0x04,0x37,0x05,0x78,0x05,0x78,0x05,0x57,0x05,0xa7,0x01,0x00,0x00,
  0x00,0x00,0x00,0x00,0x00,0x00,0x00,0x00,0x00,0x00,0x00,0x00,0x00,0x00,0x00,0x00,0x00,0x00,0x00,0x00,0x00,0x00,0x00,0x00,
  0x00,0x00,0x00,0x00,0x00,0x00,0x00,0x00,0x00,0x00,0x00,0x00,0x00,0x00,0x00,0x00,0x00,0x00,0x00,0x00,0x00,0x00,0x00,0x00,
  0x00,0x00,0x00,0x00,0x00,0x00,0x00,0x00,0x00,0x00,0x00,0x00,0x00,0x00,0x00,0x00,0x00,0x00,0x00,0x00,0x00,0x00,0x00,0x00,
  0x00,0x00,0x00,0x00,0x00,0x00,0x00,0x00,0x00,0x00,0x00,0x00,0x00,0x00,0x00,0x00,0x00,0x00,0x00,0x00,0x00,0x00,0x00,0x00,
  0x00,0x00,0x00,0x00,0x00,0x00,0x00,0x00,0x00,0x00,0x00,0x00,0x00,0x00,0x00,0x00,0x00,0x00,0x00,0x00,0x00,0x00,0x00,0x00,
  0x00,0x00,0x00,0x00,0x00,0x00,0x00,0x00,0x00,0x00,0x00,0x00,0x00,0x00,0x00,0x00,0x00,0x00,0x00,0x00,0x00,0x00,0x00,0x00,
  0x00,0x00,0x00,0x00,0x00,0x00,0x00,0x00,0x00,0x00,0x00,0x00,0x00,0x00,0x00,0x00,0x00,0x00,0x00,0x00,0x00,0x00,0x00,0x00,
  0x00,0x00,0x00,0x00,0x00,0x00,0x00,0x00,0x00,0x00,0x00,0x00,0x00,0x00,0x00,0x00,0x00,0x00,0x00,0x00,0x00,0x00,0x00,0x00,
  0x00,0x00,0x00,0x00,0x00,0x00,0x00,0x00,0x00,0x00,0x00,0x00,0x00,0x00,0x00,0x00,0x00,0x00,0x00,0x00,0x00,0x00,0x00,0x00,
  0x00,0x00,0x00,0x00,0x00,0x00,0x00,0x00,0x00,0x00,0x00,0x00,0x00,0x00,0x00,0x00,0x00,0x00,0x00,0x00,0x00,0x00,0x00,0x00,
  0x00,0x00,0x00,0x00,0x00,0x00,0x00,0x00,0x00,0x00,0x00,0x00,0x00,0x00,0x00,0x00,0x00,0x00,0x00,0x00,0x00,0x00,0x00,0x00,
  0x00,0x00,0x00,0x00,0x00,0x00,0x00,0x00,0x00,0x00,0x00,0x00,0x00,0x00,0x00,0x00,0x00,0x00,0x00,0x00,0x00,0x00,0x00,0x00,
  0x00,0x00,0x00,0x00,0x00,0x00,0x00,0x00,0x00,0x00,0x00,0x00,0x00,0x00,0x00,0x00,0x00,0x00,0x00,0x00,0x00,0x00,0x00,0x00,
  0x00,0x00,0x00,0x00,0x00,0x00,0x00,0x00,0x00,0x00,0x00,0x00,0x00,0x00,0x00,0x00,0x00,0x00,0x00,0x00,0x00,0x00,0x00,0x00,
  0x00,0x00,0x00,0x00,0x00,0x00,0x00,0x00,0x00,0x00,0x00,0x00,0x00,0x00,0x00,0x00,0x00,0x00,0x00,0x00,0x00,0x00,0x00,0x00,
  0x04,0x01,0x98,0x05,0x57,0x05,0x82,0x00,0x00,0x00,0x00,0x00,0x00,0x00,0x41,0x00,0x53,0x04,0xb9,0x05,0x98,0x05,0x52,0x04,
  0x46,0x01,0xa2,0x00,0xc8,0x01,0xf5,0x04,0x98,0x05,0xd9,0x05,0x2e,0x03,0x00,0x00,0x00,0x00,0x00,0x00,0x00,0x00,0x00,0x00,
  0x00,0x00,0x00,0x00,0x00,0x00,0x00,0x00,0x00,0x00,0x00,0x00,0x00,0x00,0x00,0x00,0x00,0x00,0x00,0x00,0x00,0x00,0x00,0x00,
  0x00,0x00,0x00,0x00,0x00,0x00,0x00,0x00,0x00,0x00,0x00,0x00,0x00,0x00,0x00,0x00,0x00,0x00,0x00,0x00,0x00,0x00,0x00,0x00,
  0x00,0x00,0x00,0x00,0x00,0x00,0x00,0x00,0x00,0x00,0x00,0x00,0x00,0x00,0x00,0x00,0x00,0x00,0x00,0x00,0x00,0x00,0x00,0x00,
  0x00,0x00,0x00,0x00,0x00,0x00,0x00,0x00,0x00,0x00,0x00,0x00,0x00,0x00,0x00,0x00,0x00,0x00,0x00,0x00,0x00,0x00,0x00,0x00,
  0x00,0x00,0x00,0x00,0x00,0x00,0x00,0x00,0x00,0x00,0x00,0x00,0x00,0x00,0x00,0x00,0x00,0x00,0x00,0x00,0x00,0x00,0x00,0x00,
  0x00,0x00,0x00,0x00,0x00,0x00,0x00,0x00,0x00,0x00,0x00,0x00,0x00,0x00,0x00,0x00,0x00,0x00,0x00,0x00,0x00,0x00,0x00,0x00,
  0x00,0x00,0x00,0x00,0x00,0x00,0x00,0x00,0x00,0x00,0x00,0x00,0x00,0x00,0x00,0x00,0x00,0x00,0x00,0x00,0x00,0x00,0x00,0x00,
  0x00,0x00,0x00,0x00,0x00,0x00,0x00,0x00,0x00,0x00,0x00,0x00,0x00,0x00,0x00,0x00,0x00,0x00,0x00,0x00,0x00,0x00,0x00,0x00,
  0x00,0x00,0x00,0x00,0x00,0x00,0x00,0x00,0x00,0x00,0x00,0x00,0x00,0x00,0x00,0x00,0x00,0x00,0x00,0x00,0x00,0x00,0x00,0x00,
  0x00,0x00,0x00,0x00,0x00,0x00,0x00,0x00,0x00,0x00,0x00,0x00,0x00,0x00,0x00,0x00,0x00,0x00,0x00,0x00,0x00,0x00,0x00,0x00,
  0x00,0x00,0x00,0x00,0x00,0x00,0x00,0x00,0x00,0x00,0x00,0x00,0x00,0x00,0x00,0x00,0x00,0x00,0x00,0x00,0x00,0x00,0x00,0x00,
  0x00,0x00,0x00,0x00,0x00,0x00,0x00,0x00,0x00,0x00,0x00,0x00,0x00,0x00,0x00,0x00,0x00,0x00,0x00,0x00,0x00,0x00,0x00,0x00,
  0x00,0x00,0x00,0x00,0x00,0x00,0x00,0x00,0x00,0x00,0x00,0x00,0x00,0x00,0x00,0x00,0x00,0x00,0x00,0x00,0x00,0x00,0x00,0x00,
  0x00,0x00,0x00,0x00,0x00,0x00,0x00,0x00,0x00,0x00,0x00,0x00,0x00,0x00,0x00,0x00,0x00,0x00,0x00,0x00,0x00,0x00,0x00,0x00,
  0x00,0x00,0x00,0x00,0x00,0x00,0x00,0x00,0x00,0x00,0x00,0x00,0x00,0x00,0xa2,0x00,0x52,0x04,0xb9,0x05,0x6a,0x02,0x00,0x00,
  0x00,0x00,0x00,0x00,0x00,0x00,0xc3,0x00,0xd5,0x04,0x98,0x05,0x57,0x05,0x08,0x02,0x00,0x00,0x00,0x00,0x00,0x00,0xed,0x02,
  0x98,0x05,0x98,0x05,0x11,0x04,0x41,0x00,0x00,0x00,0x00,0x00,0x00,0x00,0x00,0x00,0x00,0x00,0x00,0x00,0x00,0x00,0x00,0x00,
  0x00,0x00,0x00,0x00,0x00,0x00,0x00,0x00,0x00,0x00,0x00,0x00,0x00,0x00,0x00,0x00,0x00,0x00,0x00,0x00,0x00,0x00,0x00,0x00,
  0x00,0x00,0x00,0x00,0x00,0x00,0x00,0x00,0x00,0x00,0x00,0x00,0x00,0x00,0x00,0x00,0x00,0x00,0x00,0x00,0x00,0x00,0x00,0x00,
  0x00,0x00,0x00,0x00,0x00,0x00,0x00,0x00,0x00,0x00,0x00,0x00,0x00,0x00,0x00,0x00,0x00,0x00,0x00,0x00,0x00,0x00,0x00,0x00,
  0x00,0x00,0x00,0x00,0x00,0x00,0x00,0x00,0x00,0x00,0x00,0x00,0x00,0x00,0x00,0x00,0x00,0x00,0x00,0x00,0x00,0x00,0x00,0x00,
  0x00,0x00,0x00,0x00,0x00,0x00,0x00,0x00,0x00,0x00,0x00,0x00,0x00,0x00,0x00,0x00,0x00,0x00,0x00,0x00,0x00,0x00,0x00,0x00,
  0x00,0x00,0x00,0x00,0x00,0x00,0x00,0x00,0x00,0x00,0x00,0x00,0x00,0x00,0x00,0x00,0x00,0x00,0x00,0x00,0x00,0x00,0x00,0x00,
  0x00,0x00,0x00,0x00,0x00,0x00,0x00,0x00,0x00,0x00,0x00,0x00,0x00,0x00,0x00,0x00,0x00,0x00,0x00,0x00,0x00,0x00,0x00,0x00,
  0x00,0x00,0x00,0x00,0x00,0x00,0x00,0x00,0x00,0x00,0x00,0x00,0x00,0x00,0x00,0x00,0x00,0x00,0x00,0x00,0x00,0x00,0x00,0x00,
  0x00,0x00,0x00,0x00,0x00,0x00,0x00,0x00,0x00,0x00,0x00,0x00,0x00,0x00,0x00,0x00,0x00,0x00,0x00,0x00,0x00,0x00,0x00,0x00,
  0x00,0x00,0x00,0x00,0x00,0x00,0x00,0x00,0x00,0x00,0x00,0x00,0x00,0x00,0x00,0x00,0x00,0x00,0x00,0x00,0x00,0x00,0x00,0x00,
  0x00,0x00,0x00,0x00,0x00,0x00,0x00,0x00,0x00,0x00,0x00,0x00,0x00,0x00,0x00,0x00,0x00,0x00,0x00,0x00,0x00,0x00,0x00,0x00,
  0x00,0x00,0x00,0x00,0x00,0x00,0x00,0x00,0x00,0x00,0x00,0x00,0x00,0x00,0x00,0x00,0x00,0x00,0x00,0x00,0x00,0x00,0x00,0x00,
  0x00,0x00,0x00,0x00,0x00,0x00,0x00,0x00,0x00,0x00,0x00,0x00,0x00,0x00,0x00,0x00,0x00,0x00,0x00,0x00,0x00,0x00,0x00,0x00,
  0x00,0x00,0x00,0x00,0x00,0x00,0x00,0x00,0x00,0x00,0x00,0x00,0x00,0x00,0x00,0x00,0x00,0x00,0x00,0x00,0x00,0x00,0x00,0x00,
  0x00,0x00,0x00,0x00,0x45,0x01,0x73,0x04,0x73,0x04,0xe8,0x01,0x61,0x00,0x00,0x00,0x00,0x00,0x00,0x00,0x00,0x00,0x20,0x00,
  0xd4,0x04,0xb9,0x05,0x16,0x05,0x09,0x02,0x00,0x00,0x00,0x00,0x00,0x00,0xcc,0x02,0x77,0x05,0x98,0x05,0x11,0x04,0x41,0x00,
  0x00,0x00,0x00,0x00,0x00,0x00,0x00,0x00,0x00,0x00,0x00,0x00,0x00,0x00,0x00,0x00,0x00,0x00,0x00,0x00,0x00,0x00,0x00,0x00,
  0x00,0x00,0x00,0x00,0x00,0x00,0x00,0x00,0x00,0x00,0x00,0x00,0x00,0x00,0x00,0x00,0x00,0x00,0x00,0x00,0x00,0x00,0x00,0x00,
  0x00,0x00,0x00,0x00,0x00,0x00,0x00,0x00,0x00,0x00,0x00,0x00,0x00,0x00,0x00,0x00,0x00,0x00,0x00,0x00,0x00,0x00,0x00,0x00,
  0x00,0x00,0x00,0x00,0x00,0x00,0x00,0x00,0x00,0x00,0x00,0x00,0x00,0x00,0x00,0x00,0x00,0x00,0x00,0x00,0x00,0x00,0x00,0x00,
  0x00,0x00,0x00,0x00,0x00,0x00,0x00,0x00,0x00,0x00,0x00,0x00,0x00,0x00,0x00,0x00,0x00,0x00,0x00,0x00,0x00,0x00,0x00,0x00,
  0x00,0x00,0x00,0x00,0x00,0x00,0x00,0x00,0x00,0x00,0x00,0x00,0x00,0x00,0x00,0x00,0x00,0x00,0x00,0x00,0x00,0x00,0x00,0x00,
  0x00,0x00,0x00,0x00,0x00,0x00,0x00,0x00,0x00,0x00,0x00,0x00,0x00,0x00,0x00,0x00,0x00,0x00,0x00,0x00,0x00,0x00,0x00,0x00,
  0x00,0x00,0x00,0x00,0x00,0x00,0x00,0x00,0x00,0x00,0x00,0x00,0x00,0x00,0x00,0x00,0x00,0x00,0x00,0x00,0x00,0x00,0x00,0x00,
  0x00,0x00,0x00,0x00,0x00,0x00,0x00,0x00,0x00,0x00,0x00,0x00,0x00,0x00,0x00,0x00,0x00,0x00,0x00,0x00,0x00,0x00,0x00,0x00,
  0x00,0x00,0x00,0x00,0x00,0x00,0x00,0x00,0x00,0x00,0x00,0x00,0x00,0x00,0x00,0x00,0x00,0x00,0x00,0x00,0x00,0x00,0x00,0x00,
  0x00,0x00,0x00,0x00,0x00,0x00,0x00,0x00,0x00,0x00,0x00,0x00,0x00,0x00,0x00,0x00,0x00,0x00,0x00,0x00,0x00,0x00,0x00,0x00,
  0x00,0x00,0x00,0x00,0x00,0x00,0x00,0x00,0x00,0x00,0x00,0x00,0x00,0x00,0x00,0x00,0x00,0x00,0x00,0x00,0x00,0x00,0x00,0x00,
  0x00,0x00,0x00,0x00,0x00,0x00,0x00,0x00,0x00,0x00,0x00,0x00,0x00,0x00,0x00,0x00,0x00,0x00,0x00,0x00,0x00,0x00,0x00,0x00,
  0x00,0x00,0x00,0x00,0x00,0x00,0x00,0x00,0x00,0x00,0x00,0x00,0x00,0x00,0x00,0x00,0x00,0x00,0x00,0x00,0x00,0x00,0x00,0x00,
  0x00,0x00,0x00,0x00,0x00,0x00,0x00,0x00,0x00,0x00,0x00,0x00,0x00,0x00,0x00,0x00,0x00,0x00,0x00,0x00,0x4a,0x02,0x0d,0x03,
  0x20,0x00,0x00,0x00,0x00,0x00,0x00,0x00,0x00,0x00,0x00,0x00,0x00,0x00,0x00,0x00,0x12,0x04,0xd9,0x05,0x78,0x05,0x11,0x04,
  0xa3,0x00,0x00,0x00,0x86,0x01,0xb4,0x04,0x77,0x05,0x98,0x05,0x2d,0x03,0x00,0x00,0x00,0x00,0x00,0x00,0x00,0x00,0x00,0x00,
  0x00,0x00,0x00,0x00,0x00,0x00,0x00,0x00,0x00,0x00,0x00,0x00,0x00,0x00,0x00,0x00,0x00,0x00,0x00,0x00,0x00,0x00,0x00,0x00,
  0x00,0x00,0x00,0x00,0x00,0x00,0x00,0x00,0x00,0x00,0x00,0x00,0x00,0x00,0x00,0x00,0x00,0x00,0x00,0x00,0x00,0x00,0x00,0x00,
  0x00,0x00,0x00,0x00,0x00,0x00,0x00,0x00,0x00,0x00,0x00,0x00,0x00,0x00,0x00,0x00,0x00,0x00,0x00,0x00,0x00,0x00,0x00,0x00,
  0x00,0x00,0x00,0x00,0x00,0x00,0x00,0x00,0x00,0x00,0x00,0x00,0x00,0x00,0x00,0x00,0x00,0x00,0x00,0x00,0x00,0x00,0x00,0x00,
  0x00,0x00,0x00,0x00,0x00,0x00,0x00,0x00,0x00,0x00,0x00,0x00,0x00,0x00,0x00,0x00,0x00,0x00,0x00,0x00,0x00,0x00,0x00,0x00,
  0x00,0x00,0x00,0x00,0x00,0x00,0x00,0x00,0x00,0x00,0x00,0x00,0x00,0x00,0x00,0x00,0x00,0x00,0x00,0x00,0x00,0x00,0x00,0x00,
  0x00,0x00,0x00,0x00,0x00,0x00,0x00,0x00,0x00,0x00,0x00,0x00,0x00,0x00,0x00,0x00,0x00,0x00,0x00,0x00,0x00,0x00,0x00,0x00,
  0x00,0x00,0x00,0x00,0x00,0x00,0x00,0x00,0x00,0x00,0x00,0x00,0x00,0x00,0x00,0x00,0x00,0x00,0x00,0x00,0x00,0x00,0x00,0x00,
  0x00,0x00,0x00,0x00,0x00,0x00,0x00,0x00,0x00,0x00,0x00,0x00,0x00,0x00,0x00,0x00,0x00,0x00,0x00,0x00,0x00,0x00,0x00,0x00,
  0x00,0x00,0x00,0x00,0x00,0x00,0x00,0x00,0x00,0x00,0x00,0x00,0x00,0x00,0x00,0x00,0x00,0x00,0x00,0x00,0x00,0x00,0x00,0x00,
  0x00,0x00,0x00,0x00,0x00,0x00,0x00,0x00,0x00,0x00,0x00,0x00,0x00,0x00,0x00,0x00,0x00,0x00,0x00,0x00,0x00,0x00,0x00,0x00,
  0x00,0x00,0x00,0x00,0x00,0x00,0x00,0x00,0x00,0x00,0x00,0x00,0x00,0x00,0x00,0x00,0x00,0x00,0x00,0x00,0x00,0x00,0x00,0x00,
  0x00,0x00,0x00,0x00,0x00,0x00,0x00,0x00,0x00,0x00,0x00,0x00,0x00,0x00,0x00,0x00,0x00,0x00,0x00,0x00,0x00,0x00,0x00,0x00,
  0x00,0x00,0x00,0x00,0x00,0x00,0x00,0x00,0x00,0x00,0x00,0x00,0x00,0x00,0x00,0x00,0x00,0x00,0x00,0x00,0x00,0x00,0x00,0x00,
  0x00,0x00,0x00,0x00,0x00,0x00,0x00,0x00,0x00,0x00,0x00,0x00,0x00,0x00,0x00,0x00,0x00,0x00,0x00,0x00,0x00,0x00,0x00,0x00,
  0x00,0x00,0x00,0x00,0x00,0x00,0x00,0x00,0x29,0x02,0x57,0x05,0x57,0x05,0x57,0x05,0xb4,0x04,0x12,0x04,0xf5,0x04,0x36,0x05,
  0x57,0x05,0xf5,0x04,0x87,0x01,0x00,0x00,0x00,0x00,0x00,0x00,0x00,0x00,0x00,0x00,0x00,0x00,0x00,0x00,0x00,0x00,0x00,0x00,
  0x00,0x00,0x00,0x00,0x00,0x00,0x00,0x00,0x00,0x00,0x00,0x00,0x00,0x00,0x00,0x00,0x00,0x00,0x00,0x00,0x00,0x00,0x00,0x00,
  0x00,0x00,0x00,0x00,0x00,0x00,0x00,0x00,0x00,0x00,0x00,0x00,0x00,0x00,0x00,0x00,0x00,0x00,0x00,0x00,0x00,0x00,0x00,0x00,
  0x00,0x00,0x00,0x00,0x00,0x00,0x00,0x00,0x00,0x00,0x00,0x00,0x00,0x00,0x00,0x00,0x00,0x00,0x00,0x00,0x00,0x00,0x00,0x00,
  0x00,0x00,0x00,0x00,0x00,0x00,0x00,0x00,0x00,0x00,0x00,0x00,0x00,0x00,0x00,0x00,0x00,0x00,0x00,0x00,0x00,0x00,0x00,0x00,
  0x00,0x00,0x00,0x00,0x00,0x00,0x00,0x00,0x00,0x00,0x00,0x00,0x00,0x00,0x00,0x00,0x00,0x00,0x00,0x00,0x00,0x00,0x00,0x00,
  0x00,0x00,0x00,0x00,0x00,0x00,0x00,0x00,0x00,0x00,0x00,0x00,0x00,0x00,0x00,0x00,0x00,0x00,0x00,0x00,0x00,0x00,0x00,0x00,
  0x00,0x00,0x00,0x00,0x00,0x00,0x00,0x00,0x00,0x00,0x00,0x00,0x00,0x00,0x00,0x00,0x00,0x00,0x00,0x00,0x00,0x00,0x00,0x00,
  0x00,0x00,0x00,0x00,0x00,0x00,0x00,0x00,0x00,0x00,0x00,0x00,0x00,0x00,0x00,0x00,0x00,0x00,0x00,0x00,0x00,0x00,0x00,0x00,
  0x00,0x00,0x00,0x00,0x00,0x00,0x00,0x00,0x00,0x00,0x00,0x00,0x00,0x00,0x00,0x00,0x00,0x00,0x00,0x00,0x00,0x00,0x00,0x00,
  0x00,0x00,0x00,0x00,0x00,0x00,0x00,0x00,0x00,0x00,0x00,0x00,0x00,0x00,0x00,0x00,0x00,0x00,0x00,0x00,0x00,0x00,0x00,0x00,
  0x00,0x00,0x00,0x00,0x00,0x00,0x00,0x00,0x00,0x00,0x00,0x00,0x00,0x00,0x00,0x00,0x00,0x00,0x00,0x00,0x00,0x00,0x00,0x00,
  0x00,0x00,0x00,0x00,0x00,0x00,0x00,0x00,0x00,0x00,0x00,0x00,0x00,0x00,0x00,0x00,0x00,0x00,0x00,0x00,0x00,0x00,0x00,0x00,
  0x00,0x00,0x00,0x00,0x00,0x00,0x00,0x00,0x00,0x00,0x00,0x00,0x00,0x00,0x00,0x00,0x00,0x00,0x00,0x00,0x00,0x00,0x00,0x00,
  0x00,0x00,0x00,0x00,0x00,0x00,0x00,0x00,0x00,0x00,0x00,0x00,0x00,0x00,0x00,0x00,0x00,0x00,0x00,0x00,0x00,0x00,0x00,0x00,
  0x00,0x00,0x00,0x00,0x00,0x00,0x00,0x00,0x00,0x00,0x00,0x00,0x00,0x00,0x00,0x00,0x00,0x00,0x00,0x00,0x00,0x00,0x00,0x00,
  0x00,0x00,0x4e,0x03,0xd9,0x05,0x98,0x05,0xb9,0x05,0xf9,0x05,0x98,0x05,0x77,0x05,0x78,0x05,0xcc,0x02,0x20,0x00,0x00,0x00,
  0x00,0x00,0x00,0x00,0x00,0x00,0x00,0x00,0x00,0x00,0x00,0x00,0x00,0x00,0x00,0x00,0x00,0x00,0x00,0x00,0x00,0x00,0x00,0x00,
  0x00,0x00,0x00,0x00,0x00,0x00,0x00,0x00,0x00,0x00,0x00,0x00,0x00,0x00,0x00,0x00,0x00,0x00,0x00,0x00,0x00,0x00,0x00,0x00,
  0x00,0x00,0x00,0x00,0x00,0x00,0x00,0x00,0x00,0x00,0x00,0x00,0x00,0x00,0x00,0x00,0x00,0x00,0x00,0x00,0x00,0x00,0x00,0x00,
  0x00,0x00,0x00,0x00,0x00,0x00,0x00,0x00,0x00,0x00,0x00,0x00,0x00,0x00,0x00,0x00,0x00,0x00,0x00,0x00,0x00,0x00,0x00,0x00,
  0x00,0x00,0x00,0x00,0x00,0x00,0x00,0x00,0x00,0x00,0x00,0x00,0x00,0x00,0x00,0x00,0x00,0x00,0x00,0x00,0x00,0x00,0x00,0x00,
  0x00,0x00,0x00,0x00,0x00,0x00,0x00,0x00,0x00,0x00,0x00,0x00,0x00,0x00,0x00,0x00,0x00,0x00,0x00,0x00,0x00,0x00,0x00,0x00,
  0x00,0x00,0x00,0x00,0x00,0x00,0x00,0x00,0x00,0x00,0x00,0x00,0x00,0x00,0x00,0x00,0x00,0x00,0x00,0x00,0x00,0x00,0x00,0x00,
  0x00,0x00,0x00,0x00,0x00,0x00,0x00,0x00,0x00,0x00,0x00,0x00,0x00,0x00,0x00,0x00,0x00,0x00,0x00,0x00,0x00,0x00,0x00,0x00,
  0x00,0x00,0x00,0x00,0x00,0x00,0x00,0x00,0x00,0x00,0x00,0x00,0x00,0x00,0x00,0x00,0x00,0x00,0x00,0x00,0x00,0x00,0x00,0x00,
  0x00,0x00,0x00,0x00,0x00,0x00,0x00,0x00,0x00,0x00,0x00,0x00,0x00,0x00,0x00,0x00,0x00,0x00,0x00,0x00,0x00,0x00,0x00,0x00,
  0x00,0x00,0x00,0x00,0x00,0x00,0x00,0x00,0x00,0x00,0x00,0x00,0x00,0x00,0x00,0x00,0x00,0x00,0x00,0x00,0x00,0x00,0x00,0x00,
  0x00,0x00,0x00,0x00,0x00,0x00,0x00,0x00,0x00,0x00,0x00,0x00,0x00,0x00,0x00,0x00,0x00,0x00,0x00,0x00,0x00,0x00,0x00,0x00,
  0x00,0x00,0x00,0x00,0x00,0x00,0x00,0x00,0x00,0x00,0x00,0x00,0x00,0x00,0x00,0x00,0x00,0x00,0x00,0x00,0x00,0x00,0x00,0x00,
  0x00,0x00,0x00,0x00,0x00,0x00,0x00,0x00,0x00,0x00,0x00,0x00,0x00,0x00,0x00,0x00,0x00,0x00,0x00,0x00,0x00,0x00,0x00,0x00,
  0x00,0x00,0x00,0x00,0x00,0x00,0x00,0x00,0x00,0x00,0x00,0x00,0x00,0x00,0x00,0x00,0x00,0x00,0x00,0x00,0x00,0x00,0x00,0x00,
  0x00,0x00,0x00,0x00,0x00,0x00,0x00,0x00,0x00,0x00,0x00,0x00,0x00,0x00,0x00,0x00,0x00,0x00,0x82,0x00,0xec,0x02,0xf5,0x04,
  0x57,0x05,0x57,0x05,0x37,0x05,0xb4,0x04,0xab,0x02,0xa3,0x00,0x00,0x00,0x00,0x00,0x00,0x00,0x00,0x00,0x00,0x00,0x00,0x00,
  0x00,0x00,0x00,0x00,0x00,0x00,0x00,0x00,0x00,0x00,0x00,0x00,0x00,0x00,0x00,0x00,0x00,0x00,0x00,0x00,0x00,0x00,0x00,0x00,
  0x00,0x00,0x00,0x00,0x00,0x00,0x00,0x00,0x00,0x00,0x00,0x00,0x00,0x00,0x00,0x00,0x00,0x00,0x00,0x00,0x00,0x00,0x00,0x00,
  0x00,0x00,0x00,0x00,0x00,0x00,0x00,0x00,0x00,0x00,0x00,0x00,0x00,0x00,0x00,0x00,0x00,0x00,0x00,0x00,0x00,0x00,0x00,0x00,
  0x00,0x00,0x00,0x00,0x00,0x00,0x00,0x00,0x00,0x00,0x00,0x00,0x00,0x00,0x00,0x00,0x00,0x00,0x00,0x00,0x00,0x00,0x00,0x00,
  0x00,0x00,0x00,0x00,0x00,0x00,0x00,0x00,0x00,0x00,0x00,0x00,0x00,0x00,0x00,0x00,0x00,0x00,0x00,0x00,0x00,0x00,0x00,0x00,
  0x00,0x00,0x00,0x00,0x00,0x00,0x00,0x00,0x00,0x00,0x00,0x00,0x00,0x00,0x00,0x00,0x00,0x00,0x00,0x00,0x00,0x00,0x00,0x00,
  0x00,0x00,0x00,0x00,0x00,0x00,0x00,0x00,0x00,0x00,0x00,0x00,0x00,0x00,0x00,0x00,0x00,0x00,0x00,0x00,0x00,0x00,0x00,0x00,
  0x00,0x00,0x00,0x00,0x00,0x00,0x00,0x00,0x00,0x00,0x00,0x00,0x00,0x00,0x00,0x00,0x00,0x00,0x00,0x00,0x00,0x00,0x00,0x00,
  0x00,0x00,0x00,0x00,0x00,0x00,0x00,0x00,0x00,0x00,0x00,0x00,0x00,0x00,0x00,0x00,0x00,0x00,0x00,0x00,0x00,0x00,0x00,0x00,
  0x00,0x00,0x00,0x00,0x00,0x00,0x00,0x00,0x00,0x00,0x00,0x00,0x00,0x00,0x00,0x00,0x00,0x00,0x00,0x00,0x00,0x00,0x00,0x00,
  0x00,0x00,0x00,0x00,0x00,0x00,0x00,0x00,0x00,0x00,0x00,0x00,0x00,0x00,0x00,0x00,0x00,0x00,0x00,0x00,0x00,0x00,0x00,0x00,
  0x00,0x00,0x00,0x00,0x00,0x00,0x00,0x00,0x00,0x00,0x00,0x00,0x00,0x00,0x00,0x00,0x00,0x00,0x00,0x00,0x00,0x00,0x00,0x00,
  0x00,0x00,0x00,0x00,0x00,0x00,0x00,0x00,0x00,0x00,0x00,0x00,0x00,0x00,0x00,0x00,0x00,0x00,0x00,0x00,0x00,0x00,0x00,0x00,
  0x00,0x00,0x00,0x00,0x00,0x00,0x00,0x00,0x00,0x00,0x00,0x00,0x00,0x00,0x00,0x00,0x00,0x00,0x00,0x00,0x00,0x00,0x00,0x00,
  0x00,0x00,0x00,0x00,0x00,0x00,0x00,0x00,0x00,0x00,0x00,0x00,0x00,0x00,0x00,0x00,0x00,0x00,0x00,0x00,0x00,0x00,0x00,0x00,
  0x00,0x00,0x00,0x00,0x00,0x00,0x00,0x00,0x00,0x00,0x00,0x00,0x00,0x00,0xc3,0x00,0x29,0x02,0x8b,0x02,0xc7,0x01,0xa3,0x00,
  0x00,0x00,0x00,0x00,0x00,0x00,0x00,0x00,0x00,0x00,0x00,0x00,0x00,0x00,0x00,0x00,0x00,0x00,0x00,0x00,0x00,0x00,0x00,0x00,
  0x00,0x00,0x00,0x00,0x00,0x00,0x00,0x00,0x00,0x00,0x00,0x00,0x00,0x00,0x00,0x00,0x00,0x00,0x00,0x00,0x00,0x00,0x00,0x00,
  0x00,0x00,0x00,0x00,0x00,0x00,0x00,0x00,0x00,0x00,0x00,0x00,0x00,0x00,0x00,0x00,0x00,0x00,0x00,0x00,0x00,0x00,0x00,0x00,
  0x00,0x00,0x00,0x00,0x00,0x00,0x00,0x00,0x00,0x00,0x00,0x00,0x00,0x00,0x00,0x00,0x00,0x00,0x00,0x00,0x00,0x00,0x00,0x00,
  0x00,0x00,0x00,0x00,0x00,0x00,0x00,0x00,0x00,0x00,0x00,0x00,0x00,0x00,0x00,0x00,0x00,0x00,0x00,0x00,0x00,0x00,0x00,0x00,
  0x00,0x00,0x00,0x00,0x00,0x00,0x00,0x00,0x00,0x00,0x00,0x00,0x00,0x00,0x00,0x00,0x00,0x00,0x00,0x00,0x00,0x00,0x00,0x00,
  0x00,0x00,0x00,0x00,0x00,0x00,0x00,0x00,0x00,0x00,0x00,0x00,0x00,0x00,0x00,0x00,0x00,0x00,0x00,0x00,0x00,0x00,0x00,0x00,
  0x00,0x00,0x00,0x00,0x00,0x00,0x00,0x00,0x00,0x00,0x00,0x00,0x00,0x00,0x00,0x00,0x00,0x00,0x00,0x00,0x00,0x00,0x00,0x00,
  0x00,0x00,0x00,0x00,0x00,0x00,0x00,0x00,0x00,0x00,0x00,0x00,0x00,0x00,0x00,0x00,0x00,0x00,0x00,0x00,0x00,0x00,0x00,0x00,
  0x00,0x00,0x00,0x00,0x00,0x00,0x00,0x00,0x00,0x00,0x00,0x00,0x00,0x00,0x00,0x00,0x00,0x00,0x00,0x00,0x00,0x00,0x00,0x00,
  0x00,0x00,0x00,0x00,0x00,0x00,0x00,0x00,0x00,0x00,0x00,0x00,0x00,0x00,0x00,0x00,0x00,0x00,0x00,0x00,0x00,0x00,0x00,0x00,
  0x00,0x00,0x00,0x00,0x00,0x00,0x00,0x00,0x00,0x00,0x00,0x00,0x00,0x00,0x00,0x00,0x00,0x00,0x00,0x00,0x00,0x00,0x00,0x00,
  0x00,0x00,0x00,0x00,0x00,0x00,0x00,0x00,0x00,0x00,0x00,0x00,0x00,0x00,0x00,0x00,0x00,0x00,0x00,0x00,0x00,0x00,0x00,0x00,
  0x00,0x00,0x00,0x00,0x00,0x00,0x00,0x00,0x00,0x00,0x00,0x00,0x00,0x00,0x00,0x00,0x00,0x00,0x00,0x00,0x00,0x00,0x00,0x00,
  0x00,0x00,0x00,0x00,0x00,0x00,0x00,0x00,0x00,0x00,0x00,0x00,0x00,0x00,0x00,0x00,0x00,0x00,0x00,0x00,0x00,0x00,0x00,0x00,
  0x00,0x00,0x00,0x00,0x00,0x00,0x00,0x00,0x00,0x00,0x00,0x00,0x00,0x00,0x00,0x00,0x00,0x00,0x00,0x00,0x00,0x00,0x00,0x00,
  0x00,0x00,0x00,0x00,0x00,0x00,0x00,0x00,0x00,0x00,0x00,0x00,0x00,0x00,0x00,0x00,0x00,0x00,0x00,0x00,0x00,0x00,0x00,0x00,
  0x00,0x00,0x00,0x00,0x00,0x00,0x00,0x00,0x00,0x00,0x00,0x00,0x00,0x00,0x00,0x00,0x00,0x00,0x00,0x00,0x00,0x00,0x00,0x00,
  0x00,0x00,0x00,0x00,0x00,0x00,0x00,0x00,0x00,0x00,0x00,0x00,0x00,0x00,0x00,0x00,0x00,0x00,0x00,0x00,0x00,0x00,0x00,0x00,
  0x00,0x00,0x00,0x00,0x00,0x00,0x00,0x00,0x00,0x00,0x00,0x00,0x00,0x00,0x00,0x00,0x00,0x00,0x00,0x00,0x00,0x00,0x00,0x00,
  0x00,0x00,0x00,0x00,0x00,0x00,0x00,0x00,0x00,0x00,0x00,0x00,0x00,0x00,0x00,0x00,0x00,0x00,0x00,0x00,0x00,0x00,0x00,0x00,
  0x00,0x00,0x00,0x00,0x00,0x00,0x00,0x00,0x00,0x00,0x00,0x00,0x00,0x00,0x00,0x00,0x00,0x00,0x00,0x00,0x00,0x00,0x00,0x00,
  0x00,0x00,0x00,0x00,0x00,0x00,0x00,0x00,0x00,0x00,0x00,0x00,0x00,0x00,0x00,0x00,0x00,0x00,0x00,0x00,0x00,0x00,0x00,0x00,
  0x00,0x00,0x00,0x00,0x00,0x00,0x00,0x00,0x00,0x00,0x00,0x00,0x00,0x00,0x00,0x00,0x00,0x00,0x00,0x00,0x00,0x00,0x00,0x00,
  0x00,0x00,0x00,0x00,0x00,0x00,0x00,0x00,0x00,0x00,0x00,0x00,0x00,0x00,0x00,0x00,0x00,0x00,0x00,0x00,0x00,0x00,0x00,0x00,
  0x00,0x00,0x00,0x00,0x00,0x00,0x00,0x00,0x00,0x00,0x00,0x00,0x00,0x00,0x00,0x00,0x00,0x00,0x00,0x00,0x00,0x00,0x00,0x00,
  0x00,0x00,0x00,0x00,0x00,0x00,0x00,0x00,0x00,0x00,0x00,0x00,0x00,0x00,0x00,0x00,0x00,0x00,0x00,0x00,0x00,0x00,0x00,0x00,
  0x00,0x00,0x00,0x00,0x00,0x00,0x00,0x00,0x00,0x00,0x00,0x00,0x00,0x00,0x00,0x00,0x00,0x00,0x00,0x00,0x00,0x00,0x00,0x00,
  0x00,0x00,0x00,0x00,0x00,0x00,0x00,0x00,0x00,0x00,0x00,0x00,0x00,0x00,0x00,0x00,0x00,0x00,0x00,0x00,0x00,0x00,0x00,0x00,
  0x00,0x00,0x00,0x00,0x00,0x00,0x00,0x00,0x00,0x00,0x00,0x00,0x00,0x00,0x00,0x00,0x00,0x00,0x00,0x00,0x00,0x00,0x00,0x00,
  0x00,0x00,0x00,0x00,0x00,0x00,0x00,0x00,0x00,0x00,0x00,0x00,0x00,0x00,0x00,0x00,0x00,0x00,0x00,0x00,0x00,0x00,0x00,0x00,
  0x00,0x00,0x00,0x00,0x00,0x00,0x00,0x00,0x00,0x00,0x00,0x00,0x00,0x00,0x00,0x00,0x00,0x00,0x00,0x00,0x00,0x00,0x00,0x00,
  0x00,0x00,0x00,0x00,0x00,0x00,0x00,0x00,0x00,0x00,0x00,0x00,0x00,0x00,0x00,0x00,0x00,0x00,0x00,0x00,0x00,0x00,0x00,0x00,
  0x00,0x00,0x00,0x00,0x00,0x00,0x00,0x00,0x00,0x00,0x00,0x00,0x00,0x00,0x00,0x00,0x00,0x00,0x00,0x00,0x00,0x00,0x00,0x00,
  0x00,0x00,0x00,0x00,0x00,0x00,0x00,0x00,0x00,0x00,0x00,0x00,0x00,0x00,0x00,0x00,0x00,0x00,0x00,0x00,0x00,0x00,0x00,0x00,
  0x00,0x00,0x00,0x00,0x00,0x00,0x00,0x00,0x00,0x00,0x00,0x00,0x00,0x00,0x00,0x00,0x00,0x00,0x00,0x00,0x00,0x00,0x00,0x00,
  0x00,0x00,0x00,0x00,0x00,0x00,0x00,0x00,0x00,0x00,0x00,0x00,0x00,0x00,0x00,0x00,0x00,0x00,0x00,0x00,0x00,0x00,0x00,0x00,
  0x00,0x00,0x00,0x00,0x00,0x00,0x00,0x00,0x00,0x00,0x00,0x00,0x00,0x00,0x00,0x00,0x00,0x00,0x00,0x00,0x00,0x00,0x00,0x00,
  0x00,0x00,0x00,0x00,0x00,0x00,0x00,0x00,0x00,0x00,0x00,0x00,0x00,0x00,0x00,0x00,0x00,0x00,0x00,0x00,0x00,0x00,0x00,0x00,
  0x00,0x00,0x00,0x00,0x00,0x00,0x00,0x00,0x00,0x00,0x00,0x00,0x00,0x00,0x00,0x00,0x00,0x00,0x00,0x00,0x00,0x00,0x00,0x00,
  0x00,0x00,0x00,0x00,0x00,0x00,0x00,0x00,0x00,0x00,0x00,0x00,0x00,0x00,0x00,0x00,0x00,0x00,0x00,0x00,0x00,0x00,0x00,0x00,
  0x00,0x00,0x00,0x00,0x00,0x00,0x00,0x00,0x00,0x00,0x00,0x00,0x00,0x00,0x00,0x00,0x00,0x00,0x00,0x00,0x00,0x00,0x00,0x00,
  0x00,0x00,0x00,0x00,0x00,0x00,0x00,0x00,0x00,0x00,0x00,0x00,0x00,0x00,0x00,0x00,0x00,0x00,0x00,0x00,0x00,0x00,0x00,0x00,
  0x00,0x00,0x00,0x00,0x00,0x00,0x00,0x00,0x00,0x00,0x00,0x00,0x00,0x00,0x00,0x00,0x00,0x00,0x00,0x00,0x00,0x00,0x00,0x00,
  0x00,0x00,0x00,0x00,0x00,0x00,0x00,0x00,0x00,0x00,0x00,0x00,0x00,0x00,0x00,0x00,0x00,0x00,0x00,0x00,0x00,0x00,0x00,0x00,
  0x00,0x00,0x00,0x00,0x00,0x00,0x00,0x00,0x00,0x00,0x00,0x00,0x00,0x00,0x00,0x00,0x00,0x00,0x00,0x00,0x00,0x00,0x00,0x00,
  0x00,0x00,0x00,0x00,0x00,0x00,0x00,0x00,0x00,0x00,0x00,0x00,0x00,0x00,0x00,0x00,0x00,0x00,0x00,0x00,0x00,0x00,0x00,0x00,
  0x00,0x00,0x00,0x00,0x00,0x00,0x00,0x00,0x00,0x00,0x00,0x00,0x00,0x00,0x00,0x00,0x00,0x00,0x00,0x00,0x00,0x00,0x00,0x00,
  0x00,0x00,0x00,0x00,0x00,0x00,0x00,0x00,0x00,0x00,0x00,0x00,0x00,0x00,0x00,0x00,0x00,0x00,0x00,0x00,0x00,0x00,0x00,0x00,
  0x00,0x00,0x00,0x00,0x00,0x00,0x00,0x00,0x00,0x00,0x00,0x00,0x00,0x00,0x00,0x00,0x00,0x00,0x00,0x00,0x00,0x00,0x00,0x00,
  0x00,0x00,0x00,0x00,0x00,0x00,0x00,0x00,0x00,0x00,0x00,0x00,0x00,0x00,0x00,0x00,0x00,0x00,0x00,0x00,0x00,0x00,0x00,0x00,
  0x00,0x00,0x00,0x00,0x00,0x00,0x00,0x00,0x00,0x00,0x00,0x00,0x00,0x00,0x00,0x00,0x00,0x00,0x00,0x00,0x00,0x00,0x00,0x00,
  0x00,0x00,0x00,0x00,0x00,0x00,0x00,0x00,0x00,0x00,0x00,0x00,0x00,0x00,0x00,0x00,0x00,0x00,0x00,0x00,0x00,0x00,0x00,0x00,
  0x00,0x00,0x00,0x00,0x00,0x00,0x00,0x00,0x00,0x00,0x00,0x00,0x00,0x00,0x00,0x00,0x00,0x00,0x00,0x00,0x00,0x00,0x00,0x00,
  0x00,0x00,0x00,0x00,0x00,0x00,0x00,0x00,0x00,0x00,0x00,0x00,0x00,0x00,0x00,0x00,0x00,0x00,0x00,0x00,0x00,0x00,0x00,0x00,
  0x00,0x00,0x00,0x00,0x00,0x00,0x00,0x00,0x00,0x00,0x00,0x00,0x00,0x00,0x00,0x00,0x00,0x00,0x00,0x00,0x00,0x00,0x00,0x00,
  0x00,0x00,0x00,0x00,0x00,0x00,0x00,0x00,0x00,0x00,0x00,0x00,0x00,0x00,0x00,0x00,0x00,0x00,0x00,0x00,0x00,0x00,0x00,0x00,
  0x00,0x00,0x00,0x00,0x00,0x00,0x00,0x00,0x00,0x00,0x00,0x00,0x00,0x00,0x00,0x00,0x00,0x00,0x00,0x00,0x00,0x00,0x00,0x00,
  0x00,0x00,0x00,0x00,0x00,0x00,0x00,0x00,0x00,0x00,0x00,0x00,0x00,0x00,0x00,0x00,0x00,0x00,0x00,0x00,0x00,0x00,0x00,0x00,
  0x00,0x00,0x00,0x00,0x00,0x00,0x00,0x00,0x00,0x00,0x00,0x00,0x00,0x00,0x00,0x00,0x00,0x00,0x00,0x00,0x00,0x00,0x00,0x00,
  0x00,0x00,0x00,0x00,0x00,0x00,0x00,0x00,0x00,0x00,0x00,0x00,0x00,0x00,0x00,0x00,0x00,0x00,0x00,0x00,0x00,0x00,0x00,0x00,
  0x00,0x00,0x00,0x00,0x00,0x00,0x00,0x00,0x00,0x00,0x00,0x00,0x00,0x00,0x00,0x00,0x00,0x00,0x00,0x00,0x00,0x00,0x00,0x00,
  0x00,0x00,0x00,0x00,0x00,0x00,0x00,0x00,0x00,0x00,0x00,0x00,0x00,0x00,0x00,0x00,0x00,0x00,0x00,0x00,0x00,0x00,0x00,0x00,
  0x00,0x00,0x00,0x00,0x00,0x00,0x00,0x00,0x00,0x00,0x00,0x00,0x00,0x00,0x00,0x00,0x00,0x00,0x00,0x00,0x00,0x00,0x00,0x00,
  0x00,0x00,0x00,0x00,0x00,0x00,0x00,0x00,0x00,0x00,0x00,0x00,0x00,0x00,0x00,0x00,0x00,0x00,0x00,0x00,0x00,0x00,0x00,0x00,
  0x00,0x00,0x00,0x00,0x00,0x00,0x00,0x00,0x00,0x00,0x00,0x00,0x00,0x00,0x00,0x00,0x00,0x00,0x00,0x00,0x00,0x00,0x00,0x00,
  0x00,0x00,0x00,0x00,0x00,0x00,0x00,0x00,0x00,0x00,0x00,0x00,0x00,0x00,0x00,0x00,0x00,0x00,0x00,0x00,0x00,0x00,0x00,0x00,
  0x00,0x00,0x00,0x00,0x00,0x00,0x00,0x00,0x00,0x00,0x00,0x00,0x00,0x00,0x00,0x00,0x00,0x00,0x00,0x00,0x00,0x00,0x00,0x00,
  0x00,0x00,0x00,0x00,0x00,0x00,0x00,0x00,0x00,0x00,0x00,0x00,0x00,0x00,0x00,0x00,0x00,0x00,0x00,0x00,0x00,0x00,0x00,0x00,
  0x00,0x00,0x00,0x00,0x00,0x00,0x00,0x00,0x00,0x00,0x00,0x00,0x00,0x00,0x00,0x00,0x00,0x00,0x00,0x00,0x00,0x00,0x00,0x00,
  0x00,0x00,0x00,0x00,0x00,0x00,0x00,0x00,0x00,0x00,0x00,0x00,0x00,0x00,0x00,0x00,0x00,0x00,0x00,0x00,0x00,0x00,0x00,0x00,
  0x00,0x00,0x00,0x00,0x00,0x00,0x00,0x00,0x00,0x00,0x00,0x00,0x00,0x00,0x00,0x00,0x00,0x00,0x00,0x00,0x00,0x00,0x00,0x00,
  0x00,0x00,0x00,0x00,0x00,0x00,0x00,0x00,0x00,0x00,0x00,0x00,0x00,0x00,0x00,0x00,0x00,0x00,0x00,0x00,0x00,0x00,0x00,0x00,
  0x00,0x00,0x00,0x00,0x00,0x00,0x00,0x00,0x00,0x00,0x00,0x00,0x00,0x00,0x00,0x00,0x00,0x00,0x00,0x00,0x00,0x00,0x00,0x00,
  0x00,0x00,0x00,0x00,0x00,0x00,0x00,0x00,0x00,0x00,0x00,0x00,0x00,0x00,0x00,0x00,0x00,0x00,0x00,0x00,0x00,0x00,0x00,0x00,
  0x00,0x00,0x00,0x00,0x00,0x00,0x00,0x00,0x00,0x00,0x00,0x00,0x00,0x00,0x00,0x00,0x00,0x00,0x00,0x00,0x00,0x00,0x00,0x00,
  0x00,0x00,0x00,0x00,0x00,0x00,0x00,0x00,0x00,0x00,0x00,0x00,0x00,0x00,0x00,0x00,0x00,0x00,0x00,0x00,0x00,0x00,0x00,0x00,
  0x00,0x00,0x00,0x00,0x00,0x00,0x00,0x00,0x00,0x00,0x00,0x00,0x00,0x00,0x00,0x00,0x00,0x00,0x00,0x00,0x00,0x00,0x00,0x00,
  0x00,0x00,0x00,0x00,0x00,0x00,0x00,0x00,0x00,0x00,0x00,0x00,0x00,0x00,0x00,0x00,0x00,0x00,0x00,0x00,0x00,0x00,0x00,0x00,
  0x00,0x00,0x00,0x00,0x00,0x00,0x00,0x00,0x00,0x00,0x00,0x00,0x00,0x00,0x00,0x00,0x00,0x00,0x00,0x00,0x00,0x00,0x00,0x00,
  0x00,0x00,0x00,0x00,0x00,0x00,0x00,0x00,0x00,0x00,0x00,0x00,0x00,0x00,0x00,0x00,0x00,0x00,0x00,0x00,0x00,0x00,0x00,0x00,
  0x00,0x00,0x00,0x00,0x00,0x00,0x00,0x00,0x00,0x00,0x00,0x00,0x00,0x00,0x00,0x00,0x00,0x00,0x00,0x00,0x00,0x00,0x00,0x00,
  0x00,0x00,0x00,0x00,0x00,0x00,0x00,0x00,0x00,0x00,0x00,0x00,0x00,0x00,0x00,0x00,0x00,0x00,0x00,0x00,0x00,0x00,0x00,0x00,
  0x00,0x00,0x00,0x00,0x00,0x00,0x00,0x00,0x00,0x00,0x00,0x00,0x00,0x00,0x00,0x00,0x00,0x00,0x00,0x00,0x00,0x00,0x00,0x00,
  0x00,0x00,0x00,0x00,0x00,0x00,0x00,0x00,0x00,0x00,0x00,0x00,0x00,0x00,0x00,0x00,0x00,0x00,0x00,0x00,0x00,0x00,0x00,0x00,
  0x00,0x00,0x00,0x00,0x00,0x00,0x00,0x00,0x00,0x00,0x00,0x00,0x00,0x00,0x00,0x00,0x00,0x00,0x00,0x00,0x00,0x00,0x00,0x00,
  0x00,0x00,0x00,0x00,0x00,0x00,0x00,0x00,0x00,0x00,0x00,0x00,0x00,0x00,0x00,0x00,0x00,0x00,0x00,0x00,0x00,0x00,0x00,0x00,
  0x00,0x00,0x00,0x00,0x00,0x00,0x00,0x00,0x00,0x00,0x00,0x00,0x00,0x00,0x00,0x00,0x00,0x00,0x00,0x00,0x00,0x00,0x00,0x00,
  0x00,0x00,0x00,0x00,0x00,0x00,0x00,0x00,0x00,0x00,0x00,0x00,0x00,0x00,0x00,0x00,0x00,0x00,0x00,0x00,0x00,0x00,0x00,0x00,
  0x00,0x00,0x00,0x00,0x00,0x00,0x00,0x00,0x00,0x00,0x00,0x00,0x00,0x00,0x00,0x00,0x00,0x00,0x00,0x00,0x00,0x00,0x00,0x00,
  0x00,0x00,0x00,0x00,0x00,0x00,0x00,0x00,0x00,0x00,0x00,0x00,0x00,0x00,0x00,0x00,0x00,0x00,0x00,0x00,0x00,0x00,0x00,0x00,
  0x00,0x00,0x00,0x00,0x00,0x00,0x00,0x00,0x00,0x00,0x00,0x00,0x00,0x00,0x00,0x00,0x00,0x00,0x00,0x00,0x00,0x00,0x00,0x00,
  0x00,0x00,0x00,0x00,0x00,0x00,0x00,0x00,0x00,0x00,0x00,0x00,0x00,0x00,0x00,0x00,0x00,0x00,0x00,0x00,0x00,0x00,0x00,0x00,
  0x00,0x00,0x00,0x00,0x00,0x00,0x00,0x00,0x00,0x00,0x00,0x00,0x00,0x00,0x00,0x00,0x00,0x00,0x00,0x00,0x00,0x00,0x00,0x00,
  0x00,0x00,0x00,0x00,0x00,0x00,0x00,0x00,0x00,0x00,0x00,0x00,0x00,0x00,0x00,0x00,0x00,0x00,0x00,0x00,0x00,0x00,0x00,0x00,
  0x00,0x00,0x00,0x00,0x00,0x00,0x00,0x00,0x00,0x00,0x00,0x00,0x00,0x00,0x00,0x00,0x00,0x00,0x00,0x00,0x00,0x00,0x00,0x00,
  0x00,0x00,0x00,0x00,0x00,0x00,0x00,0x00,0x00,0x00,0x00,0x00,0x00,0x00,0x00,0x00,0x00,0x00,0x00,0x00,0x00,0x00,0x00,0x00,
  0x00,0x00,0x00,0x00,0x00,0x00,0x00,0x00,0x00,0x00,0x00,0x00,0x00,0x00,0x00,0x00,0x00,0x00,0x00,0x00,0x00,0x00,0x00,0x00,
  0x00,0x00,0x00,0x00,0x00,0x00,0x00,0x00,0x00,0x00,0x00,0x00,0x00,0x00,0x00,0x00,0x00,0x00,0x00,0x00,0x00,0x00,0x00,0x00,
  0x00,0x00,0x00,0x00,0x00,0x00,0x00,0x00,0x00,0x00,0x00,0x00,0x00,0x00,0x00,0x00,0x00,0x00,0x00,0x00,0x00,0x00,0x00,0x00,
  0x00,0x00,0x00,0x00,0x00,0x00,0x00,0x00,0x00,0x00,0x00,0x00,0x00,0x00,0x00,0x00,0x00,0x00,0x00,0x00,0x00,0x00,0x00,0x00,
  0x00,0x00,0x00,0x00,0x00,0x00,0x00,0x00,0x00,0x00,0x00,0x00,0x00,0x00,0x00,0x00,0x00,0x00,0x00,0x00,0x00,0x00,0x00,0x00,
  0x00,0x00,0x00,0x00,0x00,0x00,0x00,0x00,0x00,0x00,0x00,0x00,0x00,0x00,0x00,0x00,0x00,0x00,0x00,0x00,0x00,0x00,0x00,0x00,
  0x00,0x00,0x00,0x00,0x00,0x00,0x00,0x00,0x00,0x00,0x00,0x00,0x00,0x00,0x00,0x00,0x00,0x00,0x00,0x00,0x00,0x00,0x00,0x00,
  0x00,0x00,0x00,0x00,0x00,0x00,0x00,0x00,0x00,0x00,0x00,0x00,0x00,0x00,0x00,0x00,0x00,0x00,0x00,0x00,0x00,0x00,0x00,0x00,
  0x00,0x00,0x00,0x00,0x00,0x00,0x00,0x00,0x00,0x00,0x00,0x00,0x00,0x00,0x00,0x00,0x00,0x00,0x00,0x00,0x00,0x00,0x00,0x00,
  0x00,0x00,0x00,0x00,0x00,0x00,0x00,0x00,0x00,0x00,0x00,0x00,0x00,0x00,0x00,0x00,0x00,0x00,0x00,0x00,0x00,0x00,0x00,0x00,
  0x00,0x00,0x00,0x00,0x00,0x00,0x00,0x00,0x00,0x00,0x00,0x00,0x00,0x00,0x00,0x00,0x00,0x00,0x00,0x00,0x00,0x00,0x00,0x00,
  0x00,0x00,0x00,0x00,0x00,0x00,0x00,0x00,0x00,0x00,0x00,0x00,0x00,0x00,0x00,0x00,0x00,0x00,0x00,0x00,0x00,0x00,0x00,0x00,
  0x00,0x00,0x00,0x00,0x00,0x00,0x00,0x00,0x00,0x00,0x00,0x00,0x00,0x00,0x00,0x00,0x00,0x00,0x00,0x00,0x00,0x00,0x00,0x00,
  0x00,0x00,0x00,0x00,0x00,0x00,0x00,0x00,0x00,0x00,0x00,0x00,0x00,0x00,0x00,0x00,0x00,0x00,0x00,0x00,0x00,0x00,0x00,0x00,
  0x00,0x00,0x00,0x00,0x00,0x00,0x00,0x00,0x00,0x00,0x00,0x00,0x00,0x00,0x00,0x00,0x00,0x00,0x00,0x00,0x00,0x00,0x00,0x00,
  0x00,0x00,0x00,0x00,0x00,0x00,0x00,0x00,0x00,0x00,0x00,0x00,0x00,0x00,0x00,0x00,0x00,0x00,0x00,0x00,0x00,0x00,0x00,0x00,
  0x00,0x00,0x00,0x00,0x00,0x00,0x00,0x00,0x00,0x00,0x00,0x00,0x00,0x00,0x00,0x00,0x00,0x00,0x00,0x00,0x00,0x00,0x00,0x00,
  0x00,0x00,0x00,0x00,0x00,0x00,0x00,0x00,0x00,0x00,0x00,0x00,0x00,0x00,0x00,0x00,0x00,0x00,0x00,0x00,0x00,0x00,0x00,0x00,
  0x00,0x00,0x00,0x00,0x00,0x00,0x00,0x00,0x00,0x00,0x00,0x00,0x00,0x00,0x00,0x00,0x00,0x00,0x00,0x00,0x00,0x00,0x00,0x00,
  0x00,0x00,0x00,0x00,0x00,0x00,0x00,0x00,0x00,0x00,0x00,0x00,0x00,0x00,0x00,0x00,0x00,0x00,0x00,0x00,0x00,0x00,0x00,0x00,
  0x00,0x00,0x00,0x00,0x00,0x00,0x00,0x00,0x00,0x00,0x00,0x00,0x00,0x00,0x00,0x00,0x00,0x00,0x00,0x00,0x00,0x00,0x00,0x00,
  0x00,0x00,0x00,0x00,0x00,0x00,0x00,0x00,0x00,0x00,0x00,0x00,0x00,0x00,0x00,0x00,0x00,0x00,0x00,0x00,0x00,0x00,0x00,0x00,
  0x00,0x00,0x00,0x00,0x00,0x00,0x00,0x00,0x00,0x00,0x00,0x00,0x00,0x00,0x00,0x00,0x00,0x00,0x00,0x00,0x00,0x00,0x00,0x00,
  0x00,0x00,0x00,0x00,0x00,0x00,0x00,0x00,0x00,0x00,0x00,0x00,0x00,0x00,0x00,0x00,0x00,0x00,0x00,0x00,0x00,0x00,0x00,0x00,
  0x00,0x00,0x00,0x00,0x00,0x00,0x00,0x00,0x00,0x00,0x00,0x00,0x00,0x00,0x00,0x00,0x00,0x00,0x00,0x00,0x00,0x00,0x00,0x00,
  0x00,0x00,0x00,0x00,0x00,0x00,0x00,0x00,0x00,0x00,0x00,0x00,0x00,0x00,0x00,0x00,0x00,0x00,0x00,0x00,0x00,0x00,0x00,0x00,
  0x00,0x00,0x00,0x00,0x00,0x00,0x00,0x00,0x00,0x00,0x00,0x00,0x00,0x00,0x00,0x00,0x00,0x00,0x00,0x00,0x00,0x00,0x00,0x00,
  0x00,0x00,0x00,0x00,0x00,0x00,0x00,0x00,0x00,0x00,0x00,0x00,0x00,0x00,0x00,0x00,0x00,0x00,0x00,0x00,0x00,0x00,0x00,0x00,
  0x00,0x00,0x00,0x00,0x00,0x00,0x00,0x00,0x00,0x00,0x00,0x00,0x00,0x00,0x00,0x00,0x00,0x00,0x00,0x00,0x00,0x00,0x00,0x00,
  0x00,0x00,0x00,0x00,0x00,0x00,0x00,0x00,0x00,0x00,0x00,0x00,0x00,0x00,0x00,0x00,0x00,0x00,0x00,0x00,0x00,0x00,0x00,0x00,
  0x00,0x00,0x00,0x00,0x00,0x00,0x00,0x00,0x00,0x00,0x00,0x00,0x00,0x00,0x00,0x00,0x00,0x00,0x00,0x00,0x00,0x00,0x00,0x00,
  0x00,0x00,0x00,0x00,0x00,0x00,0x00,0x00,0x00,0x00,0x00,0x00,0x00,0x00,0x00,0x00,0x00,0x00,0x00,0x00,0x00,0x00,0x00,0x00,
  0x00,0x00,0x00,0x00,0x00,0x00,0x00,0x00,0x00,0x00,0x00,0x00,0x00,0x00,0x00,0x00,0x00,0x00,0x00,0x00,0x00,0x00,0x00,0x00,
  0x00,0x00,0x00,0x00,0x00,0x00,0x00,0x00,0x00,0x00,0x00,0x00,0x00,0x00,0x00,0x00,0x00,0x00,0x00,0x00,0x00,0x00,0x00,0x00,
  0x00,0x00,0x00,0x00,0x00,0x00,0x00,0x00,0x00,0x00,0x00,0x00,0x00,0x00,0x00,0x00,0x00,0x00,0x00,0x00,0x00,0x00,0x00,0x00,
  0x00,0x00,0x00,0x00,0x00,0x00,0x00,0x00,0x00,0x00,0x00,0x00,0x00,0x00,0x00,0x00,0x00,0x00,0x00,0x00,0x00,0x00,0x00,0x00,
  0x00,0x00,0x00,0x00,0x00,0x00,0x00,0x00,0x00,0x00,0x00,0x00,0x00,0x00,0x00,0x00,0x00,0x00,0x00,0x00,0x00,0x00,0x00,0x00,
  0x00,0x00,0x00,0x00,0x00,0x00,0x00,0x00,0x00,0x00,0x00,0x00,0x00,0x00,0x00,0x00,0x00,0x00,0x00,0x00,0x00,0x00,0x00,0x00,
  0x00,0x00,0x00,0x00,0x00,0x00,0x00,0x00,0x00,0x00,0x00,0x00,0x00,0x00,0x00,0x00,0x00,0x00,0x00,0x00,0x00,0x00,0x00,0x00,
  0x00,0x00,0x00,0x00,0x00,0x00,0x00,0x00,0x00,0x00,0x00,0x00,0x00,0x00,0x00,0x00,0x00,0x00,0x00,0x00,0x00,0x00,0x00,0x00,
  0x00,0x00,0x00,0x00,0x00,0x00,0x00,0x00,0x00,0x00,0x00,0x00,0x00,0x00,0x00,0x00,0x00,0x00,0x00,0x00,0x00,0x00,0x00,0x00,
  0x00,0x00,0x00,0x00,0x00,0x00,0x00,0x00,0x00,0x00,0x00,0x00,0x00,0x00,0x00,0x00,0x00,0x00,0x00,0x00,0x00,0x00,0x00,0x00,
  0x00,0x00,0x00,0x00,0x00,0x00,0x00,0x00,0x00,0x00,0x00,0x00,0x00,0x00,0x00,0x00,0x00,0x00,0x00,0x00,0x00,0x00,0x00,0x00,
  0x00,0x00,0x00,0x00,0x00,0x00,0x00,0x00,0x00,0x00,0x00,0x00,0x00,0x00,0x00,0x00,0x00,0x00,0x00,0x00,0x00,0x00,0x00,0x00,
  0x00,0x00,0x00,0x00,0x00,0x00,0x00,0x00,
};

extern const lv_image_dsc_t defcon_img;
const lv_image_dsc_t defcon_img = {
  { LV_IMAGE_HEADER_MAGIC, LV_COLOR_FORMAT_RGB565, 0, 200, 200, 400, 0 },
  80000,
  defcon_map,
  NULL,
  NULL,
};
